source_file,account_path,name,enabled,type,action,target_folder,condition,conditions_count,fields,operators
C:\Users\gines\AppData\Roaming\Thunderbird\Profiles\i2blparj.default\ImapMail\imap.serviciodecorreo.es\msgFilterRules.dat,ImapMail/imap.serviciodecorreo.es,Remitente es: facturas@borgandbeck.com,yes,273,Move to folder,INBOX/BORG &- BECK,"OR (from,is,facturas@borgandbeck.com) OR (from,contains,@borgandbeck.com)",2,from,contains;is
C:\Users\gines\AppData\Roaming\Thunderbird\Profiles\i2blparj.default\Mail\Local Folders\msgFilterRules.dat,Mail/Local Folders,Asunto contiene: INFORMACION NUEVA ENTRADA DE ALMACEN NEUMATICOS,yes,145,Move to folder,Trash,"AND (subject,contains,INFORMACION NUEVA ENTRADA DE ALMACEN NEUMATICOS)",1,subject,contains
C:\Users\gines\AppData\Roaming\Thunderbird\Profiles\i2blparj.default\Mail\Local Folders\msgFilterRules.dat,Mail/Local Folders,Remitente es: contabilidad2@localizadorsherlog.es,yes,17,Move to folder,LOCALIZADOR,"AND (from,is,contabilidad2@localizadorsherlog.es)",1,from,is
C:\Users\gines\AppData\Roaming\Thunderbird\Profiles\i2blparj.default\Mail\Local Folders\msgFilterRules.dat,Mail/Local Folders,Remitente es: pili@skrit.es,yes,17,Move to folder,SKRIT INFORMATICA,"AND (from,ends with,@skrit.es)",1,from,ends with
C:\Users\gines\AppData\Roaming\Thunderbird\Profiles\i2blparj.default\Mail\mail.gira.net\msgFilterRules.dat,Mail/mail.gira.net,Remitente contiene: @verasur.es,yes,273,Move to folder,VERASUR,"OR (from,contains,@verasur.es)",1,from,contains
C:\Users\gines\AppData\Roaming\Thunderbird\Profiles\i2blparj.default\Mail\mail.gira.net\msgFilterRules.dat,Mail/mail.gira.net,Remitente es: administracion@repuestosvicente.es,yes,273,Move to folder,REPUESTOS VICENTE,"OR (from,is,administracion@repuestosvicente.es)",1,from,is
C:\Users\gines\AppData\Roaming\Thunderbird\Profiles\i2blparj.default\Mail\mail.gira.net\msgFilterRules.dat,Mail/mail.gira.net,Remitente es: interjun@interjun.com,yes,273,Move to folder,INTERNACIONAL DE JUNTAS,"AND (from,is,interjun@interjun.com)",1,from,is
C:\Users\gines\AppData\Roaming\Thunderbird\Profiles\i2blparj.default\Mail\mail.gira.net\msgFilterRules.dat,Mail/mail.gira.net,Remitente es: info@a92parts.es,yes,17,Move to folder,A92 PARTS,"OR (from,is,info@a92parts.es) OR (from,contains,a92parts.es)",2,from,contains;is
C:\Users\gines\AppData\Roaming\Thunderbird\Profiles\i2blparj.default\Mail\mail.gira.net\msgFilterRules.dat,Mail/mail.gira.net,Remitente es: arspj@ficosa.com,yes,273,Move to folder,SPJ0f44851e,"AND (from,is,arspj@ficosa.com)",1,from,is
C:\Users\gines\AppData\Roaming\Thunderbird\Profiles\i2blparj.default\Mail\mail.gira.net\msgFilterRules.dat,Mail/mail.gira.net,Remitente es: dmunilla@snovit.eu,yes,273,Copy to folder,COMERCIAL JOPE,"OR (from,is,dmunilla@snovit.eu) OR (from,is,@snovit.eu)",2,from,is
C:\Users\gines\AppData\Roaming\Thunderbird\Profiles\i2blparj.default\Mail\mail.gira.net\msgFilterRules.dat,Mail/mail.gira.net,Remitente es: jcentano@vermaat.es,yes,273,Move to folder,VERMAT,"OR (from,is,jcentano@vermaat.es) OR (from,is,@vermaat.es)",2,from,is
C:\Users\gines\AppData\Roaming\Thunderbird\Profiles\i2blparj.default\Mail\mail.gira.net\msgFilterRules.dat,Mail/mail.gira.net,Remitente es: ventas5@3rgindustrial.com,yes,273,Move to folder,3RG,"OR (from,is,ventas5@3rgindustrial.com) OR (from,is,@3rgindustrial.com)",2,from,is
C:\Users\gines\AppData\Roaming\Thunderbird\Profiles\i2blparj.default\Mail\mail.gira.net\msgFilterRules.dat,Mail/mail.gira.net,Remitente es: redd@redd.es,yes,17,Move to folder,REDD PARTS,"OR (from,is,redd@redd.es) OR (from,contains,@redd.es)",2,from,contains;is
C:\Users\gines\AppData\Roaming\Thunderbird\Profiles\i2blparj.default\Mail\mail.gira.net\msgFilterRules.dat,Mail/mail.gira.net,Remitente es: pedidos@auto-eco.es,yes,273,Move to folder,AUXOL,"OR (from,is,pedidos@auto-eco.es) OR (from,contains,@auto-eco.es)",2,from,contains;is
C:\Users\gines\AppData\Roaming\Thunderbird\Profiles\i2blparj.default\Mail\mail.gira.net\msgFilterRules.dat,Mail/mail.gira.net,Remitente es: pedidos@utsch.es,yes,273,Move to folder,UTSCH ESPAÑA,"AND (from,is,pedidos@utsch.es)",1,from,is
C:\Users\gines\AppData\Roaming\Thunderbird\Profiles\i2blparj.default\Mail\mail.gira.net\msgFilterRules.dat,Mail/mail.gira.net,Remitente es: gomezmotortaller@gmail.com,yes,273,Move to folder,GOMEZ MOTOR,"AND (from,is,gomezmotortaller@gmail.com)",1,from,is
C:\Users\gines\AppData\Roaming\Thunderbird\Profiles\i2blparj.default\Mail\mail.gira.net\msgFilterRules.dat,Mail/mail.gira.net,Remitente es: administracion@repuestoshubri.com,yes,17,Move to folder,REPUESTOS HUBRI,"OR (from,is,administracion@repuestoshubri.com) OR (from,contains,@repuestoshubri.com)",2,from,contains;is
C:\Users\gines\AppData\Roaming\Thunderbird\Profiles\i2blparj.default\Mail\mail.gira.net\msgFilterRules.dat,Mail/mail.gira.net,Remitente es: no-reply@contabo.com,yes,273,Move to folder,CONTABO,"OR (from,is,no-reply@contabo.com) OR (from,contains,@contabo.com) OR (from,contains,contabo.com)",3,from,contains;is
C:\Users\gines\AppData\Roaming\Thunderbird\Profiles\i2blparj.default\Mail\mail.gira.net\msgFilterRules.dat,Mail/mail.gira.net,Remitente es: administracion@ferve.com,yes,273,Move to folder,FERVE,"OR (from,is,administracion@ferve.com) OR (from,contains,@ferve.com)",2,from,contains;is
C:\Users\gines\AppData\Roaming\Thunderbird\Profiles\i2blparj.default\Mail\mail.gira.net\msgFilterRules.dat,Mail/mail.gira.net,Remitente es: facturacion@frain.es,yes,273,Move to folder,RECAMBIOS FRAIN,"OR (from,is,facturacion@frain.es) OR (from,contains,@frain.es)",2,from,contains;is
C:\Users\gines\AppData\Roaming\Thunderbird\Profiles\i2blparj.default\Mail\mail.gira.net\msgFilterRules.dat,Mail/mail.gira.net,Remitente es: noreply@gruposoledad.net,yes,17,Move to folder,NEUMATICOS SOLEDAD,"OR (from,is,noreply@gruposoledad.net) OR (from,contains,@gruposoledad.net)",2,from,contains;is
C:\Users\gines\AppData\Roaming\Thunderbird\Profiles\i2blparj.default\Mail\mail.gira.net\msgFilterRules.dat,Mail/mail.gira.net,Remitente es: alba.martin@itwaam.com,yes,273,Move to folder,KRAFT,"OR (from,is,alba.martin@itwaam.com) OR (from,contains,@itwaam.com)",2,from,contains;is
C:\Users\gines\AppData\Roaming\Thunderbird\Profiles\i2blparj.default\Mail\mail.gira.net\msgFilterRules.dat,Mail/mail.gira.net,Remitente es: facturas@lavozdealmeria.com,yes,273,Move to folder,LA VOZ DE ALMERIA,"OR (from,is,facturas@lavozdealmeria.com) OR (from,contains,@lavozdealmeria.com)",2,from,contains;is
C:\Users\gines\AppData\Roaming\Thunderbird\Profiles\i2blparj.default\Mail\mail.gira.net\msgFilterRules.dat,Mail/mail.gira.net,Remitente es: info@instelnet.com,yes,273,Move to folder,INSTELNET,"OR (from,is,info@instelnet.com) OR (from,contains,@instelnet.com)",2,from,contains;is
C:\Users\gines\AppData\Roaming\Thunderbird\Profiles\i2blparj.default\Mail\mail.gira.net\msgFilterRules.dat,Mail/mail.gira.net,Remitente es: info@corghi.es,yes,273,Move to folder,CORGHI,"AND (from,is,info@corghi.es)",1,from,is
C:\Users\gines\AppData\Roaming\Thunderbird\Profiles\i2blparj.default\Mail\mail.gira.net\msgFilterRules.dat,Mail/mail.gira.net,Remitente es: facturacion@grupokettei.es,yes,273,Move to folder,KETI,"OR (from,is,facturacion@grupokettei.es) OR (from,contains,@grupokettei.es)",2,from,contains;is
C:\Users\gines\AppData\Roaming\Thunderbird\Profiles\i2blparj.default\Mail\mail.gira.net\msgFilterRules.dat,Mail/mail.gira.net,Remitente es: damian.admon@redstellantis.es,yes,273,Move to folder,DAMIAN GOMEZ,"AND (from,is,damian.admon@redstellantis.es)",1,from,is
C:\Users\gines\AppData\Roaming\Thunderbird\Profiles\i2blparj.default\Mail\mail.gira.net\msgFilterRules.dat,Mail/mail.gira.net,Remitente es: avilamartinezvera@gmail.com,yes,273,Move to folder,AVILA MARTINEZ,"OR (from,is,avilamartinezvera@gmail.com) OR (from,contains,avilamartinezvera)",2,from,contains;is
C:\Users\gines\AppData\Roaming\Thunderbird\Profiles\i2blparj.default\Mail\mail.gira.net\msgFilterRules.dat,Mail/mail.gira.net,Remitente es: noreply@arsys.es,yes,273,Move to folder,ARSYS,"OR (from,is,noreply@arsys.es) OR (from,contains,@arsys.es)",2,from,contains;is
C:\Users\gines\AppData\Roaming\Thunderbird\Profiles\i2blparj.default\Mail\mail.gira.net\msgFilterRules.dat,Mail/mail.gira.net,Remitente es: administracion@concept-car.es,yes,17,Move to folder,CONCEPT CAR,"OR (from,is,administracion@concept-car.es) OR (from,contains,@concept-car.es)",2,from,contains;is
C:\Users\gines\AppData\Roaming\Thunderbird\Profiles\i2blparj.default\Mail\mail.gira.net\msgFilterRules.dat,Mail/mail.gira.net,Remitente es: administracion@jbmcamp.com,yes,273,Move to folder,JBM,"OR (from,is,administracion@jbmcamp.com) OR (from,contains,@jbmcamp.com)",2,from,contains;is
C:\Users\gines\AppData\Roaming\Thunderbird\Profiles\i2blparj.default\Mail\mail.gira.net\msgFilterRules.dat,Mail/mail.gira.net,Remitente es: admon@picoya.es,yes,273,Move to folder,PICOYA,"OR (from,is,admon@picoya.es) OR (from,contains,@picoya.es)",2,from,contains;is
C:\Users\gines\AppData\Roaming\Thunderbird\Profiles\i2blparj.default\Mail\mail.gira.net\msgFilterRules.dat,Mail/mail.gira.net,Remitente es: administracion@pulpiautomocion.com,yes,273,Move to folder,PULPI AUTOMOCION,"OR (from,is,administracion@pulpiautomocion.com) OR (from,contains,@pulpiautomocion.com)",2,from,contains;is
C:\Users\gines\AppData\Roaming\Thunderbird\Profiles\i2blparj.default\Mail\mail.gira.net\msgFilterRules.dat,Mail/mail.gira.net,Remitente es: administracion@agityres.com,yes,273,Move to folder,AGITYRES,"OR (from,is,administracion@agityres.com) OR (from,contains,@agityres.com)",2,from,contains;is
C:\Users\gines\AppData\Roaming\Thunderbird\Profiles\i2blparj.default\Mail\mail.gira.net\msgFilterRules.dat,Mail/mail.gira.net,Remitente es: administracion@manosabombas.com,yes,273,Move to folder,MAÑOSA BOMBAS,"OR (from,is,administracion@manosabombas.com) OR (from,contains,@manosabombas.com)",2,from,contains;is
C:\Users\gines\AppData\Roaming\Thunderbird\Profiles\i2blparj.default\Mail\mail.gira.net\msgFilterRules.dat,Mail/mail.gira.net,Remitente es: admin@llantauto.net,yes,273,Move to folder,LLANTAUTO,"OR (from,is,admin@llantauto.net) OR (from,contains,@llantauto.net)",2,from,contains;is
C:\Users\gines\AppData\Roaming\Thunderbird\Profiles\i2blparj.default\Mail\mail.gira.net\msgFilterRules.dat,Mail/mail.gira.net,Remitente es: facturacion.royse@royse.es,yes,273,Move to folder,ROYSE,"OR (from,is,facturacion.royse@royse.es) OR (from,contains,@royse.es)",2,from,contains;is
C:\Users\gines\AppData\Roaming\Thunderbird\Profiles\i2blparj.default\Mail\mail.gira.net\msgFilterRules.dat,Mail/mail.gira.net,Bandeja de entrada,yes,273,Move to folder,TEXLIMA,"OR (from,contains,@texlimca.com)",1,from,contains
C:\Users\gines\AppData\Roaming\Thunderbird\Profiles\i2blparj.default\Mail\mail.gira.net\msgFilterRules.dat,Mail/mail.gira.net,Bandeja de entrada,yes,273,Move to folder,VT POWER,"OR (from,contains,pedidos@vtpower.es) OR (from,contains,@vtpower.es)",2,from,contains
C:\Users\gines\AppData\Roaming\Thunderbird\Profiles\i2blparj.default\Mail\mail.gira.net\msgFilterRules.dat,Mail/mail.gira.net,Remitente es: contabilidad2@localizadorsherlog.es,yes,273,Move to folder,LOCALIZADOR,"OR (from,contains,@localizadorsherlog.es)",1,from,contains
C:\Users\gines\AppData\Roaming\Thunderbird\Profiles\i2blparj.default\Mail\mail.gira.net\msgFilterRules.dat,Mail/mail.gira.net,Bandeja de entrada,yes,17,Move to folder,SAN JOSE NEUMATICOS,"OR (from,contains,pedidos@sanjoseneumaticos.com) OR (from,contains,@sanjoseneumaticos.com)",2,from,contains
C:\Users\gines\AppData\Roaming\Thunderbird\Profiles\i2blparj.default\Mail\mail.gira.net\msgFilterRules.dat,Mail/mail.gira.net,Remitente es: silvia@logistik-re.com,yes,273,Move to folder,LOGISTIK,"OR (from,is,silvia@logistik-re.com) OR (from,ends with,@logistik-re.com)",2,from,ends with;is
C:\Users\gines\AppData\Roaming\Thunderbird\Profiles\i2blparj.default\Mail\mail.gira.net\msgFilterRules.dat,Mail/mail.gira.net,Remitente es: silvia@logistik-re.com,yes,273,Move to folder,LOGISTIK,"OR (from,is,silvia@logistik-re.com) OR (from,ends with,@logistik-re.com)",2,from,ends with;is
C:\Users\gines\AppData\Roaming\Thunderbird\Profiles\i2blparj.default\Mail\mail.gira.net\msgFilterRules.dat,Mail/mail.gira.net,Remitente termina con: @grupovelasco.es,yes,337,Move to folder,FUENLAMOTOR,"AND (from,ends with,@grupovelasco.es)",1,from,ends with
C:\Users\gines\AppData\Roaming\Thunderbird\Profiles\i2blparj.default\Mail\mail.gira.net\msgFilterRules.dat,Mail/mail.gira.net,Remitente termina con: @grupovelasco.es,yes,337,Move to folder,FUENLAMOTOR,"AND (from,ends with,@grupovelasco.es)",1,from,ends with
C:\Users\gines\AppData\Roaming\Thunderbird\Profiles\i2blparj.default\Mail\mail.gira.net\msgFilterRules.dat,Mail/mail.gira.net,Remitente es: jaidev.pradhan@serca.es,yes,17,Move to folder,SERCA FACTURACION,"OR (from,is,jaidev.pradhan@serca.es) OR (from,ends with,@serca.es)",2,from,ends with;is
C:\Users\gines\AppData\Roaming\Thunderbird\Profiles\i2blparj.default\Mail\mail.gira.net\msgFilterRules.dat,Mail/mail.gira.net,Asunto es: Facturas Electronicas NEX - AUTO RECAMBIOS VERA SL,yes,273,Move to folder,NEX TYRES,"OR (subject,is,Facturas Electronicas NEX - AUTO RECAMBIOS VERA SL)",1,subject,is
C:\Users\gines\AppData\Roaming\Thunderbird\Profiles\i2blparj.default\Mail\mail.gira.net\msgFilterRules.dat,Mail/mail.gira.net,Asunto contiene: Facturas Electronicas NEX,yes,273,Move to folder,NEX TYRES,"OR (subject,contains,Facturas Electronicas NEX)",1,subject,contains
C:\Users\gines\AppData\Roaming\Thunderbird\Profiles\i2blparj.default\Mail\mail.gira.net\msgFilterRules.dat,Mail/mail.gira.net,Remitente termina con: @repuestosalmanzora.es,yes,273,Move to folder,REPUESTOS ALMANZORA,"OR (from,ends with,@repuestosalmanzora.es)",1,from,ends with
C:\Users\gines\AppData\Roaming\Thunderbird\Profiles\i2blparj.default\Mail\mail.gira.net\msgFilterRules.dat,Mail/mail.gira.net,Remitente termina con: @nex.es,yes,273,Move to folder,NEX TYRES,"OR (from,ends with,@nex.es)",1,from,ends with
C:\Users\gines\AppData\Roaming\Thunderbird\Profiles\i2blparj.default\Mail\mail.gira.net\msgFilterRules.dat,Mail/mail.gira.net,Asunto contiene: Schaeffler Vehicle Lifetime ,yes,273,Move to folder,LUK,"AND (subject,contains,Schaeffler Vehicle Lifetime )",1,subject,contains
C:\Users\gines\AppData\Roaming\Thunderbird\Profiles\i2blparj.default\Mail\mail.gira.net\msgFilterRules.dat,Mail/mail.gira.net,Remitente es: a.rojas@dapeugeot.net,yes,273,Move to folder,DAMIAN GOMEZ,"AND (from,is,a.rojas@dapeugeot.net)",1,from,is
C:\Users\gines\AppData\Roaming\Thunderbird\Profiles\i2blparj.default\Mail\mail.gira.net\msgFilterRules.dat,Mail/mail.gira.net,Remitente es: @dapeugeot.net,yes,273,Move to folder,DAMIAN GOMEZ,"OR (from,is,@dapeugeot.net)",1,from,is
C:\Users\gines\AppData\Roaming\Thunderbird\Profiles\i2blparj.default\Mail\mail.gira.net\msgFilterRules.dat,Mail/mail.gira.net,Remitente termina con: @sogefigroup.com,yes,273,Move to folder,PURFLUX,"OR (from,ends with,@sogefigroup.com)",1,from,ends with
C:\Users\gines\AppData\Roaming\Thunderbird\Profiles\i2blparj.default\Mail\mail.gira.net\msgFilterRules.dat,Mail/mail.gira.net,Remitente termina con: @superplaque.es,yes,273,Move to folder,SUPERPLAQUE,"OR (from,ends with,@superplaque.es)",1,from,ends with
C:\Users\gines\AppData\Roaming\Thunderbird\Profiles\i2blparj.default\Mail\mail.gira.net\msgFilterRules.dat,Mail/mail.gira.net,Remitente termina con: @deldo.com,yes,273,Move to folder,DELDO,"AND (from,ends with,@deldo.com)",1,from,ends with
C:\Users\gines\AppData\Roaming\Thunderbird\Profiles\i2blparj.default\Mail\mail.gira.net\msgFilterRules.dat,Mail/mail.gira.net,Remitente es: administracion@productosliv.com,yes,17,Move to folder,PRODUCTOS LIV610ec48b,"OR (from,is,administracion@productosliv.com) OR (from,ends with,@productosliv.com)",2,from,ends with;is
C:\Users\gines\AppData\Roaming\Thunderbird\Profiles\i2blparj.default\Mail\mail.gira.net\msgFilterRules.dat,Mail/mail.gira.net,Remitente es: e-factura@fibraya.es,yes,17,Move to folder,INSTELNET,"AND (from,is,e-factura@fibraya.es)",1,from,is
C:\Users\gines\AppData\Roaming\Thunderbird\Profiles\i2blparj.default\Mail\mail.gira.net\msgFilterRules.dat,Mail/mail.gira.net,Remitente es: rlesaoplubesnacional@repsol.com,yes,17,Move to folder,REPSOL,"OR (from,is,rlesaoplubesnacional@repsol.com) OR (from,ends with,@repsol.com)",2,from,ends with;is
C:\Users\gines\AppData\Roaming\Thunderbird\Profiles\i2blparj.default\Mail\mail.gira.net\msgFilterRules.dat,Mail/mail.gira.net,Remitente termina con: @dakolub.com,yes,273,Move to folder,DAKOLUB,"OR (from,ends with,@dakolub.com) OR (from,is,proveedores@dakolub.com)",2,from,ends with;is
C:\Users\gines\AppData\Roaming\Thunderbird\Profiles\i2blparj.default\Mail\mail.gira.net\msgFilterRules.dat,Mail/mail.gira.net,Remitente es: contabilidad@lizarte.onmicrosoft.com,yes,273,Move to folder,LIZARTE,"AND (from,is,contabilidad@lizarte.onmicrosoft.com)",1,from,is
C:\Users\gines\AppData\Roaming\Thunderbird\Profiles\i2blparj.default\Mail\mail.gira.net\msgFilterRules.dat,Mail/mail.gira.net,Remitente es: administracion@amadini.net,yes,273,Move to folder,AMADINI,"OR (from,is,administracion@amadini.net) OR (from,ends with,@amadini.net)",2,from,ends with;is
C:\Users\gines\AppData\Roaming\Thunderbird\Profiles\i2blparj.default\Mail\mail.gira.net\msgFilterRules.dat,Mail/mail.gira.net,Remitente es: factura@logistica.com,yes,273,Move to folder,LOGISTICA,"OR (from,is,factura@logistica.com) OR (from,ends with,@logistica.com)",2,from,ends with;is
C:\Users\gines\AppData\Roaming\Thunderbird\Profiles\i2blparj.default\Mail\mail.gira.net\msgFilterRules.dat,Mail/mail.gira.net,Remitente es: noresponder@inter-matic.com,yes,273,Move to folder,ASYSUM,"OR (from,is,noresponder@inter-matic.com) OR (from,ends with,@inter-matic.com)",2,from,ends with;is
C:\Users\gines\AppData\Roaming\Thunderbird\Profiles\i2blparj.default\Mail\mail.gira.net\msgFilterRules.dat,Mail/mail.gira.net,Remitente termina con: nex.com,yes,273,Move to folder,NEX TYRES,"OR (from,ends with,nex.com)",1,from,ends with
C:\Users\gines\AppData\Roaming\Thunderbird\Profiles\i2blparj.default\Mail\mail.gira.net\msgFilterRules.dat,Mail/mail.gira.net,Remitente es: noreply@turbosbcn.es,yes,273,Move to folder,TURBOS BCN,"OR (from,is,noreply@turbosbcn.es) OR (from,ends with,@turbosbcn.es)",2,from,ends with;is
C:\Users\gines\AppData\Roaming\Thunderbird\Profiles\i2blparj.default\Mail\mail.gira.net\msgFilterRules.dat,Mail/mail.gira.net,Remitente es: noreply@gruposyrsa.com,yes,273,Move to folder,SYRSA,"OR (from,is,noreply@gruposyrsa.com) OR (from,ends with,@gruposyrsa.com) OR (from,contains,syrsa)",3,from,contains;ends with;is
C:\Users\gines\AppData\Roaming\Thunderbird\Profiles\i2blparj.default\Mail\mail.gira.net\msgFilterRules.dat,Mail/mail.gira.net,Remitente es: aplicacion@cooper2010.es,yes,273,Move to folder,REPUESTOS COOPER,"OR (from,is,aplicacion@cooper2010.es) OR (from,ends with,@cooper2010.es)",2,from,ends with;is
C:\Users\gines\AppData\Roaming\Thunderbird\Profiles\i2blparj.default\Mail\mail.gira.net\msgFilterRules.dat,Mail/mail.gira.net,Remitente es: postmaster@imasaf.eu,yes,17,Move to folder,IMASAF PRO,"OR (from,is,postmaster@imasaf.eu) OR (from,ends with,@imasaf.eu)",2,from,ends with;is
C:\Users\gines\AppData\Roaming\Thunderbird\Profiles\i2blparj.default\Mail\mail.gira.net\msgFilterRules.dat,Mail/mail.gira.net,Remitente es: ewaldner@airtopitalia.eu,yes,273,Move to folder,AIRTOP ITALIA,"OR (from,is,ewaldner@airtopitalia.eu) OR (from,ends with,@airtopitalia.eu)",2,from,ends with;is
C:\Users\gines\AppData\Roaming\Thunderbird\Profiles\i2blparj.default\Mail\mail.gira.net\msgFilterRules.dat,Mail/mail.gira.net,Remitente es: clientes@reynasa.com,yes,273,Move to folder,REYNASA,"OR (from,is,clientes@reynasa.com) OR (from,ends with,@reynasa.com)",2,from,ends with;is
C:\Users\gines\AppData\Roaming\Thunderbird\Profiles\i2blparj.default\Mail\mail.gira.net\msgFilterRules.dat,Mail/mail.gira.net,admin@arvera.es Â» Bandeja de entrada,yes,273,Move to folder,FILTROS CARTES,"OR (from,contains,facturacion@grupocartes.es) OR (to,contains,facturacion@grupocartes.es)",2,from;to,contains
C:\Users\gines\AppData\Roaming\Thunderbird\Profiles\i2blparj.default\Mail\mail.gira.net\msgFilterRules.dat,Mail/mail.gira.net,Asunto contiene: noreply@Invoice.tecalliance.net,yes,17,Move to folder,LUK,"AND (subject,contains,\"" Schaeffler Automotive Aftermarket\"")",1,subject,contains
C:\Users\gines\AppData\Roaming\Thunderbird\Profiles\i2blparj.default\Mail\mail.gira.net\msgFilterRules.dat,Mail/mail.gira.net,Remitente termina con: @skrit.es,yes,273,Move to folder,SKRIT INFORMATICA,"OR (from,ends with,@skrit.es)",1,from,ends with
C:\Users\gines\AppData\Roaming\Thunderbird\Profiles\i2blparj.default\Mail\mail.gira.net\msgFilterRules.dat,Mail/mail.gira.net,Remitente contiene: joaquin.carretero@rema-tiptop.es,yes,273,Move to folder,TIP-TOP,"OR (from,contains,joaquin.carretero@rema-tiptop.es) OR (from,ends with,@rema-tiptop.es)",2,from,contains;ends with
C:\Users\gines\AppData\Roaming\Thunderbird\Profiles\i2blparj.default\Mail\mail.gira.net\msgFilterRules.dat,Mail/mail.gira.net,Remitente es: facturacion@ascauto.com,yes,273,Move to folder,ASCAUTO,"AND (from,is,facturacion@ascauto.com)",1,from,is
C:\Users\gines\AppData\Roaming\Thunderbird\Profiles\i2blparj.default\Mail\mail.gira.net\msgFilterRules.dat,Mail/mail.gira.net,Remitente es: docs-faib@frigair.com,yes,273,Move to folder,FRIG AIR,"AND (from,is,docs-faib@frigair.com)",1,from,is
C:\Users\gines\AppData\Roaming\Thunderbird\Profiles\i2blparj.default\Mail\mail.gira.net\msgFilterRules.dat,Mail/mail.gira.net,Remitente es: administracion@automecanicaalmanzora.com,yes,273,Move to folder,AUTOMECANICA ALMANZORA,"AND (from,is,administracion@automecanicaalmanzora.com)",1,from,is
C:\Users\gines\AppData\Roaming\Thunderbird\Profiles\i2blparj.default\Mail\mail.gira.net\msgFilterRules.dat,Mail/mail.gira.net,Remitente es: postventa01@estanfi.com,yes,273,Move to folder,ESTANFI,"AND (from,ends with,@estanfi.com)",1,from,ends with
C:\Users\gines\AppData\Roaming\Thunderbird\Profiles\i2blparj.default\Mail\mail.gira.net\msgFilterRules.dat,Mail/mail.gira.net,BUZON DE ENTRADA Â» EUROMAQUINARIAS HISPANIDAD,yes,273,Move to folder,EUROMAQUINARIAS HISPANIDAD,"OR (from,contains,jm01@euromaquinas.com) OR (to,contains,jm01@euromaquinas.com)",2,from;to,contains
C:\Users\gines\AppData\Roaming\Thunderbird\Profiles\i2blparj.default\Mail\mail.gira.net\msgFilterRules.dat,Mail/mail.gira.net,Remitente contiene: @tecnodieselmurcia.com,yes,273,Move to folder,TECNODIESEL,"AND (from,contains,@tecnodieselmurcia.com)",1,from,contains
C:\Users\gines\AppData\Roaming\Thunderbird\Profiles\i2blparj.default\Mail\mail.gira.net\msgFilterRules.dat,Mail/mail.gira.net,Remitente contiene: rsenosiain@lizarte.com,yes,17,Move to folder,LIZARTE,"AND (from,contains,@lizarte.com)",1,from,contains
C:\Users\gines\AppData\Roaming\Thunderbird\Profiles\i2blparj.default\Mail\mail.gira.net\msgFilterRules.dat,Mail/mail.gira.net,Remitente termina con: @rodamientos.net,yes,273,Move to folder,ROYSE,"AND (from,ends with,@rodamientos.net)",1,from,ends with
C:\Users\gines\AppData\Roaming\Thunderbird\Profiles\i2blparj.default\Mail\mail.gira.net\msgFilterRules.dat,Mail/mail.gira.net,Asunto contiene: Logiscenter,yes,273,Move to folder,LOGISCENTER,"AND (subject,contains,Logiscenter)",1,subject,contains
C:\Users\gines\AppData\Roaming\Thunderbird\Profiles\i2blparj.default\Mail\mail.gira.net\msgFilterRules.dat,Mail/mail.gira.net,Remitente es: plataformadanielvicente@gmail.com,yes,17,Move to folder,DANIEL VICENTE,"AND (from,is,plataformadanielvicente@gmail.com)",1,from,is
C:\Users\gines\AppData\Roaming\Thunderbird\Profiles\i2blparj.default\Mail\mail.gira.net\msgFilterRules.dat,Mail/mail.gira.net,Remitente contiene: @es.rheinmetall.com,yes,273,Move to folder,MS MOTORSERVICE,"AND (from,contains,@es.rheinmetall.com)",1,from,contains
C:\Users\gines\AppData\Roaming\Thunderbird\Profiles\i2blparj.default\Mail\mail.gira.net\msgFilterRules.dat,Mail/mail.gira.net,Remitente termina con: @rhernandez.com,yes,17,Move to folder,REPRESENTACIONES HERNANDEZ,"AND (from,ends with,@rhernandez.com)",1,from,ends with
C:\Users\gines\AppData\Roaming\Thunderbird\Profiles\i2blparj.default\Mail\mail.gira.net\msgFilterRules.dat,Mail/mail.gira.net,Remitente contiene: COFAN,yes,17,Move to folder,COFAN,"AND (from,contains,COFAN)",1,from,contains
C:\Users\gines\AppData\Roaming\Thunderbird\Profiles\i2blparj.default\Mail\mail.gira.net\msgFilterRules.dat,Mail/mail.gira.net,Remitente termina con: @victyres.es,yes,273,Move to folder,VICTYRES,"AND (from,ends with,@victyres.es)",1,from,ends with
C:\Users\gines\AppData\Roaming\Thunderbird\Profiles\i2blparj.default\Mail\mail.gira.net\msgFilterRules.dat,Mail/mail.gira.net,Remitente termina con: @metalcaucho.com,yes,273,Move to folder,METALCAUCHO,"AND (from,ends with,@metalcaucho.com)",1,from,ends with
C:\Users\gines\AppData\Roaming\Thunderbird\Profiles\i2blparj.default\Mail\mail.gira.net\msgFilterRules.dat,Mail/mail.gira.net,Remitente contiene: info@grupoveraimport.es,yes,273,Move to folder,VERA IMPORT,"OR (from,contains,info@grupoveraimport.es) OR (from,contains,jdsoler@veraimport.es)",2,from,contains
C:\Users\gines\AppData\Roaming\Thunderbird\Profiles\i2blparj.default\Mail\mail.gira.net\msgFilterRules.dat,Mail/mail.gira.net,Remitente es: comercial@snaeurope.com,yes,17,Move to folder,SNA EUROPE,"OR (from,is,comercial@snaeurope.com)",1,from,is
C:\Users\gines\AppData\Roaming\Thunderbird\Profiles\i2blparj.default\Mail\mail.gira.net\msgFilterRules.dat,Mail/mail.gira.net,Remitente termina con: @medinabi.es,yes,337,Move to folder,ITAL RECAMBIOS,"OR (from,is,medinabi@medinabi.es)",1,from,is
C:\Users\gines\AppData\Roaming\Thunderbird\Profiles\i2blparj.default\Mail\mail.gira.net\msgFilterRules.dat,Mail/mail.gira.net,Remitente termina con: @gruposaveres.com,yes,337,Move to folder,SAVERES,"OR (from,ends with,@gruposaveres.com)",1,from,ends with
C:\Users\gines\AppData\Roaming\Thunderbird\Profiles\i2blparj.default\Mail\mail.gira.net\msgFilterRules.dat,Mail/mail.gira.net,Remitente termina con: @comlineiberica.com,yes,17,Move to folder,COMLINE,"AND (from,ends with,@comlineiberica.com)",1,from,ends with
C:\Users\gines\AppData\Roaming\Thunderbird\Profiles\i2blparj.default\Mail\mail.gira.net\msgFilterRules.dat,Mail/mail.gira.net,TALOSA,yes,337,Move to folder,TALOSA,"AND (from,ends with,@talosa.com)",1,from,ends with
C:\Users\gines\AppData\Roaming\Thunderbird\Profiles\i2blparj.default\Mail\mail.gira.net\msgFilterRules.dat,Mail/mail.gira.net,Remitente es: remanmotorparts@gmail.com,yes,273,Move to folder,REMAN MOTOR,"AND (from,is,remanmotorparts@gmail.com)",1,from,is
C:\Users\gines\AppData\Roaming\Thunderbird\Profiles\i2blparj.default\Mail\mail.gira.net\msgFilterRules.dat,Mail/mail.gira.net,Remitente es: facturacion@jumasa.es,yes,17,Move to folder,JUMASA,"OR (from,is,facturacion@jumasa.es) OR (from,ends with,@jumasa.es)",2,from,ends with;is
C:\Users\gines\AppData\Roaming\Thunderbird\Profiles\i2blparj.default\Mail\mail.gira.net\msgFilterRules.dat,Mail/mail.gira.net,Remitente termina con: @autocristalsevilla.com,yes,17,Move to folder,AUTOCRISTAL SEVILLA,"AND (from,ends with,@autocristalsevilla.com)",1,from,ends with
C:\Users\gines\AppData\Roaming\Thunderbird\Profiles\i2blparj.default\Mail\mail.gira.net\msgFilterRules.dat,Mail/mail.gira.net,Remitente termina con: @pool-line.com.es,yes,17,Move to folder,POOL LINE,"AND (from,ends with,@pool-line.com.es)",1,from,ends with
C:\Users\gines\AppData\Roaming\Thunderbird\Profiles\i2blparj.default\Mail\mail.gira.net\msgFilterRules.dat,Mail/mail.gira.net,Remitente termina con: @azurglobal.es,yes,17,Move to folder,AZUR GLOBAL,"AND (from,ends with,@azurglobal.es)",1,from,ends with
C:\Users\gines\AppData\Roaming\Thunderbird\Profiles\i2blparj.default\Mail\mail.gira.net\msgFilterRules.dat,Mail/mail.gira.net,Remitente es: dani.vicente@meat-doria.es,yes,17,Move to folder,MEAT-DORIA,"OR (from,is,dani.vicente@meat-doria.es) OR (from,ends with,@meat-doria.es)",2,from,ends with;is
C:\Users\gines\AppData\Roaming\Thunderbird\Profiles\i2blparj.default\Mail\mail.gira.net\msgFilterRules.dat,Mail/mail.gira.net,Remitente es: soporte@sesametime.com,yes,17,Move to folder,SESAME,"OR (from,is,soporte@sesametime.com) OR (from,ends with,@sesametime.com) OR (from,ends with,@sesamehr.com) OR (from,ends with,support@sesametime.com.hs-inbox.com) OR (from,contains,sesame)",5,from,contains;ends with;is
C:\Users\gines\AppData\Roaming\Thunderbird\Profiles\i2blparj.default\Mail\mail.gira.net\msgFilterRules.dat,Mail/mail.gira.net,Remitente es: kike@multirecambioshm.com,yes,17,Move to folder,MULTIRECAMBIOS HM,"OR (from,is,kike@multirecambioshm.com) OR (from,ends with,@multirecambioshm.com)",2,from,ends with;is
C:\Users\gines\AppData\Roaming\Thunderbird\Profiles\i2blparj.default\Mail\mail.gira.net\msgFilterRules.dat,Mail/mail.gira.net,Remitente es: SGonzalez@solaufil.com,yes,17,Move to folder,MECAFILTER,"OR (from,is,SGonzalez@solaufil.com) OR (from,is,contact@mecafilter-info.com) OR (from,ends with,@mecafilter-info.com)",3,from,ends with;is
C:\Users\gines\AppData\Roaming\Thunderbird\Profiles\i2blparj.default\Mail\mail.gira.net\msgFilterRules.dat,Mail/mail.gira.net,Remitente es: invoices@frigair-iberia.com,yes,17,Move to folder,FRIG AIR,"OR (from,is,invoices@frigair-iberia.com) OR (from,ends with,@frigair-iberia.com)",2,from,ends with;is
C:\Users\gines\AppData\Roaming\Thunderbird\Profiles\i2blparj.default\Mail\mail.gira.net\msgFilterRules.dat,Mail/mail.gira.net,Remitente termina con: sjurado@absoal.com,yes,17,Move to folder,ABSOAL,"AND (from,ends with,sjurado@absoal.com)",1,from,ends with
C:\Users\gines\AppData\Roaming\Thunderbird\Profiles\i2blparj.default\Mail\mail.gira.net\msgFilterRules.dat,Mail/mail.gira.net,Remitente es: ignacio.gutierrez@exidegroup.com,yes,17,Move to folder,EXIDE,"AND (from,is,ignacio.gutierrez@exidegroup.com)",1,from,is
C:\Users\gines\AppData\Roaming\Thunderbird\Profiles\i2blparj.default\Mail\mail.gira.net\msgFilterRules.dat,Mail/mail.gira.net,FARE,yes,337,Move to folder,FARE,"AND (from,ends with,@fare-auto.com)",1,from,ends with
C:\Users\gines\AppData\Roaming\Thunderbird\Profiles\i2blparj.default\Mail\mail.gira.net\msgFilterRules.dat,Mail/mail.gira.net,Remitente termina con: @ceapi.es,yes,337,Move to folder,CEAPI,"AND (from,ends with,@ceapi.es)",1,from,ends with
C:\Users\gines\AppData\Roaming\Thunderbird\Profiles\i2blparj.default\Mail\mail.gira.net\msgFilterRules.dat,Mail/mail.gira.net,ngl,yes,337,Move to folder,NGK,"AND (from,ends with,@ngk.es)",1,from,ends with
C:\Users\gines\AppData\Roaming\Thunderbird\Profiles\i2blparj.default\Mail\mail.gira.net\msgFilterRules.dat,Mail/mail.gira.net,Remitente termina con: @exclusivasbcn.com,yes,337,Move to folder,EXCLUSIVAS BCN,"AND (from,ends with,@exclusivasbcn.com)",1,from,ends with
C:\Users\gines\AppData\Roaming\Thunderbird\Profiles\i2blparj.default\Mail\mail.gira.net\msgFilterRules.dat,Mail/mail.gira.net,Remitente es: facturacion@filtroscartes.net,yes,337,Move to folder,FILTROS CARTES,"AND (from,is,facturacion@filtroscartes.net)",1,from,is
C:\Users\gines\AppData\Roaming\Thunderbird\Profiles\i2blparj.default\Mail\mail.gira.net\msgFilterRules.dat,Mail/mail.gira.net,Remitente termina con: @valeo.com,yes,337,Move to folder,VALEO,"AND (from,ends with,@valeo.com)",1,from,ends with
C:\Users\gines\AppData\Roaming\Thunderbird\Profiles\i2blparj.default\Mail\mail.gira.net\msgFilterRules.dat,Mail/mail.gira.net,hernandez,yes,17,Move to folder,REPRESENTACIONES HERNANDEZ,"AND (from,ends with,@rhernandez.com)",1,from,ends with
C:\Users\gines\AppData\Roaming\Thunderbird\Profiles\i2blparj.default\Mail\mail.gira.net\msgFilterRules.dat,Mail/mail.gira.net,SWAG,yes,17,Move to folder,BLISTEIN - SWAG,"AND (from,ends with,@bilsteingroup.com)",1,from,ends with
C:\Users\gines\AppData\Roaming\Thunderbird\Profiles\i2blparj.default\Mail\mail.gira.net\msgFilterRules.dat,Mail/mail.gira.net,Remitente termina con: @michelin.com,yes,337,Move to folder,MICHELIN,"AND (from,ends with,@michelin.com)",1,from,ends with
C:\Users\gines\AppData\Roaming\Thunderbird\Profiles\i2blparj.default\Mail\mail.gira.net\msgFilterRules.dat,Mail/mail.gira.net,SASH,yes,337,Move to folder,SASH51a13cd2,"AND (from,ends with,@lubricantes-sash.com)",1,from,ends with
C:\Users\gines\AppData\Roaming\Thunderbird\Profiles\i2blparj.default\Mail\mail.gira.net\msgFilterRules.dat,Mail/mail.gira.net,BRIDGE,yes,337,Move to folder,BRIDGESTONE,"OR (from,is,BridgestoneAttCliente@bridgestone.eu) OR (from,is,info.facturas@bridgestone.eu)",2,from,is
C:\Users\gines\AppData\Roaming\Thunderbird\Profiles\i2blparj.default\Mail\mail.gira.net\msgFilterRules.dat,Mail/mail.gira.net,CECAUTO,yes,337,Move to folder,CECAUTO,"AND (from,ends with,@cecauto.com)",1,from,ends with
C:\Users\gines\AppData\Roaming\Thunderbird\Profiles\i2blparj.default\Mail\mail.gira.net\msgFilterRules.dat,Mail/mail.gira.net,MKD,yes,337,Move to folder,MKD RECAMBIOS,"OR (from,ends with,@mkdrecambios.com) OR (from,ends with,@mkdautomotive.com) OR (from,ends with,@grupomobius.com)",3,from,ends with
C:\Users\gines\AppData\Roaming\Thunderbird\Profiles\i2blparj.default\Mail\mail.gira.net\msgFilterRules.dat,Mail/mail.gira.net,NERTOR,yes,337,Move to folder,NER-TOR,"AND (from,ends with,@nertor.com)",1,from,ends with
C:\Users\gines\AppData\Roaming\Thunderbird\Profiles\i2blparj.default\Mail\mail.gira.net\msgFilterRules.dat,Mail/mail.gira.net,CRUZBER,yes,337,Move to folder,CRUZBER,"AND (from,ends with,@cruzber.com)",1,from,ends with
C:\Users\gines\AppData\Roaming\Thunderbird\Profiles\i2blparj.default\Mail\mail.gira.net\msgFilterRules.dat,Mail/mail.gira.net,CONTICORR,yes,337,Move to folder,CONTINENTAL CORREAS,"OR (from,ends with,@france.contitech.de) OR (from,ends with,@contitech.es)",2,from,ends with
C:\Users\gines\AppData\Roaming\Thunderbird\Profiles\i2blparj.default\Mail\mail.gira.net\msgFilterRules.dat,Mail/mail.gira.net,PEMEBLA,yes,337,Move to folder,PEMEBLA,"AND (from,ends with,postventa@pemebla.com)",1,from,ends with
C:\Users\gines\AppData\Roaming\Thunderbird\Profiles\i2blparj.default\Mail\mail.gira.net\msgFilterRules.dat,Mail/mail.gira.net,IPARLUX,yes,17,Move to folder,IPARLUX,"AND (from,ends with,@iparlux.es)",1,from,ends with
C:\Users\gines\AppData\Roaming\Thunderbird\Profiles\i2blparj.default\Mail\mail.gira.net\msgFilterRules.dat,Mail/mail.gira.net,Remitente contiene: @quimicar.es,yes,273,Move to folder,QUIMICAR,"OR (from,contains,@quimicar.es) OR (from,contains,@quimicar.com)",2,from,contains
C:\Users\gines\AppData\Roaming\Thunderbird\Profiles\i2blparj.default\Mail\mail.gira.net\msgFilterRules.dat,Mail/mail.gira.net,TOP,yes,273,Move to folder,TOP RECAMBIOS,"OR (from,is,garantias@toprecambios.com) OR (from,ends with,@toprecambios.com)",2,from,ends with;is
C:\Users\gines\AppData\Roaming\Thunderbird\Profiles\i2blparj.default\Mail\mail.gira.net\msgFilterRules.dat,Mail/mail.gira.net,ALKAR,yes,337,Move to folder,ALKAR,"AND (from,contains,@alkar.es)",1,from,contains
C:\Users\gines\AppData\Roaming\Thunderbird\Profiles\i2blparj.default\Mail\mail.gira.net\msgFilterRules.dat,Mail/mail.gira.net,SERNE,yes,337,Move to folder,SERNESA,"OR (from,ends with,@sernesa.com)",1,from,ends with
C:\Users\gines\AppData\Roaming\Thunderbird\Profiles\i2blparj.default\Mail\mail.gira.net\msgFilterRules.dat,Mail/mail.gira.net,TECCOM,yes,17,Move to folder,TECCOM,"AND (from,is,info@info.tecalliance.net)",1,from,is
C:\Users\gines\AppData\Roaming\Thunderbird\Profiles\i2blparj.default\Mail\mail.gira.net\msgFilterRules.dat,Mail/mail.gira.net,OPTIMAL,yes,337,Move to folder,OPTIMAL,"AND (from,ends with,@optimal-spain.com)",1,from,ends with
C:\Users\gines\AppData\Roaming\Thunderbird\Profiles\i2blparj.default\Mail\mail.gira.net\msgFilterRules.dat,Mail/mail.gira.net,NRF,yes,337,Move to folder,NRF,"AND (from,ends with,@nrf.eu)",1,from,ends with
C:\Users\gines\AppData\Roaming\Thunderbird\Profiles\i2blparj.default\Mail\mail.gira.net\msgFilterRules.dat,Mail/mail.gira.net,ANDRES,yes,337,Move to folder,NEUMATICOS ANDRES,"OR (from,is,blascima@grupoandres.com) OR (from,contains,@grupoandres.com)",2,from,contains;is
C:\Users\gines\AppData\Roaming\Thunderbird\Profiles\i2blparj.default\Mail\mail.gira.net\msgFilterRules.dat,Mail/mail.gira.net,EACLIMA,yes,337,Move to folder,EACLIMA,"OR (from,is,m.gonzalez@teasa.net) OR (from,contains,Electro Auto) OR (from,ends with,@eaclima.es)",3,from,contains;ends with;is
C:\Users\gines\AppData\Roaming\Thunderbird\Profiles\i2blparj.default\Mail\mail.gira.net\msgFilterRules.dat,Mail/mail.gira.net,Remitente termina con: @fare-auto.com,yes,17,Move to folder,FARE,"AND (from,ends with,@fare-auto.com)",1,from,ends with
C:\Users\gines\AppData\Roaming\Thunderbird\Profiles\i2blparj.default\Mail\mail.gira.net\msgFilterRules.dat,Mail/mail.gira.net,Remitente termina con: @frigair-iberia.com,yes,17,Move to folder,FRIG AIR,"AND (from,ends with,@frigair-iberia.com)",1,from,ends with
C:\Users\gines\AppData\Roaming\Thunderbird\Profiles\i2blparj.default\Mail\mail.gira.net\msgFilterRules.dat,Mail/mail.gira.net,Remitente es: javireal@toprecambios.com,yes,17,Move to folder,TOP RECAMBIOS/INFORMATICA,"AND (from,is,javireal@toprecambios.com)",1,from,is
C:\Users\gines\AppData\Roaming\Thunderbird\Profiles\i2blparj.default\Mail\mail.gira.net\msgFilterRules.dat,Mail/mail.gira.net,Remitente termina con: @gira.net,yes,17,Move to folder,GIRA,"AND (from,ends with,@gira.net)",1,from,ends with
C:\Users\gines\AppData\Roaming\Thunderbird\Profiles\i2blparj.default\Mail\mail.gira.net\msgFilterRules.dat,Mail/mail.gira.net,Remitente termina con: @absoal.com,yes,17,Move to folder,ABSOAL,"AND (from,ends with,@absoal.com)",1,from,ends with
C:\Users\gines\AppData\Roaming\Thunderbird\Profiles\i2blparj.default\Mail\mail.gira.net\msgFilterRules.dat,Mail/mail.gira.net,Remitente es: joselopez.iveco@hotmail.com,yes,17,Move to folder,AUTOMECANICA ALBOX TURISMO,"AND (from,is,joselopez.iveco@hotmail.com)",1,from,is
C:\Users\gines\AppData\Roaming\Thunderbird\Profiles\i2blparj.default\Mail\mail.gira.net\msgFilterRules.dat,Mail/mail.gira.net,Remitente termina con: @rztools.com,yes,17,Move to folder,RZTOOLS,"AND (from,ends with,@rztools.com)",1,from,ends with
C:\Users\gines\AppData\Roaming\Thunderbird\Profiles\i2blparj.default\Mail\mail.gira.net\msgFilterRules.dat,Mail/mail.gira.net,Remitente es: cr@rodamientos.net,yes,17,Move to folder,ROYSE,"AND (from,is,cr@rodamientos.net)",1,from,is
C:\Users\gines\AppData\Roaming\Thunderbird\Profiles\i2blparj.default\Mail\mail.gira.net\msgFilterRules.dat,Mail/mail.gira.net,Remitente termina con: @sesametime.com,yes,17,Move to folder,SESAME,"AND (from,ends with,@sesametime.com)",1,from,ends with
C:\Users\gines\AppData\Roaming\Thunderbird\Profiles\i2blparj.default\Mail\mail.gira.net\msgFilterRules.dat,Mail/mail.gira.net,Remitente es: mariano@exclusivasbcn.com,yes,17,Move to folder,EXCLUSIVAS BCN,"AND (from,ends with,@exclusivasbcn.com)",1,from,ends with
C:\Users\gines\AppData\Roaming\Thunderbird\Profiles\i2blparj.default\Mail\mail.gira.net\msgFilterRules.dat,Mail/mail.gira.net,Remitente es: facturacion@grupoandres.com,yes,17,Move to folder,NEUMATICOS ANDRES,"AND (from,is,facturacion@grupoandres.com)",1,from,is
C:\Users\gines\AppData\Roaming\Thunderbird\Profiles\i2blparj.default\Mail\mail.gira.net\msgFilterRules.dat,Mail/mail.gira.net,Remitente es: ventas2@evergreen.com.es,yes,273,Move to folder,EVERGREEN,"OR (from,is,ventas2@evergreen.com.es) OR (from,is,documentos@evergreen.com.es)",2,from,is
C:\Users\gines\AppData\Roaming\Thunderbird\Profiles\i2blparj.default\Mail\mail.gira.net\msgFilterRules.dat,Mail/mail.gira.net,Remitente es: administracion@bilsteingroup.com,yes,337,Move to folder,BLISTEIN - SWAG,"OR (from,is,administracion@bilsteingroup.com) OR (from,ends with,@Bilsteingroup.com)",2,from,ends with;is
C:\Users\gines\AppData\Roaming\Thunderbird\Profiles\i2blparj.default\Mail\mail.gira.net\msgFilterRules.dat,Mail/mail.gira.net,Remitente es: info@frigair-iberia.com,yes,17,Move to folder,FRIG AIR,"OR (from,is,info@frigair-iberia.com) OR (from,is,invoices@frigair-iberia.com)",2,from,is
C:\Users\gines\AppData\Roaming\Thunderbird\Profiles\i2blparj.default\Mail\mail.gira.net\msgFilterRules.dat,Mail/mail.gira.net,Remitente es: saphelpdesk@driv.com,yes,17,Move to folder,FEDERAL MOGUL,"OR (from,is,saphelpdesk@driv.com) OR (from,ends with,@driv.com)",2,from,ends with;is
C:\Users\gines\AppData\Roaming\Thunderbird\Profiles\i2blparj.default\Mail\mail.gira.net\msgFilterRules.dat,Mail/mail.gira.net,Remitente es: info@suminesa.com,yes,17,Move to folder,SUMINESA,"AND (from,is,info@suminesa.com)",1,from,is
C:\Users\gines\AppData\Roaming\Thunderbird\Profiles\i2blparj.default\Mail\mail.gira.net\msgFilterRules.dat,Mail/mail.gira.net,Remitente es: manad@amolux.net,yes,17,Move to folder,AMOLUX - MANAD,"AND (from,is,manad@amolux.net)",1,from,is
C:\Users\gines\AppData\Roaming\Thunderbird\Profiles\i2blparj.default\Mail\mail.gira.net\msgFilterRules.dat,Mail/mail.gira.net,Remitente es: gines@jgpsl.com,yes,17,Move to folder,FERREVERA,"AND (from,is,gines@jgpsl.com)",1,from,is
C:\Users\gines\AppData\Roaming\Thunderbird\Profiles\i2blparj.default\Mail\mail.gira.net\msgFilterRules.dat,Mail/mail.gira.net,Remitente es: BCNEXPEDICIONES@FEYC.ES,yes,17,Move to folder,RODAMIENTOS FEYC,"AND (from,is,BCNEXPEDICIONES@FEYC.ES)",1,from,is
C:\Users\gines\AppData\Roaming\Thunderbird\Profiles\i2blparj.default\Mail\mail.gira.net\msgFilterRules.dat,Mail/mail.gira.net,Remitente es: nita@delinmitel.com,yes,17,Move to folder,DELINMITEL,"AND (from,is,nita@delinmitel.com)",1,from,is
C:\Users\gines\AppData\Roaming\Thunderbird\Profiles\i2blparj.default\Mail\mail.gira.net\msgFilterRules.dat,Mail/mail.gira.net,Remitente es: administracion@euromaquinas.com,yes,17,Move to folder,EUROMAQUINARIAS HISPANIDAD,"AND (from,is,administracion@euromaquinas.com)",1,from,is
C:\Users\gines\AppData\Roaming\Thunderbird\Profiles\i2blparj.default\Mail\mail.gira.net\msgFilterRules.dat,Mail/mail.gira.net,Remitente es: hogar1@poessa.com,yes,17,Move to folder,POESSA,"AND (from,is,hogar1@poessa.com)",1,from,is
C:\Users\gines\AppData\Roaming\Thunderbird\Profiles\i2blparj.default\Mail\mail.gira.net\msgFilterRules.dat,Mail/mail.gira.net,Remitente es: info@dogaparts.es,yes,17,Move to folder,DOGA,"OR (from,is,info@dogaparts.es) OR (from,ends with,@dogaparts.es)",2,from,ends with;is
C:\Users\gines\AppData\Roaming\Thunderbird\Profiles\i2blparj.default\Mail\mail.gira.net\msgFilterRules.dat,Mail/mail.gira.net,Remitente es: mecavera@mecavera.redpeugeot.com,yes,17,Move to folder,MECAVERA,"AND (from,is,mecavera@mecavera.redpeugeot.com)",1,from,is
C:\Users\gines\AppData\Roaming\Thunderbird\Profiles\i2blparj.default\Mail\mail.gira.net\msgFilterRules.dat,Mail/mail.gira.net,Remitente es: admon@carpriss.com,yes,17,Move to folder,CARPRISS,"OR (from,is,admon@carpriss.com) OR (from,ends with,@carpriss.com)",2,from,ends with;is
C:\Users\gines\AppData\Roaming\Thunderbird\Profiles\i2blparj.default\Mail\mail.gira.net\msgFilterRules.dat,Mail/mail.gira.net,Remitente es: facturacion@samoaindustrial.com,yes,17,Move to folder,SAMOA,"AND (from,is,facturacion@samoaindustrial.com)",1,from,is
C:\Users\gines\AppData\Roaming\Thunderbird\Profiles\i2blparj.default\Mail\mail.gira.net\msgFilterRules.dat,Mail/mail.gira.net,Remitente es: Administracion@multirecambioshm.com,yes,273,Move to folder,MULTIRECAMBIOS HM,"OR (from,is,Administracion@multirecambioshm.com) OR (from,ends with,@multirecambioshm.com)",2,from,ends with;is
C:\Users\gines\AppData\Roaming\Thunderbird\Profiles\i2blparj.default\Mail\mail.gira.net\msgFilterRules.dat,Mail/mail.gira.net,Remitente es: facturacion@recambiosasiaticos.com,yes,17,Move to folder,RECAMBIOS ASIATICOS,"OR (from,is,facturacion@recambiosasiaticos.com) OR (from,ends with,@recambiosasiaticos.com)",2,from,ends with;is
C:\Users\gines\AppData\Roaming\Thunderbird\Profiles\i2blparj.default\Mail\mail.gira.net\msgFilterRules.dat,Mail/mail.gira.net,Remitente es: administracion@febestiberica.com,yes,17,Move to folder,FEBEST - RUMBO NORTE,"AND (from,is,administracion@febestiberica.com)",1,from,is
C:\Users\gines\AppData\Roaming\Thunderbird\Profiles\i2blparj.default\Mail\mail.gira.net\msgFilterRules.dat,Mail/mail.gira.net,Remitente es: escribano@pinchazosvargas.com,yes,17,Move to folder,PINCHAZOS VARGAS,"AND (from,is,escribano@pinchazosvargas.com)",1,from,is
C:\Users\gines\AppData\Roaming\Thunderbird\Profiles\i2blparj.default\Mail\mail.gira.net\msgFilterRules.dat,Mail/mail.gira.net,Remitente es: autosys@henkel.com,yes,17,Move to folder,HENKEL,"OR (from,is,autosys@henkel.com) OR (from,ends with,@henkel.com)",2,from,ends with;is
C:\Users\gines\AppData\Roaming\Thunderbird\Profiles\i2blparj.default\Mail\mail.gira.net\msgFilterRules.dat,Mail/mail.gira.net,Remitente es: pedidos.tork@essity.com,yes,273,Move to folder,ESSITY - TORK,"OR (from,is,pedidos.tork@essity.com) OR (from,contains,@essity.com)",2,from,contains;is
C:\Users\gines\AppData\Roaming\Thunderbird\Profiles\i2blparj.default\Mail\mail.gira.net\msgFilterRules.dat,Mail/mail.gira.net,COMPRAS VARIAS,yes,273,Move to folder,COMPRAS VARIAS,"OR (from,is,info@42kshop.com) OR (from,is,pedidos@pccomponentes.com) OR (from,is,noreply@pccomponentes.com) OR (from,ends with,@pccomponentes.com) OR (from,is,verametal2015@gmail.com) OR (subject,contains,PcComponentes)",6,from;subject,contains;ends with;is
C:\Users\gines\AppData\Roaming\Thunderbird\Profiles\i2blparj.default\Mail\mail.gira.net\msgFilterRules.dat,Mail/mail.gira.net,Remitente es: lydia.bartolome@euromaster.com,yes,17,Move to folder,EUROMASTER,"OR (from,is,lydia.bartolome@euromaster.com) OR (from,ends with,@euromaster.com)",2,from,ends with;is
C:\Users\gines\AppData\Roaming\Thunderbird\Profiles\i2blparj.default\Mail\mail.gira.net\msgFilterRules.dat,Mail/mail.gira.net,Remitente es: portal@rema-tiptop.es,yes,17,Move to folder,Trash/TIP-TOP,"AND (from,is,portal@rema-tiptop.es)",1,from,is
C:\Users\gines\AppData\Roaming\Thunderbird\Profiles\i2blparj.default\Mail\mail.gira.net\msgFilterRules.dat,Mail/mail.gira.net,Remitente es: ecommerce@rema-tiptop.es,yes,337,Move to folder,Trash/TIP-TOP,"OR (from,is,ecommerce@rema-tiptop.es) OR (from,is,portal@rema-tiptop.es) OR (from,is,facturacion@rema-tiptop.es) OR (from,ends with,@rema-tiptop.es)",4,from,ends with;is
C:\Users\gines\AppData\Roaming\Thunderbird\Profiles\i2blparj.default\Mail\mail.gira.net\msgFilterRules.dat,Mail/mail.gira.net,Remitente es: n.mihai@kyb-europe.com,yes,17,Move to folder,KYB,"OR (from,is,n.mihai@kyb-europe.com) OR (from,ends with,kyb-europe.com)",2,from,ends with;is
C:\Users\gines\AppData\Roaming\Thunderbird\Profiles\i2blparj.default\Mail\mail.gira.net\msgFilterRules.dat,Mail/mail.gira.net,Remitente es: duerto@duerto.com,yes,17,Move to folder,DUERTO,"AND (from,is,duerto@duerto.com)",1,from,is
C:\Users\gines\AppData\Roaming\Thunderbird\Profiles\i2blparj.default\Mail\mail.gira.net\msgFilterRules.dat,Mail/mail.gira.net,Remitente es: iliana.el.youjili@continental.com,yes,17,Move to folder,CONTINENTAL CORREAS,"OR (from,is,iliana.el.youjili@continental.com) OR (from,ends with,@continental.com)",2,from,ends with;is
C:\Users\gines\AppData\Roaming\Thunderbird\Profiles\i2blparj.default\Mail\mail.gira.net\msgFilterRules.dat,Mail/mail.gira.net,Remitente es: contact@mecafilter-info.com,yes,17,Move to folder,MECAFILTER,"AND (from,is,contact@mecafilter-info.com)",1,from,is
C:\Users\gines\AppData\Roaming\Thunderbird\Profiles\i2blparj.default\Mail\mail.gira.net\msgFilterRules.dat,Mail/mail.gira.net,Remitente es: comercial@transmisiones-cardiberica.com,yes,17,Move to folder,CARDIBERICA,"AND (from,is,comercial@transmisiones-cardiberica.com)",1,from,is
C:\Users\gines\AppData\Roaming\Thunderbird\Profiles\i2blparj.default\Mail\mail.gira.net\msgFilterRules.dat,Mail/mail.gira.net,Remitente es: facturacion@iparlux.es,yes,17,Move to folder,IPARLUX,"AND (from,is,facturacion@iparlux.es)",1,from,is
C:\Users\gines\AppData\Roaming\Thunderbird\Profiles\i2blparj.default\Mail\mail.gira.net\msgFilterRules.dat,Mail/mail.gira.net,Remitente es: BremboDispatcher@lutech.it,yes,337,Move to folder,BREMBO,"OR (from,is,BremboDispatcher@lutech.it) OR (from,is,JoseAntonio_Bailo@brembo.es) OR (from,ends with,@brembo.es)",3,from,ends with;is
C:\Users\gines\AppData\Roaming\Thunderbird\Profiles\i2blparj.default\Mail\mail.gira.net\msgFilterRules.dat,Mail/mail.gira.net,Remitente es: e-invoicing@ptg.contitech.de,yes,17,Move to folder,CONTINENTAL CORREAS,"AND (from,is,e-invoicing@ptg.contitech.de)",1,from,is
C:\Users\gines\AppData\Roaming\Thunderbird\Profiles\i2blparj.default\Mail\mail.gira.net\msgFilterRules.dat,Mail/mail.gira.net,Remitente es: administracion@meat-doria.es,yes,17,Move to folder,MEAT-DORIA,"OR (from,is,administracion@meat-doria.es) OR (from,is,facturacion@meat-doria.es) OR (from,ends with,@meat-doria.es)",3,from,ends with;is
C:\Users\gines\AppData\Roaming\Thunderbird\Profiles\i2blparj.default\Mail\mail.gira.net\msgFilterRules.dat,Mail/mail.gira.net,Remitente es: noreply@toprecambios.com,yes,17,Move to folder,TOP RECAMBIOS,"AND (from,is,noreply@toprecambios.com)",1,from,is
C:\Users\gines\AppData\Roaming\Thunderbird\Profiles\i2blparj.default\Mail\mail.gira.net\msgFilterRules.dat,Mail/mail.gira.net,Remitente es: barralautofordcoslada@gmail.com,yes,17,Move to folder,BARRAL AUTO,"AND (from,is,barralautofordcoslada@gmail.com)",1,from,is
C:\Users\gines\AppData\Roaming\Thunderbird\Profiles\i2blparj.default\Mail\mail.gira.net\msgFilterRules.dat,Mail/mail.gira.net,Remitente es: administracion@rolmovil.net,yes,17,Move to folder,POOL LINE,"OR (from,is,administracion@rolmovil.net) OR (from,is,pedidos@pool-line.com) OR (from,ends with,@pool-line.com)",3,from,ends with;is
C:\Users\gines\AppData\Roaming\Thunderbird\Profiles\i2blparj.default\Mail\mail.gira.net\msgFilterRules.dat,Mail/mail.gira.net,Remitente es: admin@toprecambios.com,yes,17,Move to folder,TOP RECAMBIOS,"AND (from,is,admin@toprecambios.com)",1,from,is
C:\Users\gines\AppData\Roaming\Thunderbird\Profiles\i2blparj.default\Mail\mail.gira.net\msgFilterRules.dat,Mail/mail.gira.net,Remitente es: talleres.automecanica-albox@rediveco.com,yes,17,Move to folder,AUTOMECANICA ALBOX TURISMO,"AND (from,is,talleres.automecanica-albox@rediveco.com)",1,from,is
C:\Users\gines\AppData\Roaming\Thunderbird\Profiles\i2blparj.default\Mail\mail.gira.net\msgFilterRules.dat,Mail/mail.gira.net,Remitente es: pedidos2@toprecambios.com,yes,17,Move to folder,TOP RECAMBIOS,"AND (from,is,pedidos2@toprecambios.com)",1,from,is
C:\Users\gines\AppData\Roaming\Thunderbird\Profiles\i2blparj.default\Mail\mail.gira.net\msgFilterRules.dat,Mail/mail.gira.net,Remitente es: infoenvios@mail.seur.info,yes,17,Move to folder,SEUR,"AND (from,is,infoenvios@mail.seur.info)",1,from,is
C:\Users\gines\AppData\Roaming\Thunderbird\Profiles\i2blparj.default\Mail\mail.gira.net\msgFilterRules.dat,Mail/mail.gira.net,Remitente es: almacenlucena@gmail.com,yes,337,Move to folder,NEUMATICOS LUCENA,"OR (from,is,almacenlucena@gmail.com) OR (from,is,administracion@neumaticoslucena.com) OR (from,is,neumaticoslucenasl@gmail.com) OR (from,ends with,@neumaticoslucena.com)",4,from,ends with;is
C:\Users\gines\AppData\Roaming\Thunderbird\Profiles\i2blparj.default\Mail\mail.gira.net\msgFilterRules.dat,Mail/mail.gira.net,Remitente es: marta.buceta@contitech.es,yes,337,Move to folder,CONTINENTAL CORREAS,"OR (from,is,marta.buceta@contitech.es) OR (from,ends with,@contitech.es)",2,from,ends with;is
C:\Users\gines\AppData\Roaming\Thunderbird\Profiles\i2blparj.default\Mail\mail.gira.net\msgFilterRules.dat,Mail/mail.gira.net,Remitente es: gachino@algogroup.net,yes,273,Move to folder,ALGO GROUP,"OR (from,is,gachino@algogroup.net) OR (from,ends with,@algogroup.net)",2,from,ends with;is
C:\Users\gines\AppData\Roaming\Thunderbird\Profiles\i2blparj.default\Mail\mail.gira.net\msgFilterRules.dat,Mail/mail.gira.net,Remitente contiene: @asysum.com,yes,17,Move to folder,ASYSUM,"AND (from,contains,@asysum.com)",1,from,contains
C:\Users\gines\AppData\Roaming\Thunderbird\Profiles\i2blparj.default\Mail\mail.gira.net\msgFilterRules.dat,Mail/mail.gira.net,Remitente contiene: facturacion@serca.es,yes,273,Move to folder,SERCA FACTURACION,"OR (from,contains,facturacion@serca.es) OR (from,contains,eduard.calpe@serca.es) OR (from,contains,proveedores@serca.es) OR (from,contains,sergio.gonzalez@serca.es) OR (subject,contains,VETURILO)",5,from;subject,contains
C:\Users\gines\AppData\Roaming\Thunderbird\Profiles\i2blparj.default\Mail\mail.gira.net\msgFilterRules.dat,Mail/mail.gira.net,Remitente es: facturas@toprecambios.com,yes,17,Move to folder,TOP RECAMBIOS,"AND (from,is,facturas@toprecambios.com)",1,from,is
C:\Users\gines\AppData\Roaming\Thunderbird\Profiles\i2blparj.default\Mail\mail.gira.net\msgFilterRules.dat,Mail/mail.gira.net,Remitente es: facturacion@toprecambios.com,yes,273,Move to folder,TOP RECAMBIOS,"OR (from,is,facturacion@toprecambios.com) OR (from,contains,facturas@toprecambios.es)",2,from,contains;is
C:\Users\gines\AppData\Roaming\Thunderbird\Profiles\i2blparj.default\Mail\mail.gira.net\msgFilterRules.dat,Mail/mail.gira.net,Remitente es: atencionalcliente@pulpiautomocion.com,yes,17,Move to folder,PULPI AUTOMOCION,"AND (from,is,atencionalcliente@pulpiautomocion.com)",1,from,is
C:\Users\gines\AppData\Roaming\Thunderbird\Profiles\i2blparj.default\Mail\mail.gira.net\msgFilterRules.dat,Mail/mail.gira.net,Remitente es: harrywalker@harrywalker.net,yes,17,Move to folder,HARRY WALKER RODAMIENTOS,"AND (from,is,harrywalker@harrywalker.net)",1,from,is
C:\Users\gines\AppData\Roaming\Thunderbird\Profiles\i2blparj.default\Mail\mail.gira.net\msgFilterRules.dat,Mail/mail.gira.net,Remitente es: adm.spj@spj.es,yes,17,Move to folder,SPJ0f44851e,"AND (from,is,adm.spj@spj.es)",1,from,is
C:\Users\gines\AppData\Roaming\Thunderbird\Profiles\i2blparj.default\Mail\mail.gira.net\msgFilterRules.dat,Mail/mail.gira.net,Remitente termina con: @htlubricantoils.com,yes,17,Move to folder,HTLO LUBRICANTES,"AND (from,ends with,@htlubricantoils.com)",1,from,ends with
C:\Users\gines\AppData\Roaming\Thunderbird\Profiles\i2blparj.default\Mail\mail.gira.net\msgFilterRules.dat,Mail/mail.gira.net,Remitente es: facturacionferrevera@gmail.com,yes,17,Move to folder,FERREVERA,"AND (from,is,facturacionferrevera@gmail.com)",1,from,is
C:\Users\gines\AppData\Roaming\Thunderbird\Profiles\i2blparj.default\Mail\mail.gira.net\msgFilterRules.dat,Mail/mail.gira.net,Remitente es: administracion@rztools.com,yes,17,Move to folder,RZTOOLS,"AND (from,is,administracion@rztools.com)",1,from,is
C:\Users\gines\AppData\Roaming\Thunderbird\Profiles\i2blparj.default\Mail\mail.gira.net\msgFilterRules.dat,Mail/mail.gira.net,Remitente es: facturacion.almeria@seur.net,yes,17,Move to folder,SEUR,"AND (from,is,facturacion.almeria@seur.net)",1,from,is
C:\Users\gines\AppData\Roaming\Thunderbird\Profiles\i2blparj.default\Mail\mail.gira.net\msgFilterRules.dat,Mail/mail.gira.net,Remitente es: erp@cecauto.com,yes,17,Move to folder,CECAUTO,"AND (from,is,erp@cecauto.com)",1,from,is
C:\Users\gines\AppData\Roaming\Thunderbird\Profiles\i2blparj.default\Mail\mail.gira.net\msgFilterRules.dat,Mail/mail.gira.net,Remitente es: elisa.franceschini@airtopitalia.eu,yes,17,Move to folder,AIRTOP ITALIA,"AND (from,is,elisa.franceschini@airtopitalia.eu)",1,from,is
C:\Users\gines\AppData\Roaming\Thunderbird\Profiles\i2blparj.default\Mail\mail.gira.net\msgFilterRules.dat,Mail/mail.gira.net,Remitente es: es.prometeon.i.sdd@prometeon.com,yes,17,Move to folder,PROMETEON,"AND (from,ends with,@prometeon.com)",1,from,ends with
C:\Users\gines\AppData\Roaming\Thunderbird\Profiles\i2blparj.default\Mail\mail.gira.net\msgFilterRules.dat,Mail/mail.gira.net,Remitente termina con: @ams-osram.com,yes,273,Move to folder,OSRAM,"OR (from,ends with,@ams-osram.com) OR (from,ends with,@osram.com)",2,from,ends with
C:\Users\gines\AppData\Roaming\Thunderbird\Profiles\i2blparj.default\Mail\mail.gira.net\msgFilterRules.dat,Mail/mail.gira.net,Remitente es: sonia@amolux.net,yes,17,Move to folder,AMOLUX,"AND (from,is,sonia@amolux.net)",1,from,is
C:\Users\gines\AppData\Roaming\Thunderbird\Profiles\i2blparj.default\Mail\mail.gira.net\msgFilterRules.dat,Mail/mail.gira.net,Remitente es: nissens@nissens.com,yes,17,Move to folder,NISSENS,"AND (from,is,nissens@nissens.com)",1,from,is
C:\Users\gines\AppData\Roaming\Thunderbird\Profiles\i2blparj.default\Mail\mail.gira.net\msgFilterRules.dat,Mail/mail.gira.net,Remitente contiene: @danazaragoza.com,yes,273,Move to folder,DANA AUTOMOCION,"OR (from,is,facturacion@danazaragoza.com) OR (from,ends with,@dana.com)",2,from,ends with;is
C:\Users\gines\AppData\Roaming\Thunderbird\Profiles\i2blparj.default\Mail\mail.gira.net\msgFilterRules.dat,Mail/mail.gira.net,Remitente es: Facturacion@barralauto.com,yes,273,Move to folder,BARRAL AUTO,"OR (from,is,Facturacion@barralauto.com) OR (subject,contains,barral auto) OR (from,contains,barral auto)",3,from;subject,contains;is
C:\Users\gines\AppData\Roaming\Thunderbird\Profiles\i2blparj.default\Mail\mail.gira.net\msgFilterRules.dat,Mail/mail.gira.net,Remitente termina con: @as-sl.com,yes,17,Move to folder,AS,"AND (from,ends with,@as-sl.com)",1,from,ends with
C:\Users\gines\AppData\Roaming\Thunderbird\Profiles\i2blparj.default\Mail\mail.gira.net\msgFilterRules.dat,Mail/mail.gira.net,Remitente es: sash@lubricantes-sash.com,yes,17,Move to folder,ACEITES Y LUBRICANTES SASH,"AND (from,ends with,@lubricantes-sash.com)",1,from,ends with
C:\Users\gines\AppData\Roaming\Thunderbird\Profiles\i2blparj.default\Mail\mail.gira.net\msgFilterRules.dat,Mail/mail.gira.net,Remitente es: facturacion@alcaner.com,yes,17,Move to folder,ALCANER 2000,"AND (from,is,facturacion@alcaner.com)",1,from,is
C:\Users\gines\AppData\Roaming\Thunderbird\Profiles\i2blparj.default\Mail\mail.gira.net\msgFilterRules.dat,Mail/mail.gira.net,Remitente es: javi@liv-indurain.com,yes,17,Move to folder,PRODUCTOS LIV610ec48b,"AND (from,ends with,@liv-indurain.com)",1,from,ends with
C:\Users\gines\AppData\Roaming\Thunderbird\Profiles\i2blparj.default\Mail\mail.gira.net\msgFilterRules.dat,Mail/mail.gira.net,Remitente es: noreply@nex.es,yes,17,Move to folder,NEX TYRES,"AND (from,is,noreply@nex.es)",1,from,is
C:\Users\gines\AppData\Roaming\Thunderbird\Profiles\i2blparj.default\Mail\mail.gira.net\msgFilterRules.dat,Mail/mail.gira.net,Remitente es: grupo@holyauto.com,yes,17,Move to folder,HOLY AUTO,"AND (from,is,grupo@holyauto.com)",1,from,is
C:\Users\gines\AppData\Roaming\Thunderbird\Profiles\i2blparj.default\Mail\mail.gira.net\msgFilterRules.dat,Mail/mail.gira.net,Remitente es: m.gonzalez@eaclima.es,yes,17,Move to folder,EACLIMA,"AND (from,is,m.gonzalez@eaclima.es)",1,from,is
C:\Users\gines\AppData\Roaming\Thunderbird\Profiles\i2blparj.default\Mail\mail.gira.net\msgFilterRules.dat,Mail/mail.gira.net,Remitente es: ecommerce2.aarm@dk.bosch.com,yes,17,Move to folder,HC-CARGO,"AND (from,is,ecommerce2.aarm@dk.bosch.com)",1,from,is
C:\Users\gines\AppData\Roaming\Thunderbird\Profiles\i2blparj.default\Mail\mail.gira.net\msgFilterRules.dat,Mail/mail.gira.net,Remitente es: mailer_sap@ajusa.es,yes,17,Move to folder,AJUSA,"AND (from,is,mailer_sap@ajusa.es)",1,from,is
C:\Users\gines\AppData\Roaming\Thunderbird\Profiles\i2blparj.default\Mail\mail.gira.net\msgFilterRules.dat,Mail/mail.gira.net,Remitente contiene: totalenergies,yes,273,Move to folder,TOTAL,"AND (from,contains,totalenergies)",1,from,contains
C:\Users\gines\AppData\Roaming\Thunderbird\Profiles\i2blparj.default\Mail\mail.gira.net\msgFilterRules.dat,Mail/mail.gira.net,Remitente es: goyra@ofiexperts.es,yes,17,Move to folder,GOYRA,"OR (from,is,goyra@ofiexperts.es) OR (from,is,goyraofii@gmail.com)",2,from,is
C:\Users\gines\AppData\Roaming\Thunderbird\Profiles\i2blparj.default\Mail\mail.gira.net\msgFilterRules.dat,Mail/mail.gira.net,Remitente es: lucia@ceapi.es,yes,17,Move to folder,CEAPI,"AND (from,is,lucia@ceapi.es)",1,from,is
C:\Users\gines\AppData\Roaming\Thunderbird\Profiles\i2blparj.default\Mail\mail.gira.net\msgFilterRules.dat,Mail/mail.gira.net,Remitente es: atencionalcliente@ita-rotomatic.com,yes,17,Move to folder,ITA-ROTOMATIC,"OR (from,is,atencionalcliente@ita-rotomatic.com) OR (from,ends with,ita-rotomatic.com) OR (from,ends with,oficinaitarotomatic@gmail.com)",3,from,ends with;is
C:\Users\gines\AppData\Roaming\Thunderbird\Profiles\i2blparj.default\Mail\mail.gira.net\msgFilterRules.dat,Mail/mail.gira.net,Remitente es: administracion@amosan.es,yes,17,Move to folder,AMOSAN,"AND (from,is,administracion@amosan.es)",1,from,is
C:\Users\gines\AppData\Roaming\Thunderbird\Profiles\i2blparj.default\Mail\mail.gira.net\msgFilterRules.dat,Mail/mail.gira.net,Remitente es: admin@msmc.es,yes,17,Move to folder,MSMC4f5fc55b,"AND (from,is,admin@msmc.es)",1,from,is
C:\Users\gines\AppData\Roaming\Thunderbird\Profiles\i2blparj.default\Mail\mail.gira.net\msgFilterRules.dat,Mail/mail.gira.net,Remitente es: facturacioncartes@grupocartes.es,yes,17,Move to folder,FILTROS CARTES,"AND (from,is,facturacioncartes@grupocartes.es)",1,from,is
C:\Users\gines\AppData\Roaming\Thunderbird\Profiles\i2blparj.default\Mail\mail.gira.net\msgFilterRules.dat,Mail/mail.gira.net,Remitente es: contabilidad@pemebla.com,yes,17,Move to folder,PEMEBLA,"AND (from,is,contabilidad@pemebla.com)",1,from,is
C:\Users\gines\AppData\Roaming\Thunderbird\Profiles\i2blparj.default\Mail\mail.gira.net\msgFilterRules.dat,Mail/mail.gira.net,Remitente es: efactura@exclusivasbcn.com,yes,17,Move to folder,EXCLUSIVAS BCN,"AND (from,is,efactura@exclusivasbcn.com)",1,from,is
C:\Users\gines\AppData\Roaming\Thunderbird\Profiles\i2blparj.default\Mail\mail.gira.net\msgFilterRules.dat,Mail/mail.gira.net,Remitente es: BremboDispatcher@DISC.it,yes,17,Move to folder,BREMBO,"AND (from,is,BremboDispatcher@DISC.it)",1,from,is
C:\Users\gines\AppData\Roaming\Thunderbird\Profiles\i2blparj.default\Mail\mail.gira.net\msgFilterRules.dat,Mail/mail.gira.net,Remitente es: marta@exclusivasbcn.com,yes,337,Move to folder,EXCLUSIVAS BCN,"AND (from,is,marta@exclusivasbcn.com)",1,from,is
C:\Users\gines\AppData\Roaming\Thunderbird\Profiles\i2blparj.default\Mail\mail.gira.net\msgFilterRules.dat,Mail/mail.gira.net,Remitente es: administracio@jbmcamp.com,yes,17,Move to folder,JBM,"AND (from,is,administracio@jbmcamp.com)",1,from,is
C:\Users\gines\AppData\Roaming\Thunderbird\Profiles\i2blparj.default\Mail\mail.gira.net\msgFilterRules.dat,Mail/mail.gira.net,Remitente es: contabilidad@fare-auto.com,yes,337,Move to folder,FARE,"AND (from,is,contabilidad@fare-auto.com)",1,from,is
C:\Users\gines\AppData\Roaming\Thunderbird\Profiles\i2blparj.default\Mail\mail.gira.net\msgFilterRules.dat,Mail/mail.gira.net,Remitente es: pedidos@acps-automotive.com,yes,17,Move to folder,ACPS AUTOMOTIVE,"OR (from,is,pedidos@acps-automotive.com) OR (from,is,javier.lorenzo@acps-automotive.com) OR (from,ends with,@acps-automotive.com)",3,from,ends with;is
C:\Users\gines\AppData\Roaming\Thunderbird\Profiles\i2blparj.default\Mail\mail.gira.net\msgFilterRules.dat,Mail/mail.gira.net,Remitente es: optimal@optimal-spain.com,yes,337,Move to folder,OPTIMAL,"OR (from,is,optimal@optimal-spain.com) OR (from,is,xavi@optimal-spain.com) OR (from,ends with,@optimal-spain.com)",3,from,ends with;is
C:\Users\gines\AppData\Roaming\Thunderbird\Profiles\i2blparj.default\Mail\mail.gira.net\msgFilterRules.dat,Mail/mail.gira.net,Remitente es: r.delgado@kyb-europe.com,yes,17,Move to folder,KYB,"AND (from,is,r.delgado@kyb-europe.com)",1,from,is
C:\Users\gines\AppData\Roaming\Thunderbird\Profiles\i2blparj.default\Mail\mail.gira.net\msgFilterRules.dat,Mail/mail.gira.net,Remitente es: m.gonzalez@teasa.net,yes,337,Move to folder,EACLIMA,"AND (from,is,m.gonzalez@teasa.net)",1,from,is
C:\Users\gines\AppData\Roaming\Thunderbird\Profiles\i2blparj.default\Mail\mail.gira.net\msgFilterRules.dat,Mail/mail.gira.net,Remitente es: tallerbayra@gmail.com,yes,337,Move to folder,TALLERES BAYRA,"AND (from,is,tallerbayra@gmail.com)",1,from,is
C:\Users\gines\AppData\Roaming\Thunderbird\Profiles\i2blparj.default\Mail\mail.gira.net\msgFilterRules.dat,Mail/mail.gira.net,Remitente es: administracion@recambiosjesus.com,yes,337,Move to folder,RECAMBIOS JESUS,"OR (from,is,administracion@recambiosjesus.com) OR (from,ends with,@recambiosjesus.com) OR (from,is,facturacion@recambiosjesus.com)",3,from,ends with;is
C:\Users\gines\AppData\Roaming\Thunderbird\Profiles\i2blparj.default\Mail\mail.gira.net\msgFilterRules.dat,Mail/mail.gira.net,Remitente es: albox@chemaneumaticos.es,yes,337,Move to folder,CHEMA NEUMATICOS,"AND (from,is,albox@chemaneumaticos.es)",1,from,is
C:\Users\gines\AppData\Roaming\Thunderbird\Profiles\i2blparj.default\Mail\mail.gira.net\msgFilterRules.dat,Mail/mail.gira.net,Remitente es: ita-rotomatic@cecot.es,yes,273,Move to folder,ITA-ROTOMATIC,"AND (from,is,ita-rotomatic@cecot.es)",1,from,is
C:\Users\gines\AppData\Roaming\Thunderbird\Profiles\i2blparj.default\Mail\mail.gira.net\msgFilterRules.dat,Mail/mail.gira.net,Remitente termina con: @mahle.com,yes,337,Move to folder,MAHLE,"OR (from,ends with,@mahle.com) OR (subject,contains,MAHLE Aftermarket S.L.U)",2,from;subject,contains;ends with
C:\Users\gines\AppData\Roaming\Thunderbird\Profiles\i2blparj.default\Mail\mail.gira.net\msgFilterRules.dat,Mail/mail.gira.net,Remitente contiene: ICR-reporting@ppg.com,yes,273,Move to folder,ICR IBERICA,"OR (from,contains,ICR-reporting@ppg.com) OR (subject,contains,ICR IBERICA)",2,from;subject,contains
C:\Users\gines\AppData\Roaming\Thunderbird\Profiles\i2blparj.default\Mail\mail.gira.net\msgFilterRules.dat,Mail/mail.gira.net,Asunto contiene: anydesk,yes,273,Move to folder,ANYDESK,"OR (subject,contains,anydesk) OR (from,contains,support@anydesk.com)",2,from;subject,contains
C:\Users\gines\AppData\Roaming\Thunderbird\Profiles\i2blparj.default\Mail\mail.gira.net\msgFilterRules.dat,Mail/mail.gira.net,Remitente es: factura@cevamiberica.com,yes,273,Move to folder,CEVAM,"OR (from,is,factura@cevamiberica.com) OR (all addresses,contains,ramon.hernandez.cevamiberica.com) OR (from,is,almacen@cevamiberica.com) OR (from,contains,@cevamiberica.com) OR (from,ends with,@cevam.com)",5,all addresses;from,contains;ends with;is
C:\Users\gines\AppData\Roaming\Thunderbird\Profiles\i2blparj.default\Mail\mail.gira.net\msgFilterRules.dat,Mail/mail.gira.net,Remitente termina con: @solaufil.com,yes,17,Move to folder,MECAFILTER,"AND (from,ends with,@solaufil.com)",1,from,ends with
C:\Users\gines\AppData\Roaming\Thunderbird\Profiles\i2blparj.default\Mail\mail.gira.net\msgFilterRules.dat,Mail/mail.gira.net,Remitente es: pmancebo@gira.net,yes,17,Move to folder,GIRA,"AND (from,is,pmancebo@gira.net)",1,from,is
C:\Users\gines\AppData\Roaming\Thunderbird\Profiles\i2blparj.default\Mail\mail.gira.net\msgFilterRules.dat,Mail/mail.gira.net,Remitente es: vs-madrid-pedidos@valeo.com,yes,17,Move to folder,VALEO,"AND (from,is,vs-madrid-pedidos@valeo.com)",1,from,is
C:\Users\gines\AppData\Roaming\Thunderbird\Profiles\i2blparj.default\Mail\mail.gira.net\msgFilterRules.dat,Mail/mail.gira.net,borg & beck,yes,337,Move to folder,BB - BORG & BECK(2),"AND (from,ends with,@borgandbeck.com)",1,from,ends with
C:\Users\gines\AppData\Roaming\Thunderbird\Profiles\i2blparj.default\Mail\mail.gira.net\msgFilterRules.dat,Mail/mail.gira.net,estanfi,yes,337,Move to folder,ESTANFI,"AND (from,is,admin02@estanfi.com)",1,from,is
C:\Users\gines\AppData\Roaming\Thunderbird\Profiles\i2blparj.default\Mail\mail.gira.net\msgFilterRules.dat,Mail/mail.gira.net,Remitente termina con: @filtroscartes.net,yes,337,Move to folder,FILTROS CARTES,"AND (from,ends with,@filtroscartes.net)",1,from,ends with
C:\Users\gines\AppData\Roaming\Thunderbird\Profiles\i2blparj.default\Mail\mail.gira.net\msgFilterRules.dat,Mail/mail.gira.net,Remitente termina con: @esneagri.com,yes,337,Move to folder,ESNEAGRI,"AND (from,ends with,@esneagri.com)",1,from,ends with
C:\Users\gines\AppData\Roaming\Thunderbird\Profiles\i2blparj.default\Mail\mail.gira.net\msgFilterRules.dat,Mail/mail.gira.net,nertor,yes,337,Move to folder,NER-TOR,"AND (from,ends with,@nertor.com)",1,from,ends with
C:\Users\gines\AppData\Roaming\Thunderbird\Profiles\i2blparj.default\Mail\mail.gira.net\msgFilterRules.dat,Mail/mail.gira.net,Remitente es: pedidos@fmg-eu.com,yes,337,Move to folder,RH,"AND (from,is,pedidos@fmg-eu.com)",1,from,is
C:\Users\gines\AppData\Roaming\Thunderbird\Profiles\i2blparj.default\Mail\mail.gira.net\msgFilterRules.dat,Mail/mail.gira.net,Remitente es: mbernal@azurglobal.es,yes,337,Move to folder,AZUR GLOBAL,"AND (from,is,mbernal@azurglobal.es)",1,from,is
C:\Users\gines\AppData\Roaming\Thunderbird\Profiles\i2blparj.default\Mail\mail.gira.net\msgFilterRules.dat,Mail/mail.gira.net,Remitente es: spain@nrf.eu,yes,337,Move to folder,NRF,"AND (from,is,spain@nrf.eu)",1,from,is
C:\Users\gines\AppData\Roaming\Thunderbird\Profiles\i2blparj.default\Mail\mail.gira.net\msgFilterRules.dat,Mail/mail.gira.net,DAISA,yes,337,Move to folder,DAISA - VARTA,"AND (from,ends with,@daisa.es)",1,from,ends with
C:\Users\gines\AppData\Roaming\Thunderbird\Profiles\i2blparj.default\Mail\mail.gira.net\msgFilterRules.dat,Mail/mail.gira.net,FEBEST,yes,337,Move to folder,FEBEST - RUMBO NORTE,"AND (from,ends with,@rumbonorterecambios.com)",1,from,ends with
C:\Users\gines\AppData\Roaming\Thunderbird\Profiles\i2blparj.default\Mail\mail.gira.net\msgFilterRules.dat,Mail/mail.gira.net,CHEMA,yes,321,Move to folder,CHEMA NEUMATICOS,"AND (from,contains,@gruposalasaguila.es)",1,from,contains
C:\Users\gines\AppData\Roaming\Thunderbird\Profiles\i2blparj.default\Mail\mail.gira.net\msgFilterRules.dat,Mail/mail.gira.net,ARVERA,yes,337,Move to folder,ARVERA12ef9588,"OR (from,is,antonioarvera@serca.es) OR (from,is,joseagr80@gmail.com) OR (from,is,castellano@serca.es) OR (from,is,jantonioarvera@serca.es) OR (from,is,cayuela@serca.es)",5,from,is
C:\Users\gines\AppData\Roaming\Thunderbird\Profiles\i2blparj.default\Mail\mail.gira.net\msgFilterRules.dat,Mail/mail.gira.net,EXIDE,yes,321,Move to folder,EXIDE,"AND (from,contains,@exidegroup.com)",1,from,contains
C:\Users\gines\AppData\Roaming\Thunderbird\Profiles\i2blparj.default\Mail\outlook.office365-1.com\msgFilterRules.dat,Mail/outlook.office365-1.com,Remitente es: NIEVES.ESCRIBANO@DRIV.COM,yes,17,Move to folder,FEDERAL MOGUL,"AND (from,is,NIEVES.ESCRIBANO@DRIV.COM)",1,from,is
C:\Users\gines\AppData\Roaming\Thunderbird\Profiles\i2blparj.default\Mail\outlook.office365-1.com\msgFilterRules.dat,Mail/outlook.office365-1.com,Remitente es: ramon.hernandez@cevamiberica.com,yes,17,Move to folder,CEVAM,"AND (from,is,ramon.hernandez@cevamiberica.com)",1,from,is
C:\Users\gines\AppData\Roaming\Thunderbird\Profiles\i2blparj.default\Mail\outlook.office365-1.com\msgFilterRules.dat,Mail/outlook.office365-1.com,CECAUTO,yes,337,Move to folder,CECAUTO,"AND (from,ends with,@cecauto.com)",1,from,ends with
C:\Users\gines\AppData\Roaming\Thunderbird\Profiles\i2blparj.default\Mail\outlook.office365-1.com\msgFilterRules.dat,Mail/outlook.office365-1.com,Remitente es: BremboDispatcher@DISC.it,yes,337,Move to folder,BREMBO,"AND (from,is,BremboDispatcher@DISC.it)",1,from,is
C:\Users\gines\AppData\Roaming\Thunderbird\Profiles\i2blparj.default\Mail\outlook.office365-1.com\msgFilterRules.dat,Mail/outlook.office365-1.com,OPTIMAL,yes,337,Move to folder,OPTIMAL,"AND (from,ends with,@optimal-spain.com)",1,from,ends with
C:\Users\gines\AppData\Roaming\Thunderbird\Profiles\i2blparj.default\Mail\outlook.office365-1.com\msgFilterRules.dat,Mail/outlook.office365-1.com,Remitente termina con: @bilsteingroup.com,yes,337,Move to folder,BLISTEIN - SWAG,"AND (from,ends with,@bilsteingroup.com)",1,from,ends with
C:\Users\gines\AppData\Roaming\Thunderbird\Profiles\i2blparj.default\Mail\outlook.office365-1.com\msgFilterRules.dat,Mail/outlook.office365-1.com,ALFESER,yes,337,Move to folder,ALFESER,"AND (from,ends with,@alfeser.com)",1,from,ends with
C:\Users\gines\AppData\Roaming\Thunderbird\Profiles\i2blparj.default\Mail\outlook.office365-1.com\msgFilterRules.dat,Mail/outlook.office365-1.com,DOSEGUER,yes,337,Move to folder,DOSEGUER,"AND (from,ends with,@doseguer.com)",1,from,ends with
C:\Users\gines\AppData\Roaming\Thunderbird\Profiles\i2blparj.default\Mail\outlook.office365-1.com\msgFilterRules.dat,Mail/outlook.office365-1.com,FEDERAL MOGUL,yes,337,Move to folder,FEDERAL MOGUL,"OR (from,is,saphelpdesk@driv.com) OR (from,is,MIHAELARUXANDRA.LAZAR@DRIV.COM) OR (from,ends with,@driv.com)",3,from,ends with;is
C:\Users\gines\AppData\Roaming\Thunderbird\Profiles\i2blparj.default\Mail\outlook.office365.com\msgFilterRules.dat,Mail/outlook.office365.com,DEPRECATED,yes,1,Reply,Templates,ALL,0,,
C:\Users\gines\AppData\Roaming\Thunderbird\Profiles\i2blparj.default\Mail\pop.serviciodecorreo-1.es\msgFilterRules.dat,Mail/pop.serviciodecorreo-1.es,Remitente contiene: @verasur.es,yes,273,Move to folder,VERASUR,"OR (from,contains,@verasur.es)",1,from,contains
C:\Users\gines\AppData\Roaming\Thunderbird\Profiles\i2blparj.default\Mail\pop.serviciodecorreo-1.es\msgFilterRules.dat,Mail/pop.serviciodecorreo-1.es,Remitente es: administracion@repuestosvicente.es,yes,273,Move to folder,REPUESTOS VICENTE,"OR (from,is,administracion@repuestosvicente.es)",1,from,is
C:\Users\gines\AppData\Roaming\Thunderbird\Profiles\i2blparj.default\Mail\pop.serviciodecorreo-1.es\msgFilterRules.dat,Mail/pop.serviciodecorreo-1.es,Remitente es: interjun@interjun.com,yes,273,Move to folder,INTERNACIONAL DE JUNTAS,"AND (from,is,interjun@interjun.com)",1,from,is
C:\Users\gines\AppData\Roaming\Thunderbird\Profiles\i2blparj.default\Mail\pop.serviciodecorreo-1.es\msgFilterRules.dat,Mail/pop.serviciodecorreo-1.es,Remitente es: info@a92parts.es,yes,17,Move to folder,A92 PARTS,"OR (from,is,info@a92parts.es) OR (from,contains,a92parts.es)",2,from,contains;is
C:\Users\gines\AppData\Roaming\Thunderbird\Profiles\i2blparj.default\Mail\pop.serviciodecorreo-1.es\msgFilterRules.dat,Mail/pop.serviciodecorreo-1.es,Remitente es: arspj@ficosa.com,yes,273,Move to folder,SPJ0f44851e,"AND (from,is,arspj@ficosa.com)",1,from,is
C:\Users\gines\AppData\Roaming\Thunderbird\Profiles\i2blparj.default\Mail\pop.serviciodecorreo-1.es\msgFilterRules.dat,Mail/pop.serviciodecorreo-1.es,Remitente es: dmunilla@snovit.eu,yes,273,Copy to folder,COMERCIAL JOPE,"OR (from,is,dmunilla@snovit.eu) OR (from,is,@snovit.eu)",2,from,is
C:\Users\gines\AppData\Roaming\Thunderbird\Profiles\i2blparj.default\Mail\pop.serviciodecorreo-1.es\msgFilterRules.dat,Mail/pop.serviciodecorreo-1.es,Remitente es: jcentano@vermaat.es,yes,273,Move to folder,VERMAT,"OR (from,is,jcentano@vermaat.es) OR (from,is,@vermaat.es)",2,from,is
C:\Users\gines\AppData\Roaming\Thunderbird\Profiles\i2blparj.default\Mail\pop.serviciodecorreo-1.es\msgFilterRules.dat,Mail/pop.serviciodecorreo-1.es,Remitente es: ventas5@3rgindustrial.com,yes,273,Move to folder,3RG,"OR (from,is,ventas5@3rgindustrial.com) OR (from,is,@3rgindustrial.com)",2,from,is
C:\Users\gines\AppData\Roaming\Thunderbird\Profiles\i2blparj.default\Mail\pop.serviciodecorreo-1.es\msgFilterRules.dat,Mail/pop.serviciodecorreo-1.es,Remitente es: redd@redd.es,yes,17,Move to folder,REDD PARTS,"OR (from,is,redd@redd.es) OR (from,contains,@redd.es)",2,from,contains;is
C:\Users\gines\AppData\Roaming\Thunderbird\Profiles\i2blparj.default\Mail\pop.serviciodecorreo-1.es\msgFilterRules.dat,Mail/pop.serviciodecorreo-1.es,Remitente es: pedidos@auto-eco.es,yes,273,Move to folder,AUXOL,"OR (from,is,pedidos@auto-eco.es) OR (from,contains,@auto-eco.es)",2,from,contains;is
C:\Users\gines\AppData\Roaming\Thunderbird\Profiles\i2blparj.default\Mail\pop.serviciodecorreo-1.es\msgFilterRules.dat,Mail/pop.serviciodecorreo-1.es,Remitente es: pedidos@utsch.es,yes,273,Move to folder,UTSCH ESPAÑA,"AND (from,is,pedidos@utsch.es)",1,from,is
C:\Users\gines\AppData\Roaming\Thunderbird\Profiles\i2blparj.default\Mail\pop.serviciodecorreo-1.es\msgFilterRules.dat,Mail/pop.serviciodecorreo-1.es,Remitente es: gomezmotortaller@gmail.com,yes,273,Move to folder,GOMEZ MOTOR,"AND (from,is,gomezmotortaller@gmail.com)",1,from,is
C:\Users\gines\AppData\Roaming\Thunderbird\Profiles\i2blparj.default\Mail\pop.serviciodecorreo-1.es\msgFilterRules.dat,Mail/pop.serviciodecorreo-1.es,Remitente es: administracion@repuestoshubri.com,yes,17,Move to folder,REPUESTOS HUBRI,"OR (from,is,administracion@repuestoshubri.com) OR (from,contains,@repuestoshubri.com)",2,from,contains;is
C:\Users\gines\AppData\Roaming\Thunderbird\Profiles\i2blparj.default\Mail\pop.serviciodecorreo-1.es\msgFilterRules.dat,Mail/pop.serviciodecorreo-1.es,Remitente es: no-reply@contabo.com,yes,273,Move to folder,CONTABO,"OR (from,is,no-reply@contabo.com) OR (from,contains,@contabo.com) OR (from,contains,contabo.com)",3,from,contains;is
C:\Users\gines\AppData\Roaming\Thunderbird\Profiles\i2blparj.default\Mail\pop.serviciodecorreo-1.es\msgFilterRules.dat,Mail/pop.serviciodecorreo-1.es,Remitente es: administracion@ferve.com,yes,273,Move to folder,FERVE,"OR (from,is,administracion@ferve.com) OR (from,contains,@ferve.com)",2,from,contains;is
C:\Users\gines\AppData\Roaming\Thunderbird\Profiles\i2blparj.default\Mail\pop.serviciodecorreo-1.es\msgFilterRules.dat,Mail/pop.serviciodecorreo-1.es,Remitente es: facturacion@frain.es,yes,273,Move to folder,RECAMBIOS FRAIN,"OR (from,is,facturacion@frain.es) OR (from,contains,@frain.es)",2,from,contains;is
C:\Users\gines\AppData\Roaming\Thunderbird\Profiles\i2blparj.default\Mail\pop.serviciodecorreo-1.es\msgFilterRules.dat,Mail/pop.serviciodecorreo-1.es,Remitente es: noreply@gruposoledad.net,yes,17,Move to folder,NEUMATICOS SOLEDAD,"OR (from,is,noreply@gruposoledad.net) OR (from,contains,@gruposoledad.net)",2,from,contains;is
C:\Users\gines\AppData\Roaming\Thunderbird\Profiles\i2blparj.default\Mail\pop.serviciodecorreo-1.es\msgFilterRules.dat,Mail/pop.serviciodecorreo-1.es,Remitente es: alba.martin@itwaam.com,yes,273,Move to folder,KRAFT,"OR (from,is,alba.martin@itwaam.com) OR (from,contains,@itwaam.com)",2,from,contains;is
C:\Users\gines\AppData\Roaming\Thunderbird\Profiles\i2blparj.default\Mail\pop.serviciodecorreo-1.es\msgFilterRules.dat,Mail/pop.serviciodecorreo-1.es,Remitente es: facturas@lavozdealmeria.com,yes,273,Move to folder,LA VOZ DE ALMERIA,"OR (from,is,facturas@lavozdealmeria.com) OR (from,contains,@lavozdealmeria.com)",2,from,contains;is
C:\Users\gines\AppData\Roaming\Thunderbird\Profiles\i2blparj.default\Mail\pop.serviciodecorreo-1.es\msgFilterRules.dat,Mail/pop.serviciodecorreo-1.es,Remitente es: info@instelnet.com,yes,273,Move to folder,INSTELNET,"OR (from,is,info@instelnet.com) OR (from,contains,@instelnet.com)",2,from,contains;is
C:\Users\gines\AppData\Roaming\Thunderbird\Profiles\i2blparj.default\Mail\pop.serviciodecorreo-1.es\msgFilterRules.dat,Mail/pop.serviciodecorreo-1.es,Remitente es: info@corghi.es,yes,273,Move to folder,CORGHI,"AND (from,is,info@corghi.es)",1,from,is
C:\Users\gines\AppData\Roaming\Thunderbird\Profiles\i2blparj.default\Mail\pop.serviciodecorreo-1.es\msgFilterRules.dat,Mail/pop.serviciodecorreo-1.es,Remitente es: facturacion@grupokettei.es,yes,273,Move to folder,KETI,"OR (from,is,facturacion@grupokettei.es) OR (from,contains,@grupokettei.es)",2,from,contains;is
C:\Users\gines\AppData\Roaming\Thunderbird\Profiles\i2blparj.default\Mail\pop.serviciodecorreo-1.es\msgFilterRules.dat,Mail/pop.serviciodecorreo-1.es,Remitente es: damian.admon@redstellantis.es,yes,273,Move to folder,DAMIAN GOMEZ,"AND (from,is,damian.admon@redstellantis.es)",1,from,is
C:\Users\gines\AppData\Roaming\Thunderbird\Profiles\i2blparj.default\Mail\pop.serviciodecorreo-1.es\msgFilterRules.dat,Mail/pop.serviciodecorreo-1.es,Remitente es: avilamartinezvera@gmail.com,yes,273,Move to folder,AVILA MARTINEZ,"OR (from,is,avilamartinezvera@gmail.com) OR (from,contains,avilamartinezvera)",2,from,contains;is
C:\Users\gines\AppData\Roaming\Thunderbird\Profiles\i2blparj.default\Mail\pop.serviciodecorreo-1.es\msgFilterRules.dat,Mail/pop.serviciodecorreo-1.es,Remitente es: noreply@arsys.es,yes,273,Move to folder,ARSYS,"OR (from,is,noreply@arsys.es) OR (from,contains,@arsys.es)",2,from,contains;is
C:\Users\gines\AppData\Roaming\Thunderbird\Profiles\i2blparj.default\Mail\pop.serviciodecorreo-1.es\msgFilterRules.dat,Mail/pop.serviciodecorreo-1.es,Remitente es: administracion@concept-car.es,yes,17,Move to folder,CONCEPT CAR,"OR (from,is,administracion@concept-car.es) OR (from,contains,@concept-car.es)",2,from,contains;is
C:\Users\gines\AppData\Roaming\Thunderbird\Profiles\i2blparj.default\Mail\pop.serviciodecorreo-1.es\msgFilterRules.dat,Mail/pop.serviciodecorreo-1.es,Remitente es: administracion@jbmcamp.com,yes,273,Move to folder,JBM,"OR (from,is,administracion@jbmcamp.com) OR (from,contains,@jbmcamp.com)",2,from,contains;is
C:\Users\gines\AppData\Roaming\Thunderbird\Profiles\i2blparj.default\Mail\pop.serviciodecorreo-1.es\msgFilterRules.dat,Mail/pop.serviciodecorreo-1.es,Remitente es: admon@picoya.es,yes,273,Move to folder,PICOYA,"OR (from,is,admon@picoya.es) OR (from,contains,@picoya.es)",2,from,contains;is
C:\Users\gines\AppData\Roaming\Thunderbird\Profiles\i2blparj.default\Mail\pop.serviciodecorreo-1.es\msgFilterRules.dat,Mail/pop.serviciodecorreo-1.es,Remitente es: administracion@pulpiautomocion.com,yes,273,Move to folder,PULPI AUTOMOCION,"OR (from,is,administracion@pulpiautomocion.com) OR (from,contains,@pulpiautomocion.com)",2,from,contains;is
C:\Users\gines\AppData\Roaming\Thunderbird\Profiles\i2blparj.default\Mail\pop.serviciodecorreo-1.es\msgFilterRules.dat,Mail/pop.serviciodecorreo-1.es,Remitente es: administracion@agityres.com,yes,273,Move to folder,AGITYRES,"OR (from,is,administracion@agityres.com) OR (from,contains,@agityres.com)",2,from,contains;is
C:\Users\gines\AppData\Roaming\Thunderbird\Profiles\i2blparj.default\Mail\pop.serviciodecorreo-1.es\msgFilterRules.dat,Mail/pop.serviciodecorreo-1.es,Remitente es: administracion@manosabombas.com,yes,273,Move to folder,MAÑOSA BOMBAS,"OR (from,is,administracion@manosabombas.com) OR (from,contains,@manosabombas.com)",2,from,contains;is
C:\Users\gines\AppData\Roaming\Thunderbird\Profiles\i2blparj.default\Mail\pop.serviciodecorreo-1.es\msgFilterRules.dat,Mail/pop.serviciodecorreo-1.es,Remitente es: admin@llantauto.net,yes,273,Move to folder,LLANTAUTO,"OR (from,is,admin@llantauto.net) OR (from,contains,@llantauto.net)",2,from,contains;is
C:\Users\gines\AppData\Roaming\Thunderbird\Profiles\i2blparj.default\Mail\pop.serviciodecorreo-1.es\msgFilterRules.dat,Mail/pop.serviciodecorreo-1.es,Remitente es: facturacion.royse@royse.es,yes,273,Move to folder,ROYSE,"OR (from,is,facturacion.royse@royse.es) OR (from,contains,@royse.es)",2,from,contains;is
C:\Users\gines\AppData\Roaming\Thunderbird\Profiles\i2blparj.default\Mail\pop.serviciodecorreo-1.es\msgFilterRules.dat,Mail/pop.serviciodecorreo-1.es,Bandeja de entrada,yes,273,Move to folder,TEXLIMA,"OR (from,contains,@texlimca.com)",1,from,contains
C:\Users\gines\AppData\Roaming\Thunderbird\Profiles\i2blparj.default\Mail\pop.serviciodecorreo-1.es\msgFilterRules.dat,Mail/pop.serviciodecorreo-1.es,Bandeja de entrada,yes,273,Move to folder,VT POWER,"OR (from,contains,pedidos@vtpower.es) OR (from,contains,@vtpower.es)",2,from,contains
C:\Users\gines\AppData\Roaming\Thunderbird\Profiles\i2blparj.default\Mail\pop.serviciodecorreo-1.es\msgFilterRules.dat,Mail/pop.serviciodecorreo-1.es,Remitente es: contabilidad2@localizadorsherlog.es,yes,273,Move to folder,LOCALIZADOR,"OR (from,contains,@localizadorsherlog.es)",1,from,contains
C:\Users\gines\AppData\Roaming\Thunderbird\Profiles\i2blparj.default\Mail\pop.serviciodecorreo-1.es\msgFilterRules.dat,Mail/pop.serviciodecorreo-1.es,Bandeja de entrada,yes,17,Move to folder,SAN JOSE NEUMATICOS,"OR (from,contains,pedidos@sanjoseneumaticos.com) OR (from,contains,@sanjoseneumaticos.com)",2,from,contains
C:\Users\gines\AppData\Roaming\Thunderbird\Profiles\i2blparj.default\Mail\pop.serviciodecorreo-1.es\msgFilterRules.dat,Mail/pop.serviciodecorreo-1.es,Remitente es: silvia@logistik-re.com,yes,273,Move to folder,LOGISTIK,"OR (from,is,silvia@logistik-re.com) OR (from,ends with,@logistik-re.com)",2,from,ends with;is
C:\Users\gines\AppData\Roaming\Thunderbird\Profiles\i2blparj.default\Mail\pop.serviciodecorreo-1.es\msgFilterRules.dat,Mail/pop.serviciodecorreo-1.es,Remitente es: silvia@logistik-re.com,yes,273,Move to folder,LOGISTIK,"OR (from,is,silvia@logistik-re.com) OR (from,ends with,@logistik-re.com)",2,from,ends with;is
C:\Users\gines\AppData\Roaming\Thunderbird\Profiles\i2blparj.default\Mail\pop.serviciodecorreo-1.es\msgFilterRules.dat,Mail/pop.serviciodecorreo-1.es,Remitente termina con: @grupovelasco.es,yes,337,Move to folder,FUENLAMOTOR,"AND (from,ends with,@grupovelasco.es)",1,from,ends with
C:\Users\gines\AppData\Roaming\Thunderbird\Profiles\i2blparj.default\Mail\pop.serviciodecorreo-1.es\msgFilterRules.dat,Mail/pop.serviciodecorreo-1.es,Remitente termina con: @grupovelasco.es,yes,337,Move to folder,FUENLAMOTOR,"AND (from,ends with,@grupovelasco.es)",1,from,ends with
C:\Users\gines\AppData\Roaming\Thunderbird\Profiles\i2blparj.default\Mail\pop.serviciodecorreo-1.es\msgFilterRules.dat,Mail/pop.serviciodecorreo-1.es,Remitente es: jaidev.pradhan@serca.es,yes,17,Move to folder,SERCA FACTURACION,"OR (from,is,jaidev.pradhan@serca.es) OR (from,ends with,@serca.es)",2,from,ends with;is
C:\Users\gines\AppData\Roaming\Thunderbird\Profiles\i2blparj.default\Mail\pop.serviciodecorreo-1.es\msgFilterRules.dat,Mail/pop.serviciodecorreo-1.es,Asunto es: Facturas Electronicas NEX - AUTO RECAMBIOS VERA SL,yes,273,Move to folder,NEX TYRES,"OR (subject,is,Facturas Electronicas NEX - AUTO RECAMBIOS VERA SL)",1,subject,is
C:\Users\gines\AppData\Roaming\Thunderbird\Profiles\i2blparj.default\Mail\pop.serviciodecorreo-1.es\msgFilterRules.dat,Mail/pop.serviciodecorreo-1.es,Asunto contiene: Facturas Electronicas NEX,yes,273,Move to folder,NEX TYRES,"OR (subject,contains,Facturas Electronicas NEX)",1,subject,contains
C:\Users\gines\AppData\Roaming\Thunderbird\Profiles\i2blparj.default\Mail\pop.serviciodecorreo-1.es\msgFilterRules.dat,Mail/pop.serviciodecorreo-1.es,Remitente termina con: @repuestosalmanzora.es,yes,273,Move to folder,REPUESTOS ALMANZORA,"OR (from,ends with,@repuestosalmanzora.es)",1,from,ends with
C:\Users\gines\AppData\Roaming\Thunderbird\Profiles\i2blparj.default\Mail\pop.serviciodecorreo-1.es\msgFilterRules.dat,Mail/pop.serviciodecorreo-1.es,Remitente termina con: @nex.es,yes,273,Move to folder,NEX TYRES,"OR (from,ends with,@nex.es)",1,from,ends with
C:\Users\gines\AppData\Roaming\Thunderbird\Profiles\i2blparj.default\Mail\pop.serviciodecorreo-1.es\msgFilterRules.dat,Mail/pop.serviciodecorreo-1.es,Asunto contiene: Schaeffler Vehicle Lifetime ,yes,273,Move to folder,LUK,"AND (subject,contains,Schaeffler Vehicle Lifetime )",1,subject,contains
C:\Users\gines\AppData\Roaming\Thunderbird\Profiles\i2blparj.default\Mail\pop.serviciodecorreo-1.es\msgFilterRules.dat,Mail/pop.serviciodecorreo-1.es,Remitente es: a.rojas@dapeugeot.net,yes,273,Move to folder,DAMIAN GOMEZ,"AND (from,is,a.rojas@dapeugeot.net)",1,from,is
C:\Users\gines\AppData\Roaming\Thunderbird\Profiles\i2blparj.default\Mail\pop.serviciodecorreo-1.es\msgFilterRules.dat,Mail/pop.serviciodecorreo-1.es,Remitente es: @dapeugeot.net,yes,273,Move to folder,DAMIAN GOMEZ,"OR (from,is,@dapeugeot.net)",1,from,is
C:\Users\gines\AppData\Roaming\Thunderbird\Profiles\i2blparj.default\Mail\pop.serviciodecorreo-1.es\msgFilterRules.dat,Mail/pop.serviciodecorreo-1.es,Remitente termina con: @sogefigroup.com,yes,273,Move to folder,PURFLUX,"OR (from,ends with,@sogefigroup.com)",1,from,ends with
C:\Users\gines\AppData\Roaming\Thunderbird\Profiles\i2blparj.default\Mail\pop.serviciodecorreo-1.es\msgFilterRules.dat,Mail/pop.serviciodecorreo-1.es,Remitente termina con: @superplaque.es,yes,273,Move to folder,SUPERPLAQUE,"OR (from,ends with,@superplaque.es)",1,from,ends with
C:\Users\gines\AppData\Roaming\Thunderbird\Profiles\i2blparj.default\Mail\pop.serviciodecorreo-1.es\msgFilterRules.dat,Mail/pop.serviciodecorreo-1.es,Remitente termina con: @deldo.com,yes,273,Move to folder,DELDO,"AND (from,ends with,@deldo.com)",1,from,ends with
C:\Users\gines\AppData\Roaming\Thunderbird\Profiles\i2blparj.default\Mail\pop.serviciodecorreo-1.es\msgFilterRules.dat,Mail/pop.serviciodecorreo-1.es,Remitente es: administracion@productosliv.com,yes,17,Move to folder,PRODUCTOS LIV610ec48b,"OR (from,is,administracion@productosliv.com) OR (from,ends with,@productosliv.com)",2,from,ends with;is
C:\Users\gines\AppData\Roaming\Thunderbird\Profiles\i2blparj.default\Mail\pop.serviciodecorreo-1.es\msgFilterRules.dat,Mail/pop.serviciodecorreo-1.es,Remitente es: e-factura@fibraya.es,yes,17,Move to folder,INSTELNET,"AND (from,is,e-factura@fibraya.es)",1,from,is
C:\Users\gines\AppData\Roaming\Thunderbird\Profiles\i2blparj.default\Mail\pop.serviciodecorreo-1.es\msgFilterRules.dat,Mail/pop.serviciodecorreo-1.es,Remitente es: rlesaoplubesnacional@repsol.com,yes,17,Move to folder,REPSOL,"OR (from,is,rlesaoplubesnacional@repsol.com) OR (from,ends with,@repsol.com)",2,from,ends with;is
C:\Users\gines\AppData\Roaming\Thunderbird\Profiles\i2blparj.default\Mail\pop.serviciodecorreo-1.es\msgFilterRules.dat,Mail/pop.serviciodecorreo-1.es,Remitente termina con: @dakolub.com,yes,273,Move to folder,DAKOLUB,"OR (from,ends with,@dakolub.com) OR (from,is,proveedores@dakolub.com)",2,from,ends with;is
C:\Users\gines\AppData\Roaming\Thunderbird\Profiles\i2blparj.default\Mail\pop.serviciodecorreo-1.es\msgFilterRules.dat,Mail/pop.serviciodecorreo-1.es,Remitente es: contabilidad@lizarte.onmicrosoft.com,yes,273,Move to folder,LIZARTE,"AND (from,is,contabilidad@lizarte.onmicrosoft.com)",1,from,is
C:\Users\gines\AppData\Roaming\Thunderbird\Profiles\i2blparj.default\Mail\pop.serviciodecorreo-1.es\msgFilterRules.dat,Mail/pop.serviciodecorreo-1.es,Remitente es: administracion@amadini.net,yes,273,Move to folder,AMADINI,"OR (from,is,administracion@amadini.net) OR (from,ends with,@amadini.net)",2,from,ends with;is
C:\Users\gines\AppData\Roaming\Thunderbird\Profiles\i2blparj.default\Mail\pop.serviciodecorreo-1.es\msgFilterRules.dat,Mail/pop.serviciodecorreo-1.es,Remitente es: factura@logistica.com,yes,273,Move to folder,LOGISTICA,"OR (from,is,factura@logistica.com) OR (from,ends with,@logistica.com)",2,from,ends with;is
C:\Users\gines\AppData\Roaming\Thunderbird\Profiles\i2blparj.default\Mail\pop.serviciodecorreo-1.es\msgFilterRules.dat,Mail/pop.serviciodecorreo-1.es,Remitente es: noresponder@inter-matic.com,yes,273,Move to folder,ASYSUM,"OR (from,is,noresponder@inter-matic.com) OR (from,ends with,@inter-matic.com)",2,from,ends with;is
C:\Users\gines\AppData\Roaming\Thunderbird\Profiles\i2blparj.default\Mail\pop.serviciodecorreo-1.es\msgFilterRules.dat,Mail/pop.serviciodecorreo-1.es,Remitente termina con: nex.com,yes,273,Move to folder,NEX TYRES,"OR (from,ends with,nex.com)",1,from,ends with
C:\Users\gines\AppData\Roaming\Thunderbird\Profiles\i2blparj.default\Mail\pop.serviciodecorreo-1.es\msgFilterRules.dat,Mail/pop.serviciodecorreo-1.es,Remitente es: noreply@turbosbcn.es,yes,273,Move to folder,TURBOS BCN,"OR (from,is,noreply@turbosbcn.es) OR (from,ends with,@turbosbcn.es)",2,from,ends with;is
C:\Users\gines\AppData\Roaming\Thunderbird\Profiles\i2blparj.default\Mail\pop.serviciodecorreo-1.es\msgFilterRules.dat,Mail/pop.serviciodecorreo-1.es,Remitente es: noreply@gruposyrsa.com,yes,273,Move to folder,SYRSA,"OR (from,is,noreply@gruposyrsa.com) OR (from,ends with,@gruposyrsa.com) OR (from,contains,syrsa)",3,from,contains;ends with;is
C:\Users\gines\AppData\Roaming\Thunderbird\Profiles\i2blparj.default\Mail\pop.serviciodecorreo-1.es\msgFilterRules.dat,Mail/pop.serviciodecorreo-1.es,Remitente es: aplicacion@cooper2010.es,yes,273,Move to folder,REPUESTOS COOPER,"OR (from,is,aplicacion@cooper2010.es) OR (from,ends with,@cooper2010.es)",2,from,ends with;is
C:\Users\gines\AppData\Roaming\Thunderbird\Profiles\i2blparj.default\Mail\pop.serviciodecorreo-1.es\msgFilterRules.dat,Mail/pop.serviciodecorreo-1.es,Remitente es: postmaster@imasaf.eu,yes,17,Move to folder,IMASAF PRO,"OR (from,is,postmaster@imasaf.eu) OR (from,ends with,@imasaf.eu)",2,from,ends with;is
C:\Users\gines\AppData\Roaming\Thunderbird\Profiles\i2blparj.default\Mail\pop.serviciodecorreo-1.es\msgFilterRules.dat,Mail/pop.serviciodecorreo-1.es,Remitente es: ewaldner@airtopitalia.eu,yes,273,Move to folder,AIRTOP ITALIA,"OR (from,is,ewaldner@airtopitalia.eu) OR (from,ends with,@airtopitalia.eu)",2,from,ends with;is
C:\Users\gines\AppData\Roaming\Thunderbird\Profiles\i2blparj.default\Mail\pop.serviciodecorreo-1.es\msgFilterRules.dat,Mail/pop.serviciodecorreo-1.es,Remitente es: clientes@reynasa.com,yes,273,Move to folder,REYNASA,"OR (from,is,clientes@reynasa.com) OR (from,ends with,@reynasa.com)",2,from,ends with;is
C:\Users\gines\AppData\Roaming\Thunderbird\Profiles\i2blparj.default\Mail\pop.serviciodecorreo-1.es\msgFilterRules.dat,Mail/pop.serviciodecorreo-1.es,admin@arvera.es Â» Bandeja de entrada,yes,273,Move to folder,FILTROS CARTES,"OR (from,contains,facturacion@grupocartes.es) OR (to,contains,facturacion@grupocartes.es)",2,from;to,contains
C:\Users\gines\AppData\Roaming\Thunderbird\Profiles\i2blparj.default\Mail\pop.serviciodecorreo-1.es\msgFilterRules.dat,Mail/pop.serviciodecorreo-1.es,Asunto contiene: noreply@Invoice.tecalliance.net,yes,17,Move to folder,LUK,"AND (subject,contains,\"" Schaeffler Automotive Aftermarket\"")",1,subject,contains
C:\Users\gines\AppData\Roaming\Thunderbird\Profiles\i2blparj.default\Mail\pop.serviciodecorreo-1.es\msgFilterRules.dat,Mail/pop.serviciodecorreo-1.es,Remitente termina con: @skrit.es,yes,273,Move to folder,SKRIT INFORMATICA,"OR (from,ends with,@skrit.es)",1,from,ends with
C:\Users\gines\AppData\Roaming\Thunderbird\Profiles\i2blparj.default\Mail\pop.serviciodecorreo-1.es\msgFilterRules.dat,Mail/pop.serviciodecorreo-1.es,Remitente contiene: joaquin.carretero@rema-tiptop.es,yes,273,Move to folder,TIP-TOP,"OR (from,contains,joaquin.carretero@rema-tiptop.es) OR (from,ends with,@rema-tiptop.es)",2,from,contains;ends with
C:\Users\gines\AppData\Roaming\Thunderbird\Profiles\i2blparj.default\Mail\pop.serviciodecorreo-1.es\msgFilterRules.dat,Mail/pop.serviciodecorreo-1.es,Remitente es: facturacion@ascauto.com,yes,273,Move to folder,ASCAUTO,"AND (from,is,facturacion@ascauto.com)",1,from,is
C:\Users\gines\AppData\Roaming\Thunderbird\Profiles\i2blparj.default\Mail\pop.serviciodecorreo-1.es\msgFilterRules.dat,Mail/pop.serviciodecorreo-1.es,Remitente es: docs-faib@frigair.com,yes,273,Move to folder,FRIG AIR,"AND (from,is,docs-faib@frigair.com)",1,from,is
C:\Users\gines\AppData\Roaming\Thunderbird\Profiles\i2blparj.default\Mail\pop.serviciodecorreo-1.es\msgFilterRules.dat,Mail/pop.serviciodecorreo-1.es,Remitente es: administracion@automecanicaalmanzora.com,yes,273,Move to folder,AUTOMECANICA ALMANZORA,"AND (from,is,administracion@automecanicaalmanzora.com)",1,from,is
C:\Users\gines\AppData\Roaming\Thunderbird\Profiles\i2blparj.default\Mail\pop.serviciodecorreo-1.es\msgFilterRules.dat,Mail/pop.serviciodecorreo-1.es,Remitente es: postventa01@estanfi.com,yes,273,Move to folder,ESTANFI,"AND (from,ends with,@estanfi.com)",1,from,ends with
C:\Users\gines\AppData\Roaming\Thunderbird\Profiles\i2blparj.default\Mail\pop.serviciodecorreo-1.es\msgFilterRules.dat,Mail/pop.serviciodecorreo-1.es,BUZON DE ENTRADA Â» EUROMAQUINARIAS HISPANIDAD,yes,273,Move to folder,EUROMAQUINARIAS HISPANIDAD,"OR (from,contains,jm01@euromaquinas.com) OR (to,contains,jm01@euromaquinas.com)",2,from;to,contains
C:\Users\gines\AppData\Roaming\Thunderbird\Profiles\i2blparj.default\Mail\pop.serviciodecorreo-1.es\msgFilterRules.dat,Mail/pop.serviciodecorreo-1.es,Remitente contiene: @tecnodieselmurcia.com,yes,273,Move to folder,TECNODIESEL,"AND (from,contains,@tecnodieselmurcia.com)",1,from,contains
C:\Users\gines\AppData\Roaming\Thunderbird\Profiles\i2blparj.default\Mail\pop.serviciodecorreo-1.es\msgFilterRules.dat,Mail/pop.serviciodecorreo-1.es,Remitente contiene: rsenosiain@lizarte.com,yes,17,Move to folder,LIZARTE,"AND (from,contains,@lizarte.com)",1,from,contains
C:\Users\gines\AppData\Roaming\Thunderbird\Profiles\i2blparj.default\Mail\pop.serviciodecorreo-1.es\msgFilterRules.dat,Mail/pop.serviciodecorreo-1.es,Remitente termina con: @rodamientos.net,yes,273,Move to folder,ROYSE,"AND (from,ends with,@rodamientos.net)",1,from,ends with
C:\Users\gines\AppData\Roaming\Thunderbird\Profiles\i2blparj.default\Mail\pop.serviciodecorreo-1.es\msgFilterRules.dat,Mail/pop.serviciodecorreo-1.es,Asunto contiene: Logiscenter,yes,273,Move to folder,LOGISCENTER,"AND (subject,contains,Logiscenter)",1,subject,contains
C:\Users\gines\AppData\Roaming\Thunderbird\Profiles\i2blparj.default\Mail\pop.serviciodecorreo-1.es\msgFilterRules.dat,Mail/pop.serviciodecorreo-1.es,Remitente es: plataformadanielvicente@gmail.com,yes,17,Move to folder,DANIEL VICENTE,"AND (from,is,plataformadanielvicente@gmail.com)",1,from,is
C:\Users\gines\AppData\Roaming\Thunderbird\Profiles\i2blparj.default\Mail\pop.serviciodecorreo-1.es\msgFilterRules.dat,Mail/pop.serviciodecorreo-1.es,Remitente contiene: @es.rheinmetall.com,yes,273,Move to folder,MS MOTORSERVICE,"AND (from,contains,@es.rheinmetall.com)",1,from,contains
C:\Users\gines\AppData\Roaming\Thunderbird\Profiles\i2blparj.default\Mail\pop.serviciodecorreo-1.es\msgFilterRules.dat,Mail/pop.serviciodecorreo-1.es,Remitente termina con: @rhernandez.com,yes,17,Move to folder,REPRESENTACIONES HERNANDEZ,"AND (from,ends with,@rhernandez.com)",1,from,ends with
C:\Users\gines\AppData\Roaming\Thunderbird\Profiles\i2blparj.default\Mail\pop.serviciodecorreo-1.es\msgFilterRules.dat,Mail/pop.serviciodecorreo-1.es,Remitente contiene: COFAN,yes,17,Move to folder,COFAN,"AND (from,contains,COFAN)",1,from,contains
C:\Users\gines\AppData\Roaming\Thunderbird\Profiles\i2blparj.default\Mail\pop.serviciodecorreo-1.es\msgFilterRules.dat,Mail/pop.serviciodecorreo-1.es,Remitente termina con: @victyres.es,yes,273,Move to folder,VICTYRES,"AND (from,ends with,@victyres.es)",1,from,ends with
C:\Users\gines\AppData\Roaming\Thunderbird\Profiles\i2blparj.default\Mail\pop.serviciodecorreo-1.es\msgFilterRules.dat,Mail/pop.serviciodecorreo-1.es,Remitente termina con: @metalcaucho.com,yes,273,Move to folder,METALCAUCHO,"AND (from,ends with,@metalcaucho.com)",1,from,ends with
C:\Users\gines\AppData\Roaming\Thunderbird\Profiles\i2blparj.default\Mail\pop.serviciodecorreo-1.es\msgFilterRules.dat,Mail/pop.serviciodecorreo-1.es,Remitente contiene: info@grupoveraimport.es,yes,273,Move to folder,VERA IMPORT,"OR (from,contains,info@grupoveraimport.es) OR (from,contains,jdsoler@veraimport.es)",2,from,contains
C:\Users\gines\AppData\Roaming\Thunderbird\Profiles\i2blparj.default\Mail\pop.serviciodecorreo-1.es\msgFilterRules.dat,Mail/pop.serviciodecorreo-1.es,Remitente es: comercial@snaeurope.com,yes,17,Move to folder,SNA EUROPE,"OR (from,is,comercial@snaeurope.com)",1,from,is
C:\Users\gines\AppData\Roaming\Thunderbird\Profiles\i2blparj.default\Mail\pop.serviciodecorreo-1.es\msgFilterRules.dat,Mail/pop.serviciodecorreo-1.es,Remitente termina con: @medinabi.es,yes,337,Move to folder,ITAL RECAMBIOS,"OR (from,is,medinabi@medinabi.es)",1,from,is
C:\Users\gines\AppData\Roaming\Thunderbird\Profiles\i2blparj.default\Mail\pop.serviciodecorreo-1.es\msgFilterRules.dat,Mail/pop.serviciodecorreo-1.es,Remitente termina con: @gruposaveres.com,yes,337,Move to folder,SAVERES,"OR (from,ends with,@gruposaveres.com)",1,from,ends with
C:\Users\gines\AppData\Roaming\Thunderbird\Profiles\i2blparj.default\Mail\pop.serviciodecorreo-1.es\msgFilterRules.dat,Mail/pop.serviciodecorreo-1.es,Remitente termina con: @comlineiberica.com,yes,17,Move to folder,COMLINE,"AND (from,ends with,@comlineiberica.com)",1,from,ends with
C:\Users\gines\AppData\Roaming\Thunderbird\Profiles\i2blparj.default\Mail\pop.serviciodecorreo-1.es\msgFilterRules.dat,Mail/pop.serviciodecorreo-1.es,TALOSA,yes,337,Move to folder,TALOSA,"AND (from,ends with,@talosa.com)",1,from,ends with
C:\Users\gines\AppData\Roaming\Thunderbird\Profiles\i2blparj.default\Mail\pop.serviciodecorreo-1.es\msgFilterRules.dat,Mail/pop.serviciodecorreo-1.es,Remitente es: remanmotorparts@gmail.com,yes,273,Move to folder,REMAN MOTOR,"AND (from,is,remanmotorparts@gmail.com)",1,from,is
C:\Users\gines\AppData\Roaming\Thunderbird\Profiles\i2blparj.default\Mail\pop.serviciodecorreo-1.es\msgFilterRules.dat,Mail/pop.serviciodecorreo-1.es,Remitente es: facturacion@jumasa.es,yes,17,Move to folder,JUMASA,"OR (from,is,facturacion@jumasa.es) OR (from,ends with,@jumasa.es)",2,from,ends with;is
C:\Users\gines\AppData\Roaming\Thunderbird\Profiles\i2blparj.default\Mail\pop.serviciodecorreo-1.es\msgFilterRules.dat,Mail/pop.serviciodecorreo-1.es,Remitente termina con: @autocristalsevilla.com,yes,17,Move to folder,AUTOCRISTAL SEVILLA,"AND (from,ends with,@autocristalsevilla.com)",1,from,ends with
C:\Users\gines\AppData\Roaming\Thunderbird\Profiles\i2blparj.default\Mail\pop.serviciodecorreo-1.es\msgFilterRules.dat,Mail/pop.serviciodecorreo-1.es,Remitente termina con: @pool-line.com.es,yes,17,Move to folder,POOL LINE,"AND (from,ends with,@pool-line.com.es)",1,from,ends with
C:\Users\gines\AppData\Roaming\Thunderbird\Profiles\i2blparj.default\Mail\pop.serviciodecorreo-1.es\msgFilterRules.dat,Mail/pop.serviciodecorreo-1.es,Remitente termina con: @azurglobal.es,yes,17,Move to folder,AZUR GLOBAL,"AND (from,ends with,@azurglobal.es)",1,from,ends with
C:\Users\gines\AppData\Roaming\Thunderbird\Profiles\i2blparj.default\Mail\pop.serviciodecorreo-1.es\msgFilterRules.dat,Mail/pop.serviciodecorreo-1.es,Remitente es: dani.vicente@meat-doria.es,yes,17,Move to folder,MEAT-DORIA,"OR (from,is,dani.vicente@meat-doria.es) OR (from,ends with,@meat-doria.es)",2,from,ends with;is
C:\Users\gines\AppData\Roaming\Thunderbird\Profiles\i2blparj.default\Mail\pop.serviciodecorreo-1.es\msgFilterRules.dat,Mail/pop.serviciodecorreo-1.es,Remitente es: soporte@sesametime.com,yes,17,Move to folder,SESAME,"OR (from,is,soporte@sesametime.com) OR (from,ends with,@sesametime.com) OR (from,ends with,@sesamehr.com) OR (from,ends with,support@sesametime.com.hs-inbox.com) OR (from,contains,sesame)",5,from,contains;ends with;is
C:\Users\gines\AppData\Roaming\Thunderbird\Profiles\i2blparj.default\Mail\pop.serviciodecorreo-1.es\msgFilterRules.dat,Mail/pop.serviciodecorreo-1.es,Remitente es: kike@multirecambioshm.com,yes,17,Move to folder,MULTIRECAMBIOS HM,"OR (from,is,kike@multirecambioshm.com) OR (from,ends with,@multirecambioshm.com)",2,from,ends with;is
C:\Users\gines\AppData\Roaming\Thunderbird\Profiles\i2blparj.default\Mail\pop.serviciodecorreo-1.es\msgFilterRules.dat,Mail/pop.serviciodecorreo-1.es,Remitente es: SGonzalez@solaufil.com,yes,17,Move to folder,MECAFILTER,"OR (from,is,SGonzalez@solaufil.com) OR (from,is,contact@mecafilter-info.com) OR (from,ends with,@mecafilter-info.com)",3,from,ends with;is
C:\Users\gines\AppData\Roaming\Thunderbird\Profiles\i2blparj.default\Mail\pop.serviciodecorreo-1.es\msgFilterRules.dat,Mail/pop.serviciodecorreo-1.es,Remitente es: invoices@frigair-iberia.com,yes,17,Move to folder,FRIG AIR,"OR (from,is,invoices@frigair-iberia.com) OR (from,ends with,@frigair-iberia.com)",2,from,ends with;is
C:\Users\gines\AppData\Roaming\Thunderbird\Profiles\i2blparj.default\Mail\pop.serviciodecorreo-1.es\msgFilterRules.dat,Mail/pop.serviciodecorreo-1.es,Remitente termina con: sjurado@absoal.com,yes,17,Move to folder,ABSOAL,"AND (from,ends with,sjurado@absoal.com)",1,from,ends with
C:\Users\gines\AppData\Roaming\Thunderbird\Profiles\i2blparj.default\Mail\pop.serviciodecorreo-1.es\msgFilterRules.dat,Mail/pop.serviciodecorreo-1.es,Remitente es: ignacio.gutierrez@exidegroup.com,yes,17,Move to folder,EXIDE,"AND (from,is,ignacio.gutierrez@exidegroup.com)",1,from,is
C:\Users\gines\AppData\Roaming\Thunderbird\Profiles\i2blparj.default\Mail\pop.serviciodecorreo-1.es\msgFilterRules.dat,Mail/pop.serviciodecorreo-1.es,FARE,yes,337,Move to folder,FARE,"AND (from,ends with,@fare-auto.com)",1,from,ends with
C:\Users\gines\AppData\Roaming\Thunderbird\Profiles\i2blparj.default\Mail\pop.serviciodecorreo-1.es\msgFilterRules.dat,Mail/pop.serviciodecorreo-1.es,Remitente termina con: @ceapi.es,yes,337,Move to folder,CEAPI,"AND (from,ends with,@ceapi.es)",1,from,ends with
C:\Users\gines\AppData\Roaming\Thunderbird\Profiles\i2blparj.default\Mail\pop.serviciodecorreo-1.es\msgFilterRules.dat,Mail/pop.serviciodecorreo-1.es,ngl,yes,337,Move to folder,NGK,"AND (from,ends with,@ngk.es)",1,from,ends with
C:\Users\gines\AppData\Roaming\Thunderbird\Profiles\i2blparj.default\Mail\pop.serviciodecorreo-1.es\msgFilterRules.dat,Mail/pop.serviciodecorreo-1.es,Remitente termina con: @exclusivasbcn.com,yes,337,Move to folder,EXCLUSIVAS BCN,"AND (from,ends with,@exclusivasbcn.com)",1,from,ends with
C:\Users\gines\AppData\Roaming\Thunderbird\Profiles\i2blparj.default\Mail\pop.serviciodecorreo-1.es\msgFilterRules.dat,Mail/pop.serviciodecorreo-1.es,Remitente es: facturacion@filtroscartes.net,yes,337,Move to folder,FILTROS CARTES,"AND (from,is,facturacion@filtroscartes.net)",1,from,is
C:\Users\gines\AppData\Roaming\Thunderbird\Profiles\i2blparj.default\Mail\pop.serviciodecorreo-1.es\msgFilterRules.dat,Mail/pop.serviciodecorreo-1.es,Remitente termina con: @valeo.com,yes,337,Move to folder,VALEO,"AND (from,ends with,@valeo.com)",1,from,ends with
C:\Users\gines\AppData\Roaming\Thunderbird\Profiles\i2blparj.default\Mail\pop.serviciodecorreo-1.es\msgFilterRules.dat,Mail/pop.serviciodecorreo-1.es,hernandez,yes,17,Move to folder,REPRESENTACIONES HERNANDEZ,"AND (from,ends with,@rhernandez.com)",1,from,ends with
C:\Users\gines\AppData\Roaming\Thunderbird\Profiles\i2blparj.default\Mail\pop.serviciodecorreo-1.es\msgFilterRules.dat,Mail/pop.serviciodecorreo-1.es,SWAG,yes,17,Move to folder,BLISTEIN - SWAG,"AND (from,ends with,@bilsteingroup.com)",1,from,ends with
C:\Users\gines\AppData\Roaming\Thunderbird\Profiles\i2blparj.default\Mail\pop.serviciodecorreo-1.es\msgFilterRules.dat,Mail/pop.serviciodecorreo-1.es,Remitente termina con: @michelin.com,yes,337,Move to folder,MICHELIN,"AND (from,ends with,@michelin.com)",1,from,ends with
C:\Users\gines\AppData\Roaming\Thunderbird\Profiles\i2blparj.default\Mail\pop.serviciodecorreo-1.es\msgFilterRules.dat,Mail/pop.serviciodecorreo-1.es,SASH,yes,337,Move to folder,SASH51a13cd2,"AND (from,ends with,@lubricantes-sash.com)",1,from,ends with
C:\Users\gines\AppData\Roaming\Thunderbird\Profiles\i2blparj.default\Mail\pop.serviciodecorreo-1.es\msgFilterRules.dat,Mail/pop.serviciodecorreo-1.es,BRIDGE,yes,337,Move to folder,BRIDGESTONE,"OR (from,is,BridgestoneAttCliente@bridgestone.eu) OR (from,is,info.facturas@bridgestone.eu)",2,from,is
C:\Users\gines\AppData\Roaming\Thunderbird\Profiles\i2blparj.default\Mail\pop.serviciodecorreo-1.es\msgFilterRules.dat,Mail/pop.serviciodecorreo-1.es,CECAUTO,yes,337,Move to folder,CECAUTO,"AND (from,ends with,@cecauto.com)",1,from,ends with
C:\Users\gines\AppData\Roaming\Thunderbird\Profiles\i2blparj.default\Mail\pop.serviciodecorreo-1.es\msgFilterRules.dat,Mail/pop.serviciodecorreo-1.es,MKD,yes,337,Move to folder,MKD RECAMBIOS,"OR (from,ends with,@mkdrecambios.com) OR (from,ends with,@mkdautomotive.com) OR (from,ends with,@grupomobius.com)",3,from,ends with
C:\Users\gines\AppData\Roaming\Thunderbird\Profiles\i2blparj.default\Mail\pop.serviciodecorreo-1.es\msgFilterRules.dat,Mail/pop.serviciodecorreo-1.es,NERTOR,yes,337,Move to folder,NER-TOR,"AND (from,ends with,@nertor.com)",1,from,ends with
C:\Users\gines\AppData\Roaming\Thunderbird\Profiles\i2blparj.default\Mail\pop.serviciodecorreo-1.es\msgFilterRules.dat,Mail/pop.serviciodecorreo-1.es,CRUZBER,yes,337,Move to folder,CRUZBER,"AND (from,ends with,@cruzber.com)",1,from,ends with
C:\Users\gines\AppData\Roaming\Thunderbird\Profiles\i2blparj.default\Mail\pop.serviciodecorreo-1.es\msgFilterRules.dat,Mail/pop.serviciodecorreo-1.es,CONTICORR,yes,337,Move to folder,CONTINENTAL CORREAS,"OR (from,ends with,@france.contitech.de) OR (from,ends with,@contitech.es)",2,from,ends with
C:\Users\gines\AppData\Roaming\Thunderbird\Profiles\i2blparj.default\Mail\pop.serviciodecorreo-1.es\msgFilterRules.dat,Mail/pop.serviciodecorreo-1.es,PEMEBLA,yes,337,Move to folder,PEMEBLA,"AND (from,ends with,postventa@pemebla.com)",1,from,ends with
C:\Users\gines\AppData\Roaming\Thunderbird\Profiles\i2blparj.default\Mail\pop.serviciodecorreo-1.es\msgFilterRules.dat,Mail/pop.serviciodecorreo-1.es,IPARLUX,yes,17,Move to folder,IPARLUX,"AND (from,ends with,@iparlux.es)",1,from,ends with
C:\Users\gines\AppData\Roaming\Thunderbird\Profiles\i2blparj.default\Mail\pop.serviciodecorreo-1.es\msgFilterRules.dat,Mail/pop.serviciodecorreo-1.es,Remitente contiene: @quimicar.es,yes,273,Move to folder,QUIMICAR,"OR (from,contains,@quimicar.es) OR (from,contains,@quimicar.com)",2,from,contains
C:\Users\gines\AppData\Roaming\Thunderbird\Profiles\i2blparj.default\Mail\pop.serviciodecorreo-1.es\msgFilterRules.dat,Mail/pop.serviciodecorreo-1.es,TOP,yes,273,Move to folder,TOP RECAMBIOS,"OR (from,is,garantias@toprecambios.com) OR (from,ends with,@toprecambios.com)",2,from,ends with;is
C:\Users\gines\AppData\Roaming\Thunderbird\Profiles\i2blparj.default\Mail\pop.serviciodecorreo-1.es\msgFilterRules.dat,Mail/pop.serviciodecorreo-1.es,ALKAR,yes,337,Move to folder,ALKAR,"AND (from,contains,@alkar.es)",1,from,contains
C:\Users\gines\AppData\Roaming\Thunderbird\Profiles\i2blparj.default\Mail\pop.serviciodecorreo-1.es\msgFilterRules.dat,Mail/pop.serviciodecorreo-1.es,SERNE,yes,337,Move to folder,SERNESA,"OR (from,ends with,@sernesa.com)",1,from,ends with
C:\Users\gines\AppData\Roaming\Thunderbird\Profiles\i2blparj.default\Mail\pop.serviciodecorreo-1.es\msgFilterRules.dat,Mail/pop.serviciodecorreo-1.es,TECCOM,yes,17,Move to folder,TECCOM,"AND (from,is,info@info.tecalliance.net)",1,from,is
C:\Users\gines\AppData\Roaming\Thunderbird\Profiles\i2blparj.default\Mail\pop.serviciodecorreo-1.es\msgFilterRules.dat,Mail/pop.serviciodecorreo-1.es,OPTIMAL,yes,337,Move to folder,OPTIMAL,"AND (from,ends with,@optimal-spain.com)",1,from,ends with
C:\Users\gines\AppData\Roaming\Thunderbird\Profiles\i2blparj.default\Mail\pop.serviciodecorreo-1.es\msgFilterRules.dat,Mail/pop.serviciodecorreo-1.es,NRF,yes,337,Move to folder,NRF,"AND (from,ends with,@nrf.eu)",1,from,ends with
C:\Users\gines\AppData\Roaming\Thunderbird\Profiles\i2blparj.default\Mail\pop.serviciodecorreo-1.es\msgFilterRules.dat,Mail/pop.serviciodecorreo-1.es,ANDRES,yes,337,Move to folder,NEUMATICOS ANDRES,"OR (from,is,blascima@grupoandres.com) OR (from,contains,@grupoandres.com)",2,from,contains;is
C:\Users\gines\AppData\Roaming\Thunderbird\Profiles\i2blparj.default\Mail\pop.serviciodecorreo-1.es\msgFilterRules.dat,Mail/pop.serviciodecorreo-1.es,EACLIMA,yes,337,Move to folder,EACLIMA,"OR (from,is,m.gonzalez@teasa.net) OR (from,contains,Electro Auto) OR (from,ends with,@eaclima.es)",3,from,contains;ends with;is
C:\Users\gines\AppData\Roaming\Thunderbird\Profiles\i2blparj.default\Mail\pop.serviciodecorreo-1.es\msgFilterRules.dat,Mail/pop.serviciodecorreo-1.es,Remitente termina con: @fare-auto.com,yes,17,Move to folder,FARE,"AND (from,ends with,@fare-auto.com)",1,from,ends with
C:\Users\gines\AppData\Roaming\Thunderbird\Profiles\i2blparj.default\Mail\pop.serviciodecorreo-1.es\msgFilterRules.dat,Mail/pop.serviciodecorreo-1.es,Remitente termina con: @frigair-iberia.com,yes,17,Move to folder,FRIG AIR,"AND (from,ends with,@frigair-iberia.com)",1,from,ends with
C:\Users\gines\AppData\Roaming\Thunderbird\Profiles\i2blparj.default\Mail\pop.serviciodecorreo-1.es\msgFilterRules.dat,Mail/pop.serviciodecorreo-1.es,Remitente es: javireal@toprecambios.com,yes,17,Move to folder,TOP RECAMBIOS/INFORMATICA,"AND (from,is,javireal@toprecambios.com)",1,from,is
C:\Users\gines\AppData\Roaming\Thunderbird\Profiles\i2blparj.default\Mail\pop.serviciodecorreo-1.es\msgFilterRules.dat,Mail/pop.serviciodecorreo-1.es,Remitente termina con: @gira.net,yes,17,Move to folder,GIRA,"AND (from,ends with,@gira.net)",1,from,ends with
C:\Users\gines\AppData\Roaming\Thunderbird\Profiles\i2blparj.default\Mail\pop.serviciodecorreo-1.es\msgFilterRules.dat,Mail/pop.serviciodecorreo-1.es,Remitente termina con: @absoal.com,yes,17,Move to folder,ABSOAL,"AND (from,ends with,@absoal.com)",1,from,ends with
C:\Users\gines\AppData\Roaming\Thunderbird\Profiles\i2blparj.default\Mail\pop.serviciodecorreo-1.es\msgFilterRules.dat,Mail/pop.serviciodecorreo-1.es,Remitente es: joselopez.iveco@hotmail.com,yes,17,Move to folder,AUTOMECANICA ALBOX TURISMO,"AND (from,is,joselopez.iveco@hotmail.com)",1,from,is
C:\Users\gines\AppData\Roaming\Thunderbird\Profiles\i2blparj.default\Mail\pop.serviciodecorreo-1.es\msgFilterRules.dat,Mail/pop.serviciodecorreo-1.es,Remitente termina con: @rztools.com,yes,17,Move to folder,RZTOOLS,"AND (from,ends with,@rztools.com)",1,from,ends with
C:\Users\gines\AppData\Roaming\Thunderbird\Profiles\i2blparj.default\Mail\pop.serviciodecorreo-1.es\msgFilterRules.dat,Mail/pop.serviciodecorreo-1.es,Remitente es: cr@rodamientos.net,yes,17,Move to folder,ROYSE,"AND (from,is,cr@rodamientos.net)",1,from,is
C:\Users\gines\AppData\Roaming\Thunderbird\Profiles\i2blparj.default\Mail\pop.serviciodecorreo-1.es\msgFilterRules.dat,Mail/pop.serviciodecorreo-1.es,Remitente termina con: @sesametime.com,yes,17,Move to folder,SESAME,"AND (from,ends with,@sesametime.com)",1,from,ends with
C:\Users\gines\AppData\Roaming\Thunderbird\Profiles\i2blparj.default\Mail\pop.serviciodecorreo-1.es\msgFilterRules.dat,Mail/pop.serviciodecorreo-1.es,Remitente es: mariano@exclusivasbcn.com,yes,17,Move to folder,EXCLUSIVAS BCN,"AND (from,ends with,@exclusivasbcn.com)",1,from,ends with
C:\Users\gines\AppData\Roaming\Thunderbird\Profiles\i2blparj.default\Mail\pop.serviciodecorreo-1.es\msgFilterRules.dat,Mail/pop.serviciodecorreo-1.es,Remitente es: facturacion@grupoandres.com,yes,17,Move to folder,NEUMATICOS ANDRES,"AND (from,is,facturacion@grupoandres.com)",1,from,is
C:\Users\gines\AppData\Roaming\Thunderbird\Profiles\i2blparj.default\Mail\pop.serviciodecorreo-1.es\msgFilterRules.dat,Mail/pop.serviciodecorreo-1.es,Remitente es: ventas2@evergreen.com.es,yes,273,Move to folder,EVERGREEN,"OR (from,is,ventas2@evergreen.com.es) OR (from,is,documentos@evergreen.com.es)",2,from,is
C:\Users\gines\AppData\Roaming\Thunderbird\Profiles\i2blparj.default\Mail\pop.serviciodecorreo-1.es\msgFilterRules.dat,Mail/pop.serviciodecorreo-1.es,Remitente es: administracion@bilsteingroup.com,yes,337,Move to folder,BLISTEIN - SWAG,"OR (from,is,administracion@bilsteingroup.com) OR (from,ends with,@Bilsteingroup.com)",2,from,ends with;is
C:\Users\gines\AppData\Roaming\Thunderbird\Profiles\i2blparj.default\Mail\pop.serviciodecorreo-1.es\msgFilterRules.dat,Mail/pop.serviciodecorreo-1.es,Remitente es: info@frigair-iberia.com,yes,17,Move to folder,FRIG AIR,"OR (from,is,info@frigair-iberia.com) OR (from,is,invoices@frigair-iberia.com)",2,from,is
C:\Users\gines\AppData\Roaming\Thunderbird\Profiles\i2blparj.default\Mail\pop.serviciodecorreo-1.es\msgFilterRules.dat,Mail/pop.serviciodecorreo-1.es,Remitente es: saphelpdesk@driv.com,yes,17,Move to folder,FEDERAL MOGUL,"OR (from,is,saphelpdesk@driv.com) OR (from,ends with,@driv.com)",2,from,ends with;is
C:\Users\gines\AppData\Roaming\Thunderbird\Profiles\i2blparj.default\Mail\pop.serviciodecorreo-1.es\msgFilterRules.dat,Mail/pop.serviciodecorreo-1.es,Remitente es: info@suminesa.com,yes,17,Move to folder,SUMINESA,"AND (from,is,info@suminesa.com)",1,from,is
C:\Users\gines\AppData\Roaming\Thunderbird\Profiles\i2blparj.default\Mail\pop.serviciodecorreo-1.es\msgFilterRules.dat,Mail/pop.serviciodecorreo-1.es,Remitente es: manad@amolux.net,yes,17,Move to folder,AMOLUX - MANAD,"AND (from,is,manad@amolux.net)",1,from,is
C:\Users\gines\AppData\Roaming\Thunderbird\Profiles\i2blparj.default\Mail\pop.serviciodecorreo-1.es\msgFilterRules.dat,Mail/pop.serviciodecorreo-1.es,Remitente es: gines@jgpsl.com,yes,17,Move to folder,FERREVERA,"AND (from,is,gines@jgpsl.com)",1,from,is
C:\Users\gines\AppData\Roaming\Thunderbird\Profiles\i2blparj.default\Mail\pop.serviciodecorreo-1.es\msgFilterRules.dat,Mail/pop.serviciodecorreo-1.es,Remitente es: BCNEXPEDICIONES@FEYC.ES,yes,17,Move to folder,RODAMIENTOS FEYC,"AND (from,is,BCNEXPEDICIONES@FEYC.ES)",1,from,is
C:\Users\gines\AppData\Roaming\Thunderbird\Profiles\i2blparj.default\Mail\pop.serviciodecorreo-1.es\msgFilterRules.dat,Mail/pop.serviciodecorreo-1.es,Remitente es: nita@delinmitel.com,yes,17,Move to folder,DELINMITEL,"AND (from,is,nita@delinmitel.com)",1,from,is
C:\Users\gines\AppData\Roaming\Thunderbird\Profiles\i2blparj.default\Mail\pop.serviciodecorreo-1.es\msgFilterRules.dat,Mail/pop.serviciodecorreo-1.es,Remitente es: administracion@euromaquinas.com,yes,17,Move to folder,EUROMAQUINARIAS HISPANIDAD,"AND (from,is,administracion@euromaquinas.com)",1,from,is
C:\Users\gines\AppData\Roaming\Thunderbird\Profiles\i2blparj.default\Mail\pop.serviciodecorreo-1.es\msgFilterRules.dat,Mail/pop.serviciodecorreo-1.es,Remitente es: hogar1@poessa.com,yes,17,Move to folder,POESSA,"AND (from,is,hogar1@poessa.com)",1,from,is
C:\Users\gines\AppData\Roaming\Thunderbird\Profiles\i2blparj.default\Mail\pop.serviciodecorreo-1.es\msgFilterRules.dat,Mail/pop.serviciodecorreo-1.es,Remitente es: info@dogaparts.es,yes,17,Move to folder,DOGA,"OR (from,is,info@dogaparts.es) OR (from,ends with,@dogaparts.es)",2,from,ends with;is
C:\Users\gines\AppData\Roaming\Thunderbird\Profiles\i2blparj.default\Mail\pop.serviciodecorreo-1.es\msgFilterRules.dat,Mail/pop.serviciodecorreo-1.es,Remitente es: mecavera@mecavera.redpeugeot.com,yes,17,Move to folder,MECAVERA,"AND (from,is,mecavera@mecavera.redpeugeot.com)",1,from,is
C:\Users\gines\AppData\Roaming\Thunderbird\Profiles\i2blparj.default\Mail\pop.serviciodecorreo-1.es\msgFilterRules.dat,Mail/pop.serviciodecorreo-1.es,Remitente es: admon@carpriss.com,yes,17,Move to folder,CARPRISS,"OR (from,is,admon@carpriss.com) OR (from,ends with,@carpriss.com)",2,from,ends with;is
C:\Users\gines\AppData\Roaming\Thunderbird\Profiles\i2blparj.default\Mail\pop.serviciodecorreo-1.es\msgFilterRules.dat,Mail/pop.serviciodecorreo-1.es,Remitente es: facturacion@samoaindustrial.com,yes,17,Move to folder,SAMOA,"AND (from,is,facturacion@samoaindustrial.com)",1,from,is
C:\Users\gines\AppData\Roaming\Thunderbird\Profiles\i2blparj.default\Mail\pop.serviciodecorreo-1.es\msgFilterRules.dat,Mail/pop.serviciodecorreo-1.es,Remitente es: Administracion@multirecambioshm.com,yes,273,Move to folder,MULTIRECAMBIOS HM,"OR (from,is,Administracion@multirecambioshm.com) OR (from,ends with,@multirecambioshm.com)",2,from,ends with;is
C:\Users\gines\AppData\Roaming\Thunderbird\Profiles\i2blparj.default\Mail\pop.serviciodecorreo-1.es\msgFilterRules.dat,Mail/pop.serviciodecorreo-1.es,Remitente es: facturacion@recambiosasiaticos.com,yes,17,Move to folder,RECAMBIOS ASIATICOS,"OR (from,is,facturacion@recambiosasiaticos.com) OR (from,ends with,@recambiosasiaticos.com)",2,from,ends with;is
C:\Users\gines\AppData\Roaming\Thunderbird\Profiles\i2blparj.default\Mail\pop.serviciodecorreo-1.es\msgFilterRules.dat,Mail/pop.serviciodecorreo-1.es,Remitente es: administracion@febestiberica.com,yes,17,Move to folder,FEBEST - RUMBO NORTE,"AND (from,is,administracion@febestiberica.com)",1,from,is
C:\Users\gines\AppData\Roaming\Thunderbird\Profiles\i2blparj.default\Mail\pop.serviciodecorreo-1.es\msgFilterRules.dat,Mail/pop.serviciodecorreo-1.es,Remitente es: escribano@pinchazosvargas.com,yes,17,Move to folder,PINCHAZOS VARGAS,"AND (from,is,escribano@pinchazosvargas.com)",1,from,is
C:\Users\gines\AppData\Roaming\Thunderbird\Profiles\i2blparj.default\Mail\pop.serviciodecorreo-1.es\msgFilterRules.dat,Mail/pop.serviciodecorreo-1.es,Remitente es: autosys@henkel.com,yes,17,Move to folder,HENKEL,"OR (from,is,autosys@henkel.com) OR (from,ends with,@henkel.com)",2,from,ends with;is
C:\Users\gines\AppData\Roaming\Thunderbird\Profiles\i2blparj.default\Mail\pop.serviciodecorreo-1.es\msgFilterRules.dat,Mail/pop.serviciodecorreo-1.es,Remitente es: pedidos.tork@essity.com,yes,273,Move to folder,ESSITY - TORK,"OR (from,is,pedidos.tork@essity.com) OR (from,contains,@essity.com)",2,from,contains;is
C:\Users\gines\AppData\Roaming\Thunderbird\Profiles\i2blparj.default\Mail\pop.serviciodecorreo-1.es\msgFilterRules.dat,Mail/pop.serviciodecorreo-1.es,COMPRAS VARIAS,yes,273,Move to folder,COMPRAS VARIAS,"OR (from,is,info@42kshop.com) OR (from,is,pedidos@pccomponentes.com) OR (from,is,noreply@pccomponentes.com) OR (from,ends with,@pccomponentes.com) OR (from,is,verametal2015@gmail.com) OR (subject,contains,PcComponentes)",6,from;subject,contains;ends with;is
C:\Users\gines\AppData\Roaming\Thunderbird\Profiles\i2blparj.default\Mail\pop.serviciodecorreo-1.es\msgFilterRules.dat,Mail/pop.serviciodecorreo-1.es,Remitente es: lydia.bartolome@euromaster.com,yes,17,Move to folder,EUROMASTER,"OR (from,is,lydia.bartolome@euromaster.com) OR (from,ends with,@euromaster.com)",2,from,ends with;is
C:\Users\gines\AppData\Roaming\Thunderbird\Profiles\i2blparj.default\Mail\pop.serviciodecorreo-1.es\msgFilterRules.dat,Mail/pop.serviciodecorreo-1.es,Remitente es: portal@rema-tiptop.es,yes,17,Move to folder,Trash/TIP-TOP,"AND (from,is,portal@rema-tiptop.es)",1,from,is
C:\Users\gines\AppData\Roaming\Thunderbird\Profiles\i2blparj.default\Mail\pop.serviciodecorreo-1.es\msgFilterRules.dat,Mail/pop.serviciodecorreo-1.es,Remitente es: ecommerce@rema-tiptop.es,yes,337,Move to folder,Trash/TIP-TOP,"OR (from,is,ecommerce@rema-tiptop.es) OR (from,is,portal@rema-tiptop.es) OR (from,is,facturacion@rema-tiptop.es) OR (from,ends with,@rema-tiptop.es)",4,from,ends with;is
C:\Users\gines\AppData\Roaming\Thunderbird\Profiles\i2blparj.default\Mail\pop.serviciodecorreo-1.es\msgFilterRules.dat,Mail/pop.serviciodecorreo-1.es,Remitente es: n.mihai@kyb-europe.com,yes,17,Move to folder,KYB,"OR (from,is,n.mihai@kyb-europe.com) OR (from,ends with,kyb-europe.com)",2,from,ends with;is
C:\Users\gines\AppData\Roaming\Thunderbird\Profiles\i2blparj.default\Mail\pop.serviciodecorreo-1.es\msgFilterRules.dat,Mail/pop.serviciodecorreo-1.es,Remitente es: duerto@duerto.com,yes,17,Move to folder,DUERTO,"AND (from,is,duerto@duerto.com)",1,from,is
C:\Users\gines\AppData\Roaming\Thunderbird\Profiles\i2blparj.default\Mail\pop.serviciodecorreo-1.es\msgFilterRules.dat,Mail/pop.serviciodecorreo-1.es,Remitente es: iliana.el.youjili@continental.com,yes,17,Move to folder,CONTINENTAL CORREAS,"OR (from,is,iliana.el.youjili@continental.com) OR (from,ends with,@continental.com)",2,from,ends with;is
C:\Users\gines\AppData\Roaming\Thunderbird\Profiles\i2blparj.default\Mail\pop.serviciodecorreo-1.es\msgFilterRules.dat,Mail/pop.serviciodecorreo-1.es,Remitente es: contact@mecafilter-info.com,yes,17,Move to folder,MECAFILTER,"AND (from,is,contact@mecafilter-info.com)",1,from,is
C:\Users\gines\AppData\Roaming\Thunderbird\Profiles\i2blparj.default\Mail\pop.serviciodecorreo-1.es\msgFilterRules.dat,Mail/pop.serviciodecorreo-1.es,Remitente es: comercial@transmisiones-cardiberica.com,yes,17,Move to folder,CARDIBERICA,"AND (from,is,comercial@transmisiones-cardiberica.com)",1,from,is
C:\Users\gines\AppData\Roaming\Thunderbird\Profiles\i2blparj.default\Mail\pop.serviciodecorreo-1.es\msgFilterRules.dat,Mail/pop.serviciodecorreo-1.es,Remitente es: facturacion@iparlux.es,yes,17,Move to folder,IPARLUX,"AND (from,is,facturacion@iparlux.es)",1,from,is
C:\Users\gines\AppData\Roaming\Thunderbird\Profiles\i2blparj.default\Mail\pop.serviciodecorreo-1.es\msgFilterRules.dat,Mail/pop.serviciodecorreo-1.es,Remitente es: BremboDispatcher@lutech.it,yes,337,Move to folder,BREMBO,"OR (from,is,BremboDispatcher@lutech.it) OR (from,is,JoseAntonio_Bailo@brembo.es) OR (from,ends with,@brembo.es)",3,from,ends with;is
C:\Users\gines\AppData\Roaming\Thunderbird\Profiles\i2blparj.default\Mail\pop.serviciodecorreo-1.es\msgFilterRules.dat,Mail/pop.serviciodecorreo-1.es,Remitente es: e-invoicing@ptg.contitech.de,yes,17,Move to folder,CONTINENTAL CORREAS,"AND (from,is,e-invoicing@ptg.contitech.de)",1,from,is
C:\Users\gines\AppData\Roaming\Thunderbird\Profiles\i2blparj.default\Mail\pop.serviciodecorreo-1.es\msgFilterRules.dat,Mail/pop.serviciodecorreo-1.es,Remitente es: administracion@meat-doria.es,yes,17,Move to folder,MEAT-DORIA,"OR (from,is,administracion@meat-doria.es) OR (from,is,facturacion@meat-doria.es) OR (from,ends with,@meat-doria.es)",3,from,ends with;is
C:\Users\gines\AppData\Roaming\Thunderbird\Profiles\i2blparj.default\Mail\pop.serviciodecorreo-1.es\msgFilterRules.dat,Mail/pop.serviciodecorreo-1.es,Remitente es: noreply@toprecambios.com,yes,17,Move to folder,TOP RECAMBIOS,"AND (from,is,noreply@toprecambios.com)",1,from,is
C:\Users\gines\AppData\Roaming\Thunderbird\Profiles\i2blparj.default\Mail\pop.serviciodecorreo-1.es\msgFilterRules.dat,Mail/pop.serviciodecorreo-1.es,Remitente es: barralautofordcoslada@gmail.com,yes,17,Move to folder,BARRAL AUTO,"AND (from,is,barralautofordcoslada@gmail.com)",1,from,is
C:\Users\gines\AppData\Roaming\Thunderbird\Profiles\i2blparj.default\Mail\pop.serviciodecorreo-1.es\msgFilterRules.dat,Mail/pop.serviciodecorreo-1.es,Remitente es: administracion@rolmovil.net,yes,17,Move to folder,POOL LINE,"OR (from,is,administracion@rolmovil.net) OR (from,is,pedidos@pool-line.com) OR (from,ends with,@pool-line.com)",3,from,ends with;is
C:\Users\gines\AppData\Roaming\Thunderbird\Profiles\i2blparj.default\Mail\pop.serviciodecorreo-1.es\msgFilterRules.dat,Mail/pop.serviciodecorreo-1.es,Remitente es: admin@toprecambios.com,yes,17,Move to folder,TOP RECAMBIOS,"AND (from,is,admin@toprecambios.com)",1,from,is
C:\Users\gines\AppData\Roaming\Thunderbird\Profiles\i2blparj.default\Mail\pop.serviciodecorreo-1.es\msgFilterRules.dat,Mail/pop.serviciodecorreo-1.es,Remitente es: talleres.automecanica-albox@rediveco.com,yes,17,Move to folder,AUTOMECANICA ALBOX TURISMO,"AND (from,is,talleres.automecanica-albox@rediveco.com)",1,from,is
C:\Users\gines\AppData\Roaming\Thunderbird\Profiles\i2blparj.default\Mail\pop.serviciodecorreo-1.es\msgFilterRules.dat,Mail/pop.serviciodecorreo-1.es,Remitente es: pedidos2@toprecambios.com,yes,17,Move to folder,TOP RECAMBIOS,"AND (from,is,pedidos2@toprecambios.com)",1,from,is
C:\Users\gines\AppData\Roaming\Thunderbird\Profiles\i2blparj.default\Mail\pop.serviciodecorreo-1.es\msgFilterRules.dat,Mail/pop.serviciodecorreo-1.es,Remitente es: infoenvios@mail.seur.info,yes,17,Move to folder,SEUR,"AND (from,is,infoenvios@mail.seur.info)",1,from,is
C:\Users\gines\AppData\Roaming\Thunderbird\Profiles\i2blparj.default\Mail\pop.serviciodecorreo-1.es\msgFilterRules.dat,Mail/pop.serviciodecorreo-1.es,Remitente es: almacenlucena@gmail.com,yes,337,Move to folder,NEUMATICOS LUCENA,"OR (from,is,almacenlucena@gmail.com) OR (from,is,administracion@neumaticoslucena.com) OR (from,is,neumaticoslucenasl@gmail.com) OR (from,ends with,@neumaticoslucena.com)",4,from,ends with;is
C:\Users\gines\AppData\Roaming\Thunderbird\Profiles\i2blparj.default\Mail\pop.serviciodecorreo-1.es\msgFilterRules.dat,Mail/pop.serviciodecorreo-1.es,Remitente es: marta.buceta@contitech.es,yes,337,Move to folder,CONTINENTAL CORREAS,"OR (from,is,marta.buceta@contitech.es) OR (from,ends with,@contitech.es)",2,from,ends with;is
C:\Users\gines\AppData\Roaming\Thunderbird\Profiles\i2blparj.default\Mail\pop.serviciodecorreo-1.es\msgFilterRules.dat,Mail/pop.serviciodecorreo-1.es,Remitente es: gachino@algogroup.net,yes,273,Move to folder,ALGO GROUP,"OR (from,is,gachino@algogroup.net) OR (from,ends with,@algogroup.net)",2,from,ends with;is
C:\Users\gines\AppData\Roaming\Thunderbird\Profiles\i2blparj.default\Mail\pop.serviciodecorreo-1.es\msgFilterRules.dat,Mail/pop.serviciodecorreo-1.es,Remitente contiene: @asysum.com,yes,17,Move to folder,ASYSUM,"AND (from,contains,@asysum.com)",1,from,contains
C:\Users\gines\AppData\Roaming\Thunderbird\Profiles\i2blparj.default\Mail\pop.serviciodecorreo-1.es\msgFilterRules.dat,Mail/pop.serviciodecorreo-1.es,Remitente contiene: facturacion@serca.es,yes,273,Move to folder,SERCA FACTURACION,"OR (from,contains,facturacion@serca.es) OR (from,contains,eduard.calpe@serca.es) OR (from,contains,proveedores@serca.es) OR (from,contains,sergio.gonzalez@serca.es) OR (subject,contains,VETURILO)",5,from;subject,contains
C:\Users\gines\AppData\Roaming\Thunderbird\Profiles\i2blparj.default\Mail\pop.serviciodecorreo-1.es\msgFilterRules.dat,Mail/pop.serviciodecorreo-1.es,Remitente es: facturas@toprecambios.com,yes,17,Move to folder,TOP RECAMBIOS,"AND (from,is,facturas@toprecambios.com)",1,from,is
C:\Users\gines\AppData\Roaming\Thunderbird\Profiles\i2blparj.default\Mail\pop.serviciodecorreo-1.es\msgFilterRules.dat,Mail/pop.serviciodecorreo-1.es,Remitente es: facturacion@toprecambios.com,yes,273,Move to folder,TOP RECAMBIOS,"OR (from,is,facturacion@toprecambios.com) OR (from,contains,facturas@toprecambios.es)",2,from,contains;is
C:\Users\gines\AppData\Roaming\Thunderbird\Profiles\i2blparj.default\Mail\pop.serviciodecorreo-1.es\msgFilterRules.dat,Mail/pop.serviciodecorreo-1.es,Remitente es: atencionalcliente@pulpiautomocion.com,yes,17,Move to folder,PULPI AUTOMOCION,"AND (from,is,atencionalcliente@pulpiautomocion.com)",1,from,is
C:\Users\gines\AppData\Roaming\Thunderbird\Profiles\i2blparj.default\Mail\pop.serviciodecorreo-1.es\msgFilterRules.dat,Mail/pop.serviciodecorreo-1.es,Remitente es: harrywalker@harrywalker.net,yes,17,Move to folder,HARRY WALKER RODAMIENTOS,"AND (from,is,harrywalker@harrywalker.net)",1,from,is
C:\Users\gines\AppData\Roaming\Thunderbird\Profiles\i2blparj.default\Mail\pop.serviciodecorreo-1.es\msgFilterRules.dat,Mail/pop.serviciodecorreo-1.es,Remitente es: adm.spj@spj.es,yes,17,Move to folder,SPJ0f44851e,"AND (from,is,adm.spj@spj.es)",1,from,is
C:\Users\gines\AppData\Roaming\Thunderbird\Profiles\i2blparj.default\Mail\pop.serviciodecorreo-1.es\msgFilterRules.dat,Mail/pop.serviciodecorreo-1.es,Remitente termina con: @htlubricantoils.com,yes,17,Move to folder,HTLO LUBRICANTES,"AND (from,ends with,@htlubricantoils.com)",1,from,ends with
C:\Users\gines\AppData\Roaming\Thunderbird\Profiles\i2blparj.default\Mail\pop.serviciodecorreo-1.es\msgFilterRules.dat,Mail/pop.serviciodecorreo-1.es,Remitente es: facturacionferrevera@gmail.com,yes,17,Move to folder,FERREVERA,"AND (from,is,facturacionferrevera@gmail.com)",1,from,is
C:\Users\gines\AppData\Roaming\Thunderbird\Profiles\i2blparj.default\Mail\pop.serviciodecorreo-1.es\msgFilterRules.dat,Mail/pop.serviciodecorreo-1.es,Remitente es: administracion@rztools.com,yes,17,Move to folder,RZTOOLS,"AND (from,is,administracion@rztools.com)",1,from,is
C:\Users\gines\AppData\Roaming\Thunderbird\Profiles\i2blparj.default\Mail\pop.serviciodecorreo-1.es\msgFilterRules.dat,Mail/pop.serviciodecorreo-1.es,Remitente es: facturacion.almeria@seur.net,yes,17,Move to folder,SEUR,"AND (from,is,facturacion.almeria@seur.net)",1,from,is
C:\Users\gines\AppData\Roaming\Thunderbird\Profiles\i2blparj.default\Mail\pop.serviciodecorreo-1.es\msgFilterRules.dat,Mail/pop.serviciodecorreo-1.es,Remitente es: erp@cecauto.com,yes,17,Move to folder,CECAUTO,"AND (from,is,erp@cecauto.com)",1,from,is
C:\Users\gines\AppData\Roaming\Thunderbird\Profiles\i2blparj.default\Mail\pop.serviciodecorreo-1.es\msgFilterRules.dat,Mail/pop.serviciodecorreo-1.es,Remitente es: elisa.franceschini@airtopitalia.eu,yes,17,Move to folder,AIRTOP ITALIA,"AND (from,is,elisa.franceschini@airtopitalia.eu)",1,from,is
C:\Users\gines\AppData\Roaming\Thunderbird\Profiles\i2blparj.default\Mail\pop.serviciodecorreo-1.es\msgFilterRules.dat,Mail/pop.serviciodecorreo-1.es,Remitente es: es.prometeon.i.sdd@prometeon.com,yes,17,Move to folder,PROMETEON,"AND (from,ends with,@prometeon.com)",1,from,ends with
C:\Users\gines\AppData\Roaming\Thunderbird\Profiles\i2blparj.default\Mail\pop.serviciodecorreo-1.es\msgFilterRules.dat,Mail/pop.serviciodecorreo-1.es,Remitente termina con: @ams-osram.com,yes,273,Move to folder,OSRAM,"OR (from,ends with,@ams-osram.com) OR (from,ends with,@osram.com)",2,from,ends with
C:\Users\gines\AppData\Roaming\Thunderbird\Profiles\i2blparj.default\Mail\pop.serviciodecorreo-1.es\msgFilterRules.dat,Mail/pop.serviciodecorreo-1.es,Remitente es: sonia@amolux.net,yes,17,Move to folder,AMOLUX,"AND (from,is,sonia@amolux.net)",1,from,is
C:\Users\gines\AppData\Roaming\Thunderbird\Profiles\i2blparj.default\Mail\pop.serviciodecorreo-1.es\msgFilterRules.dat,Mail/pop.serviciodecorreo-1.es,Remitente es: nissens@nissens.com,yes,17,Move to folder,NISSENS,"AND (from,is,nissens@nissens.com)",1,from,is
C:\Users\gines\AppData\Roaming\Thunderbird\Profiles\i2blparj.default\Mail\pop.serviciodecorreo-1.es\msgFilterRules.dat,Mail/pop.serviciodecorreo-1.es,Remitente contiene: @danazaragoza.com,yes,273,Move to folder,DANA AUTOMOCION,"OR (from,is,facturacion@danazaragoza.com) OR (from,ends with,@dana.com)",2,from,ends with;is
C:\Users\gines\AppData\Roaming\Thunderbird\Profiles\i2blparj.default\Mail\pop.serviciodecorreo-1.es\msgFilterRules.dat,Mail/pop.serviciodecorreo-1.es,Remitente es: Facturacion@barralauto.com,yes,273,Move to folder,BARRAL AUTO,"OR (from,is,Facturacion@barralauto.com) OR (subject,contains,barral auto) OR (from,contains,barral auto)",3,from;subject,contains;is
C:\Users\gines\AppData\Roaming\Thunderbird\Profiles\i2blparj.default\Mail\pop.serviciodecorreo-1.es\msgFilterRules.dat,Mail/pop.serviciodecorreo-1.es,Remitente termina con: @as-sl.com,yes,17,Move to folder,AS,"AND (from,ends with,@as-sl.com)",1,from,ends with
C:\Users\gines\AppData\Roaming\Thunderbird\Profiles\i2blparj.default\Mail\pop.serviciodecorreo-1.es\msgFilterRules.dat,Mail/pop.serviciodecorreo-1.es,Remitente es: sash@lubricantes-sash.com,yes,17,Move to folder,ACEITES Y LUBRICANTES SASH,"AND (from,ends with,@lubricantes-sash.com)",1,from,ends with
C:\Users\gines\AppData\Roaming\Thunderbird\Profiles\i2blparj.default\Mail\pop.serviciodecorreo-1.es\msgFilterRules.dat,Mail/pop.serviciodecorreo-1.es,Remitente es: facturacion@alcaner.com,yes,17,Move to folder,ALCANER 2000,"AND (from,is,facturacion@alcaner.com)",1,from,is
C:\Users\gines\AppData\Roaming\Thunderbird\Profiles\i2blparj.default\Mail\pop.serviciodecorreo-1.es\msgFilterRules.dat,Mail/pop.serviciodecorreo-1.es,Remitente es: javi@liv-indurain.com,yes,17,Move to folder,PRODUCTOS LIV610ec48b,"AND (from,ends with,@liv-indurain.com)",1,from,ends with
C:\Users\gines\AppData\Roaming\Thunderbird\Profiles\i2blparj.default\Mail\pop.serviciodecorreo-1.es\msgFilterRules.dat,Mail/pop.serviciodecorreo-1.es,Remitente es: noreply@nex.es,yes,17,Move to folder,NEX TYRES,"AND (from,is,noreply@nex.es)",1,from,is
C:\Users\gines\AppData\Roaming\Thunderbird\Profiles\i2blparj.default\Mail\pop.serviciodecorreo-1.es\msgFilterRules.dat,Mail/pop.serviciodecorreo-1.es,Remitente es: grupo@holyauto.com,yes,17,Move to folder,HOLY AUTO,"AND (from,is,grupo@holyauto.com)",1,from,is
C:\Users\gines\AppData\Roaming\Thunderbird\Profiles\i2blparj.default\Mail\pop.serviciodecorreo-1.es\msgFilterRules.dat,Mail/pop.serviciodecorreo-1.es,Remitente es: m.gonzalez@eaclima.es,yes,17,Move to folder,EACLIMA,"AND (from,is,m.gonzalez@eaclima.es)",1,from,is
C:\Users\gines\AppData\Roaming\Thunderbird\Profiles\i2blparj.default\Mail\pop.serviciodecorreo-1.es\msgFilterRules.dat,Mail/pop.serviciodecorreo-1.es,Remitente es: ecommerce2.aarm@dk.bosch.com,yes,17,Move to folder,HC-CARGO,"AND (from,is,ecommerce2.aarm@dk.bosch.com)",1,from,is
C:\Users\gines\AppData\Roaming\Thunderbird\Profiles\i2blparj.default\Mail\pop.serviciodecorreo-1.es\msgFilterRules.dat,Mail/pop.serviciodecorreo-1.es,Remitente es: mailer_sap@ajusa.es,yes,17,Move to folder,AJUSA,"AND (from,is,mailer_sap@ajusa.es)",1,from,is
C:\Users\gines\AppData\Roaming\Thunderbird\Profiles\i2blparj.default\Mail\pop.serviciodecorreo-1.es\msgFilterRules.dat,Mail/pop.serviciodecorreo-1.es,Remitente contiene: totalenergies,yes,273,Move to folder,TOTAL,"AND (from,contains,totalenergies)",1,from,contains
C:\Users\gines\AppData\Roaming\Thunderbird\Profiles\i2blparj.default\Mail\pop.serviciodecorreo-1.es\msgFilterRules.dat,Mail/pop.serviciodecorreo-1.es,Remitente es: goyra@ofiexperts.es,yes,17,Move to folder,GOYRA,"OR (from,is,goyra@ofiexperts.es) OR (from,is,goyraofii@gmail.com)",2,from,is
C:\Users\gines\AppData\Roaming\Thunderbird\Profiles\i2blparj.default\Mail\pop.serviciodecorreo-1.es\msgFilterRules.dat,Mail/pop.serviciodecorreo-1.es,Remitente es: lucia@ceapi.es,yes,17,Move to folder,CEAPI,"AND (from,is,lucia@ceapi.es)",1,from,is
C:\Users\gines\AppData\Roaming\Thunderbird\Profiles\i2blparj.default\Mail\pop.serviciodecorreo-1.es\msgFilterRules.dat,Mail/pop.serviciodecorreo-1.es,Remitente es: atencionalcliente@ita-rotomatic.com,yes,17,Move to folder,ITA-ROTOMATIC,"OR (from,is,atencionalcliente@ita-rotomatic.com) OR (from,ends with,ita-rotomatic.com) OR (from,ends with,oficinaitarotomatic@gmail.com)",3,from,ends with;is
C:\Users\gines\AppData\Roaming\Thunderbird\Profiles\i2blparj.default\Mail\pop.serviciodecorreo-1.es\msgFilterRules.dat,Mail/pop.serviciodecorreo-1.es,Remitente es: administracion@amosan.es,yes,17,Move to folder,AMOSAN,"AND (from,is,administracion@amosan.es)",1,from,is
C:\Users\gines\AppData\Roaming\Thunderbird\Profiles\i2blparj.default\Mail\pop.serviciodecorreo-1.es\msgFilterRules.dat,Mail/pop.serviciodecorreo-1.es,Remitente es: admin@msmc.es,yes,17,Move to folder,MSMC4f5fc55b,"AND (from,is,admin@msmc.es)",1,from,is
C:\Users\gines\AppData\Roaming\Thunderbird\Profiles\i2blparj.default\Mail\pop.serviciodecorreo-1.es\msgFilterRules.dat,Mail/pop.serviciodecorreo-1.es,Remitente es: facturacioncartes@grupocartes.es,yes,17,Move to folder,FILTROS CARTES,"AND (from,is,facturacioncartes@grupocartes.es)",1,from,is
C:\Users\gines\AppData\Roaming\Thunderbird\Profiles\i2blparj.default\Mail\pop.serviciodecorreo-1.es\msgFilterRules.dat,Mail/pop.serviciodecorreo-1.es,Remitente es: contabilidad@pemebla.com,yes,17,Move to folder,PEMEBLA,"AND (from,is,contabilidad@pemebla.com)",1,from,is
C:\Users\gines\AppData\Roaming\Thunderbird\Profiles\i2blparj.default\Mail\pop.serviciodecorreo-1.es\msgFilterRules.dat,Mail/pop.serviciodecorreo-1.es,Remitente es: efactura@exclusivasbcn.com,yes,17,Move to folder,EXCLUSIVAS BCN,"AND (from,is,efactura@exclusivasbcn.com)",1,from,is
C:\Users\gines\AppData\Roaming\Thunderbird\Profiles\i2blparj.default\Mail\pop.serviciodecorreo-1.es\msgFilterRules.dat,Mail/pop.serviciodecorreo-1.es,Remitente es: BremboDispatcher@DISC.it,yes,17,Move to folder,BREMBO,"AND (from,is,BremboDispatcher@DISC.it)",1,from,is
C:\Users\gines\AppData\Roaming\Thunderbird\Profiles\i2blparj.default\Mail\pop.serviciodecorreo-1.es\msgFilterRules.dat,Mail/pop.serviciodecorreo-1.es,Remitente es: marta@exclusivasbcn.com,yes,337,Move to folder,EXCLUSIVAS BCN,"AND (from,is,marta@exclusivasbcn.com)",1,from,is
C:\Users\gines\AppData\Roaming\Thunderbird\Profiles\i2blparj.default\Mail\pop.serviciodecorreo-1.es\msgFilterRules.dat,Mail/pop.serviciodecorreo-1.es,Remitente es: administracio@jbmcamp.com,yes,17,Move to folder,JBM,"AND (from,is,administracio@jbmcamp.com)",1,from,is
C:\Users\gines\AppData\Roaming\Thunderbird\Profiles\i2blparj.default\Mail\pop.serviciodecorreo-1.es\msgFilterRules.dat,Mail/pop.serviciodecorreo-1.es,Remitente es: contabilidad@fare-auto.com,yes,337,Move to folder,FARE,"AND (from,is,contabilidad@fare-auto.com)",1,from,is
C:\Users\gines\AppData\Roaming\Thunderbird\Profiles\i2blparj.default\Mail\pop.serviciodecorreo-1.es\msgFilterRules.dat,Mail/pop.serviciodecorreo-1.es,Remitente es: pedidos@acps-automotive.com,yes,17,Move to folder,ACPS AUTOMOTIVE,"OR (from,is,pedidos@acps-automotive.com) OR (from,is,javier.lorenzo@acps-automotive.com) OR (from,ends with,@acps-automotive.com)",3,from,ends with;is
C:\Users\gines\AppData\Roaming\Thunderbird\Profiles\i2blparj.default\Mail\pop.serviciodecorreo-1.es\msgFilterRules.dat,Mail/pop.serviciodecorreo-1.es,Remitente es: optimal@optimal-spain.com,yes,337,Move to folder,OPTIMAL,"OR (from,is,optimal@optimal-spain.com) OR (from,is,xavi@optimal-spain.com) OR (from,ends with,@optimal-spain.com)",3,from,ends with;is
C:\Users\gines\AppData\Roaming\Thunderbird\Profiles\i2blparj.default\Mail\pop.serviciodecorreo-1.es\msgFilterRules.dat,Mail/pop.serviciodecorreo-1.es,Remitente es: r.delgado@kyb-europe.com,yes,17,Move to folder,KYB,"AND (from,is,r.delgado@kyb-europe.com)",1,from,is
C:\Users\gines\AppData\Roaming\Thunderbird\Profiles\i2blparj.default\Mail\pop.serviciodecorreo-1.es\msgFilterRules.dat,Mail/pop.serviciodecorreo-1.es,Remitente es: m.gonzalez@teasa.net,yes,337,Move to folder,EACLIMA,"AND (from,is,m.gonzalez@teasa.net)",1,from,is
C:\Users\gines\AppData\Roaming\Thunderbird\Profiles\i2blparj.default\Mail\pop.serviciodecorreo-1.es\msgFilterRules.dat,Mail/pop.serviciodecorreo-1.es,Remitente es: tallerbayra@gmail.com,yes,337,Move to folder,TALLERES BAYRA,"AND (from,is,tallerbayra@gmail.com)",1,from,is
C:\Users\gines\AppData\Roaming\Thunderbird\Profiles\i2blparj.default\Mail\pop.serviciodecorreo-1.es\msgFilterRules.dat,Mail/pop.serviciodecorreo-1.es,Remitente es: administracion@recambiosjesus.com,yes,337,Move to folder,RECAMBIOS JESUS,"OR (from,is,administracion@recambiosjesus.com) OR (from,ends with,@recambiosjesus.com) OR (from,is,facturacion@recambiosjesus.com)",3,from,ends with;is
C:\Users\gines\AppData\Roaming\Thunderbird\Profiles\i2blparj.default\Mail\pop.serviciodecorreo-1.es\msgFilterRules.dat,Mail/pop.serviciodecorreo-1.es,Remitente es: albox@chemaneumaticos.es,yes,337,Move to folder,CHEMA NEUMATICOS,"AND (from,is,albox@chemaneumaticos.es)",1,from,is
C:\Users\gines\AppData\Roaming\Thunderbird\Profiles\i2blparj.default\Mail\pop.serviciodecorreo-1.es\msgFilterRules.dat,Mail/pop.serviciodecorreo-1.es,Remitente es: ita-rotomatic@cecot.es,yes,273,Move to folder,ITA-ROTOMATIC,"AND (from,is,ita-rotomatic@cecot.es)",1,from,is
C:\Users\gines\AppData\Roaming\Thunderbird\Profiles\i2blparj.default\Mail\pop.serviciodecorreo-1.es\msgFilterRules.dat,Mail/pop.serviciodecorreo-1.es,Remitente termina con: @mahle.com,yes,337,Move to folder,MAHLE,"OR (from,ends with,@mahle.com) OR (subject,contains,MAHLE Aftermarket S.L.U)",2,from;subject,contains;ends with
C:\Users\gines\AppData\Roaming\Thunderbird\Profiles\i2blparj.default\Mail\pop.serviciodecorreo-1.es\msgFilterRules.dat,Mail/pop.serviciodecorreo-1.es,Remitente contiene: ICR-reporting@ppg.com,yes,273,Move to folder,ICR IBERICA,"OR (from,contains,ICR-reporting@ppg.com) OR (subject,contains,ICR IBERICA)",2,from;subject,contains
C:\Users\gines\AppData\Roaming\Thunderbird\Profiles\i2blparj.default\Mail\pop.serviciodecorreo-1.es\msgFilterRules.dat,Mail/pop.serviciodecorreo-1.es,Asunto contiene: anydesk,yes,273,Move to folder,ANYDESK,"OR (subject,contains,anydesk) OR (from,contains,support@anydesk.com)",2,from;subject,contains
C:\Users\gines\AppData\Roaming\Thunderbird\Profiles\i2blparj.default\Mail\pop.serviciodecorreo-1.es\msgFilterRules.dat,Mail/pop.serviciodecorreo-1.es,Remitente es: factura@cevamiberica.com,yes,273,Move to folder,CEVAM,"OR (from,is,factura@cevamiberica.com) OR (all addresses,contains,ramon.hernandez.cevamiberica.com) OR (from,is,almacen@cevamiberica.com) OR (from,contains,@cevamiberica.com) OR (from,ends with,@cevam.com)",5,all addresses;from,contains;ends with;is
C:\Users\gines\AppData\Roaming\Thunderbird\Profiles\i2blparj.default\Mail\pop.serviciodecorreo-1.es\msgFilterRules.dat,Mail/pop.serviciodecorreo-1.es,Remitente termina con: @solaufil.com,yes,17,Move to folder,MECAFILTER,"AND (from,ends with,@solaufil.com)",1,from,ends with
C:\Users\gines\AppData\Roaming\Thunderbird\Profiles\i2blparj.default\Mail\pop.serviciodecorreo-1.es\msgFilterRules.dat,Mail/pop.serviciodecorreo-1.es,Remitente es: pmancebo@gira.net,yes,17,Move to folder,GIRA,"AND (from,is,pmancebo@gira.net)",1,from,is
C:\Users\gines\AppData\Roaming\Thunderbird\Profiles\i2blparj.default\Mail\pop.serviciodecorreo-1.es\msgFilterRules.dat,Mail/pop.serviciodecorreo-1.es,Remitente es: vs-madrid-pedidos@valeo.com,yes,17,Move to folder,VALEO,"AND (from,is,vs-madrid-pedidos@valeo.com)",1,from,is
C:\Users\gines\AppData\Roaming\Thunderbird\Profiles\i2blparj.default\Mail\pop.serviciodecorreo-1.es\msgFilterRules.dat,Mail/pop.serviciodecorreo-1.es,borg & beck,yes,337,Move to folder,BB - BORG & BECK(2),"AND (from,ends with,@borgandbeck.com)",1,from,ends with
C:\Users\gines\AppData\Roaming\Thunderbird\Profiles\i2blparj.default\Mail\pop.serviciodecorreo-1.es\msgFilterRules.dat,Mail/pop.serviciodecorreo-1.es,estanfi,yes,337,Move to folder,ESTANFI,"AND (from,is,admin02@estanfi.com)",1,from,is
C:\Users\gines\AppData\Roaming\Thunderbird\Profiles\i2blparj.default\Mail\pop.serviciodecorreo-1.es\msgFilterRules.dat,Mail/pop.serviciodecorreo-1.es,Remitente termina con: @filtroscartes.net,yes,337,Move to folder,FILTROS CARTES,"AND (from,ends with,@filtroscartes.net)",1,from,ends with
C:\Users\gines\AppData\Roaming\Thunderbird\Profiles\i2blparj.default\Mail\pop.serviciodecorreo-1.es\msgFilterRules.dat,Mail/pop.serviciodecorreo-1.es,Remitente termina con: @esneagri.com,yes,337,Move to folder,ESNEAGRI,"AND (from,ends with,@esneagri.com)",1,from,ends with
C:\Users\gines\AppData\Roaming\Thunderbird\Profiles\i2blparj.default\Mail\pop.serviciodecorreo-1.es\msgFilterRules.dat,Mail/pop.serviciodecorreo-1.es,nertor,yes,337,Move to folder,NER-TOR,"AND (from,ends with,@nertor.com)",1,from,ends with
C:\Users\gines\AppData\Roaming\Thunderbird\Profiles\i2blparj.default\Mail\pop.serviciodecorreo-1.es\msgFilterRules.dat,Mail/pop.serviciodecorreo-1.es,Remitente es: pedidos@fmg-eu.com,yes,337,Move to folder,RH,"AND (from,is,pedidos@fmg-eu.com)",1,from,is
C:\Users\gines\AppData\Roaming\Thunderbird\Profiles\i2blparj.default\Mail\pop.serviciodecorreo-1.es\msgFilterRules.dat,Mail/pop.serviciodecorreo-1.es,Remitente es: mbernal@azurglobal.es,yes,337,Move to folder,AZUR GLOBAL,"AND (from,is,mbernal@azurglobal.es)",1,from,is
C:\Users\gines\AppData\Roaming\Thunderbird\Profiles\i2blparj.default\Mail\pop.serviciodecorreo-1.es\msgFilterRules.dat,Mail/pop.serviciodecorreo-1.es,Remitente es: spain@nrf.eu,yes,337,Move to folder,NRF,"AND (from,is,spain@nrf.eu)",1,from,is
C:\Users\gines\AppData\Roaming\Thunderbird\Profiles\i2blparj.default\Mail\pop.serviciodecorreo-1.es\msgFilterRules.dat,Mail/pop.serviciodecorreo-1.es,DAISA,yes,337,Move to folder,DAISA - VARTA,"AND (from,ends with,@daisa.es)",1,from,ends with
C:\Users\gines\AppData\Roaming\Thunderbird\Profiles\i2blparj.default\Mail\pop.serviciodecorreo-1.es\msgFilterRules.dat,Mail/pop.serviciodecorreo-1.es,FEBEST,yes,337,Move to folder,FEBEST - RUMBO NORTE,"AND (from,ends with,@rumbonorterecambios.com)",1,from,ends with
C:\Users\gines\AppData\Roaming\Thunderbird\Profiles\i2blparj.default\Mail\pop.serviciodecorreo-1.es\msgFilterRules.dat,Mail/pop.serviciodecorreo-1.es,CHEMA,yes,321,Move to folder,CHEMA NEUMATICOS,"AND (from,contains,@gruposalasaguila.es)",1,from,contains
C:\Users\gines\AppData\Roaming\Thunderbird\Profiles\i2blparj.default\Mail\pop.serviciodecorreo-1.es\msgFilterRules.dat,Mail/pop.serviciodecorreo-1.es,ARVERA,yes,337,Move to folder,ARVERA12ef9588,"OR (from,is,antonioarvera@serca.es) OR (from,is,joseagr80@gmail.com) OR (from,is,castellano@serca.es) OR (from,is,jantonioarvera@serca.es) OR (from,is,cayuela@serca.es)",5,from,is
C:\Users\gines\AppData\Roaming\Thunderbird\Profiles\i2blparj.default\Mail\pop.serviciodecorreo-1.es\msgFilterRules.dat,Mail/pop.serviciodecorreo-1.es,EXIDE,yes,321,Move to folder,EXIDE,"AND (from,contains,@exidegroup.com)",1,from,contains
C:\Users\gines\AppData\Roaming\Thunderbird\Profiles\i2blparj.default\Mail\pop.serviciodecorreo-1.es\msgFilterRules.dat,Mail/pop.serviciodecorreo-1.es,Remitente es: info@a92parts.es,yes,17,Move to folder,A92 PARTS,"OR (from,is,info@a92parts.es) OR (from,contains,a92parts.es)",2,from,contains;is
C:\Users\gines\AppData\Roaming\Thunderbird\Profiles\i2blparj.default\Mail\pop.serviciodecorreo-1.es\msgFilterRules.dat,Mail/pop.serviciodecorreo-1.es,Remitente es: arspj@ficosa.com,yes,273,Move to folder,SPJ0f44851e,"AND (from,is,arspj@ficosa.com)",1,from,is
C:\Users\gines\AppData\Roaming\Thunderbird\Profiles\i2blparj.default\Mail\pop.serviciodecorreo-1.es\msgFilterRules.dat,Mail/pop.serviciodecorreo-1.es,Remitente es: dmunilla@snovit.eu,yes,273,Copy to folder,COMERCIAL JOPE,"OR (from,is,dmunilla@snovit.eu) OR (from,is,@snovit.eu)",2,from,is
C:\Users\gines\AppData\Roaming\Thunderbird\Profiles\i2blparj.default\Mail\pop.serviciodecorreo-1.es\msgFilterRules.dat,Mail/pop.serviciodecorreo-1.es,Remitente es: jcentano@vermaat.es,yes,273,Move to folder,VERMAT,"OR (from,is,jcentano@vermaat.es) OR (from,is,@vermaat.es)",2,from,is
C:\Users\gines\AppData\Roaming\Thunderbird\Profiles\i2blparj.default\Mail\pop.serviciodecorreo-1.es\msgFilterRules.dat,Mail/pop.serviciodecorreo-1.es,Remitente es: ventas5@3rgindustrial.com,yes,273,Move to folder,3RG,"OR (from,is,ventas5@3rgindustrial.com) OR (from,is,@3rgindustrial.com)",2,from,is
C:\Users\gines\AppData\Roaming\Thunderbird\Profiles\i2blparj.default\Mail\pop.serviciodecorreo-1.es\msgFilterRules.dat,Mail/pop.serviciodecorreo-1.es,Remitente es: redd@redd.es,yes,17,Move to folder,REDD PARTS,"OR (from,is,redd@redd.es) OR (from,contains,@redd.es)",2,from,contains;is
C:\Users\gines\AppData\Roaming\Thunderbird\Profiles\i2blparj.default\Mail\pop.serviciodecorreo-1.es\msgFilterRules.dat,Mail/pop.serviciodecorreo-1.es,Remitente es: pedidos@auto-eco.es,yes,273,Move to folder,AUXOL,"OR (from,is,pedidos@auto-eco.es) OR (from,contains,@auto-eco.es)",2,from,contains;is
C:\Users\gines\AppData\Roaming\Thunderbird\Profiles\i2blparj.default\Mail\pop.serviciodecorreo-1.es\msgFilterRules.dat,Mail/pop.serviciodecorreo-1.es,Remitente es: pedidos@utsch.es,yes,273,Move to folder,UTSCH ESPAÑA,"AND (from,is,pedidos@utsch.es)",1,from,is
C:\Users\gines\AppData\Roaming\Thunderbird\Profiles\i2blparj.default\Mail\pop.serviciodecorreo-1.es\msgFilterRules.dat,Mail/pop.serviciodecorreo-1.es,Remitente es: gomezmotortaller@gmail.com,yes,273,Move to folder,GOMEZ MOTOR,"AND (from,is,gomezmotortaller@gmail.com)",1,from,is
C:\Users\gines\AppData\Roaming\Thunderbird\Profiles\i2blparj.default\Mail\pop.serviciodecorreo-1.es\msgFilterRules.dat,Mail/pop.serviciodecorreo-1.es,Remitente es: administracion@repuestoshubri.com,yes,17,Move to folder,REPUESTOS HUBRI,"OR (from,is,administracion@repuestoshubri.com) OR (from,contains,@repuestoshubri.com)",2,from,contains;is
C:\Users\gines\AppData\Roaming\Thunderbird\Profiles\i2blparj.default\Mail\pop.serviciodecorreo-1.es\msgFilterRules.dat,Mail/pop.serviciodecorreo-1.es,Remitente es: no-reply@contabo.com,yes,273,Move to folder,CONTABO,"OR (from,is,no-reply@contabo.com) OR (from,contains,@contabo.com) OR (from,contains,contabo.com)",3,from,contains;is
C:\Users\gines\AppData\Roaming\Thunderbird\Profiles\i2blparj.default\Mail\pop.serviciodecorreo-1.es\msgFilterRules.dat,Mail/pop.serviciodecorreo-1.es,Remitente es: administracion@ferve.com,yes,273,Move to folder,FERVE,"OR (from,is,administracion@ferve.com) OR (from,contains,@ferve.com)",2,from,contains;is
C:\Users\gines\AppData\Roaming\Thunderbird\Profiles\i2blparj.default\Mail\pop.serviciodecorreo-1.es\msgFilterRules.dat,Mail/pop.serviciodecorreo-1.es,Remitente es: facturacion@frain.es,yes,273,Move to folder,RECAMBIOS FRAIN,"OR (from,is,facturacion@frain.es) OR (from,contains,@frain.es)",2,from,contains;is
C:\Users\gines\AppData\Roaming\Thunderbird\Profiles\i2blparj.default\Mail\pop.serviciodecorreo-1.es\msgFilterRules.dat,Mail/pop.serviciodecorreo-1.es,Remitente es: noreply@gruposoledad.net,yes,17,Move to folder,NEUMATICOS SOLEDAD,"OR (from,is,noreply@gruposoledad.net) OR (from,contains,@gruposoledad.net)",2,from,contains;is
C:\Users\gines\AppData\Roaming\Thunderbird\Profiles\i2blparj.default\Mail\pop.serviciodecorreo-1.es\msgFilterRules.dat,Mail/pop.serviciodecorreo-1.es,Remitente es: alba.martin@itwaam.com,yes,273,Move to folder,KRAFT,"OR (from,is,alba.martin@itwaam.com) OR (from,contains,@itwaam.com)",2,from,contains;is
C:\Users\gines\AppData\Roaming\Thunderbird\Profiles\i2blparj.default\Mail\pop.serviciodecorreo-1.es\msgFilterRules.dat,Mail/pop.serviciodecorreo-1.es,Remitente es: facturas@lavozdealmeria.com,yes,273,Move to folder,LA VOZ DE ALMERIA,"OR (from,is,facturas@lavozdealmeria.com) OR (from,contains,@lavozdealmeria.com)",2,from,contains;is
C:\Users\gines\AppData\Roaming\Thunderbird\Profiles\i2blparj.default\Mail\pop.serviciodecorreo-1.es\msgFilterRules.dat,Mail/pop.serviciodecorreo-1.es,Remitente es: info@instelnet.com,yes,273,Move to folder,INSTELNET,"OR (from,is,info@instelnet.com) OR (from,contains,@instelnet.com)",2,from,contains;is
C:\Users\gines\AppData\Roaming\Thunderbird\Profiles\i2blparj.default\Mail\pop.serviciodecorreo-1.es\msgFilterRules.dat,Mail/pop.serviciodecorreo-1.es,Remitente es: info@corghi.es,yes,273,Move to folder,CORGHI,"AND (from,is,info@corghi.es)",1,from,is
C:\Users\gines\AppData\Roaming\Thunderbird\Profiles\i2blparj.default\Mail\pop.serviciodecorreo-1.es\msgFilterRules.dat,Mail/pop.serviciodecorreo-1.es,Remitente es: facturacion@grupokettei.es,yes,273,Move to folder,KETI,"OR (from,is,facturacion@grupokettei.es) OR (from,contains,@grupokettei.es)",2,from,contains;is
C:\Users\gines\AppData\Roaming\Thunderbird\Profiles\i2blparj.default\Mail\pop.serviciodecorreo-1.es\msgFilterRules.dat,Mail/pop.serviciodecorreo-1.es,Remitente es: damian.admon@redstellantis.es,yes,273,Move to folder,DAMIAN GOMEZ,"AND (from,is,damian.admon@redstellantis.es)",1,from,is
C:\Users\gines\AppData\Roaming\Thunderbird\Profiles\i2blparj.default\Mail\pop.serviciodecorreo-1.es\msgFilterRules.dat,Mail/pop.serviciodecorreo-1.es,Remitente es: avilamartinezvera@gmail.com,yes,273,Move to folder,AVILA MARTINEZ,"OR (from,is,avilamartinezvera@gmail.com) OR (from,contains,avilamartinezvera)",2,from,contains;is
C:\Users\gines\AppData\Roaming\Thunderbird\Profiles\i2blparj.default\Mail\pop.serviciodecorreo-1.es\msgFilterRules.dat,Mail/pop.serviciodecorreo-1.es,Remitente es: noreply@arsys.es,yes,273,Move to folder,ARSYS,"OR (from,is,noreply@arsys.es) OR (from,contains,@arsys.es)",2,from,contains;is
C:\Users\gines\AppData\Roaming\Thunderbird\Profiles\i2blparj.default\Mail\pop.serviciodecorreo-1.es\msgFilterRules.dat,Mail/pop.serviciodecorreo-1.es,Remitente es: administracion@concept-car.es,yes,17,Move to folder,CONCEPT CAR,"OR (from,is,administracion@concept-car.es) OR (from,contains,@concept-car.es)",2,from,contains;is
C:\Users\gines\AppData\Roaming\Thunderbird\Profiles\i2blparj.default\Mail\pop.serviciodecorreo-1.es\msgFilterRules.dat,Mail/pop.serviciodecorreo-1.es,Remitente es: administracion@jbmcamp.com,yes,273,Move to folder,JBM,"OR (from,is,administracion@jbmcamp.com) OR (from,contains,@jbmcamp.com)",2,from,contains;is
C:\Users\gines\AppData\Roaming\Thunderbird\Profiles\i2blparj.default\Mail\pop.serviciodecorreo-1.es\msgFilterRules.dat,Mail/pop.serviciodecorreo-1.es,Remitente es: admon@picoya.es,yes,273,Move to folder,PICOYA,"OR (from,is,admon@picoya.es) OR (from,contains,@picoya.es)",2,from,contains;is
C:\Users\gines\AppData\Roaming\Thunderbird\Profiles\i2blparj.default\Mail\pop.serviciodecorreo-1.es\msgFilterRules.dat,Mail/pop.serviciodecorreo-1.es,Remitente es: administracion@pulpiautomocion.com,yes,273,Move to folder,PULPI AUTOMOCION,"OR (from,is,administracion@pulpiautomocion.com) OR (from,contains,@pulpiautomocion.com)",2,from,contains;is
C:\Users\gines\AppData\Roaming\Thunderbird\Profiles\i2blparj.default\Mail\pop.serviciodecorreo-1.es\msgFilterRules.dat,Mail/pop.serviciodecorreo-1.es,Remitente es: administracion@agityres.com,yes,273,Move to folder,AGITYRES,"OR (from,is,administracion@agityres.com) OR (from,contains,@agityres.com)",2,from,contains;is
C:\Users\gines\AppData\Roaming\Thunderbird\Profiles\i2blparj.default\Mail\pop.serviciodecorreo-1.es\msgFilterRules.dat,Mail/pop.serviciodecorreo-1.es,Remitente es: administracion@manosabombas.com,yes,273,Move to folder,MAÑOSA BOMBAS,"OR (from,is,administracion@manosabombas.com) OR (from,contains,@manosabombas.com)",2,from,contains;is
C:\Users\gines\AppData\Roaming\Thunderbird\Profiles\i2blparj.default\Mail\pop.serviciodecorreo-1.es\msgFilterRules.dat,Mail/pop.serviciodecorreo-1.es,Remitente es: admin@llantauto.net,yes,273,Move to folder,LLANTAUTO,"OR (from,is,admin@llantauto.net) OR (from,contains,@llantauto.net)",2,from,contains;is
C:\Users\gines\AppData\Roaming\Thunderbird\Profiles\i2blparj.default\Mail\pop.serviciodecorreo-1.es\msgFilterRules.dat,Mail/pop.serviciodecorreo-1.es,Remitente es: facturacion.royse@royse.es,yes,273,Move to folder,ROYSE,"OR (from,is,facturacion.royse@royse.es) OR (from,contains,@royse.es)",2,from,contains;is
C:\Users\gines\AppData\Roaming\Thunderbird\Profiles\i2blparj.default\Mail\pop.serviciodecorreo-1.es\msgFilterRules.dat,Mail/pop.serviciodecorreo-1.es,Bandeja de entrada,yes,273,Move to folder,TEXLIMA,"OR (from,contains,@texlimca.com)",1,from,contains
C:\Users\gines\AppData\Roaming\Thunderbird\Profiles\i2blparj.default\Mail\pop.serviciodecorreo-1.es\msgFilterRules.dat,Mail/pop.serviciodecorreo-1.es,Bandeja de entrada,yes,273,Move to folder,VT POWER,"OR (from,contains,pedidos@vtpower.es) OR (from,contains,@vtpower.es)",2,from,contains
C:\Users\gines\AppData\Roaming\Thunderbird\Profiles\i2blparj.default\Mail\pop.serviciodecorreo-1.es\msgFilterRules.dat,Mail/pop.serviciodecorreo-1.es,Remitente es: contabilidad2@localizadorsherlog.es,yes,273,Move to folder,LOCALIZADOR,"OR (from,contains,@localizadorsherlog.es)",1,from,contains
C:\Users\gines\AppData\Roaming\Thunderbird\Profiles\i2blparj.default\Mail\pop.serviciodecorreo-1.es\msgFilterRules.dat,Mail/pop.serviciodecorreo-1.es,Bandeja de entrada,yes,17,Move to folder,SAN JOSE NEUMATICOS,"OR (from,contains,pedidos@sanjoseneumaticos.com) OR (from,contains,@sanjoseneumaticos.com)",2,from,contains
C:\Users\gines\AppData\Roaming\Thunderbird\Profiles\i2blparj.default\Mail\pop.serviciodecorreo-1.es\msgFilterRules.dat,Mail/pop.serviciodecorreo-1.es,Remitente es: silvia@logistik-re.com,yes,273,Move to folder,LOGISTIK,"OR (from,is,silvia@logistik-re.com) OR (from,ends with,@logistik-re.com)",2,from,ends with;is
C:\Users\gines\AppData\Roaming\Thunderbird\Profiles\i2blparj.default\Mail\pop.serviciodecorreo-1.es\msgFilterRules.dat,Mail/pop.serviciodecorreo-1.es,Remitente es: silvia@logistik-re.com,yes,273,Move to folder,LOGISTIK,"OR (from,is,silvia@logistik-re.com) OR (from,ends with,@logistik-re.com)",2,from,ends with;is
C:\Users\gines\AppData\Roaming\Thunderbird\Profiles\i2blparj.default\Mail\pop.serviciodecorreo-1.es\msgFilterRules.dat,Mail/pop.serviciodecorreo-1.es,Remitente termina con: @grupovelasco.es,yes,337,Move to folder,FUENLAMOTOR,"AND (from,ends with,@grupovelasco.es)",1,from,ends with
C:\Users\gines\AppData\Roaming\Thunderbird\Profiles\i2blparj.default\Mail\pop.serviciodecorreo-1.es\msgFilterRules.dat,Mail/pop.serviciodecorreo-1.es,Remitente termina con: @grupovelasco.es,yes,337,Move to folder,FUENLAMOTOR,"AND (from,ends with,@grupovelasco.es)",1,from,ends with
C:\Users\gines\AppData\Roaming\Thunderbird\Profiles\i2blparj.default\Mail\pop.serviciodecorreo-1.es\msgFilterRules.dat,Mail/pop.serviciodecorreo-1.es,Remitente es: jaidev.pradhan@serca.es,yes,17,Move to folder,SERCA FACTURACION,"OR (from,is,jaidev.pradhan@serca.es) OR (from,ends with,@serca.es)",2,from,ends with;is
C:\Users\gines\AppData\Roaming\Thunderbird\Profiles\i2blparj.default\Mail\pop.serviciodecorreo-1.es\msgFilterRules.dat,Mail/pop.serviciodecorreo-1.es,Asunto es: Facturas Electronicas NEX - AUTO RECAMBIOS VERA SL,yes,273,Move to folder,NEX TYRES,"OR (subject,is,Facturas Electronicas NEX - AUTO RECAMBIOS VERA SL)",1,subject,is
C:\Users\gines\AppData\Roaming\Thunderbird\Profiles\i2blparj.default\Mail\pop.serviciodecorreo-1.es\msgFilterRules.dat,Mail/pop.serviciodecorreo-1.es,Asunto contiene: Facturas Electronicas NEX,yes,273,Move to folder,NEX TYRES,"OR (subject,contains,Facturas Electronicas NEX)",1,subject,contains
C:\Users\gines\AppData\Roaming\Thunderbird\Profiles\i2blparj.default\Mail\pop.serviciodecorreo-1.es\msgFilterRules.dat,Mail/pop.serviciodecorreo-1.es,Remitente termina con: @repuestosalmanzora.es,yes,273,Move to folder,REPUESTOS ALMANZORA,"OR (from,ends with,@repuestosalmanzora.es)",1,from,ends with
C:\Users\gines\AppData\Roaming\Thunderbird\Profiles\i2blparj.default\Mail\pop.serviciodecorreo-1.es\msgFilterRules.dat,Mail/pop.serviciodecorreo-1.es,Remitente termina con: @nex.es,yes,273,Move to folder,NEX TYRES,"OR (from,ends with,@nex.es)",1,from,ends with
C:\Users\gines\AppData\Roaming\Thunderbird\Profiles\i2blparj.default\Mail\pop.serviciodecorreo-1.es\msgFilterRules.dat,Mail/pop.serviciodecorreo-1.es,Asunto contiene: Schaeffler Vehicle Lifetime ,yes,273,Move to folder,LUK,"AND (subject,contains,Schaeffler Vehicle Lifetime )",1,subject,contains
C:\Users\gines\AppData\Roaming\Thunderbird\Profiles\i2blparj.default\Mail\pop.serviciodecorreo-1.es\msgFilterRules.dat,Mail/pop.serviciodecorreo-1.es,Remitente es: a.rojas@dapeugeot.net,yes,273,Move to folder,DAMIAN GOMEZ,"AND (from,is,a.rojas@dapeugeot.net)",1,from,is
C:\Users\gines\AppData\Roaming\Thunderbird\Profiles\i2blparj.default\Mail\pop.serviciodecorreo-1.es\msgFilterRules.dat,Mail/pop.serviciodecorreo-1.es,Remitente es: @dapeugeot.net,yes,273,Move to folder,DAMIAN GOMEZ,"OR (from,is,@dapeugeot.net)",1,from,is
C:\Users\gines\AppData\Roaming\Thunderbird\Profiles\i2blparj.default\Mail\pop.serviciodecorreo-1.es\msgFilterRules.dat,Mail/pop.serviciodecorreo-1.es,Remitente termina con: @sogefigroup.com,yes,273,Move to folder,PURFLUX,"OR (from,ends with,@sogefigroup.com)",1,from,ends with
C:\Users\gines\AppData\Roaming\Thunderbird\Profiles\i2blparj.default\Mail\pop.serviciodecorreo-1.es\msgFilterRules.dat,Mail/pop.serviciodecorreo-1.es,Remitente termina con: @superplaque.es,yes,273,Move to folder,SUPERPLAQUE,"OR (from,ends with,@superplaque.es)",1,from,ends with
C:\Users\gines\AppData\Roaming\Thunderbird\Profiles\i2blparj.default\Mail\pop.serviciodecorreo-1.es\msgFilterRules.dat,Mail/pop.serviciodecorreo-1.es,Remitente termina con: @deldo.com,yes,273,Move to folder,DELDO,"AND (from,ends with,@deldo.com)",1,from,ends with
C:\Users\gines\AppData\Roaming\Thunderbird\Profiles\i2blparj.default\Mail\pop.serviciodecorreo-1.es\msgFilterRules.dat,Mail/pop.serviciodecorreo-1.es,Remitente es: administracion@productosliv.com,yes,17,Move to folder,PRODUCTOS LIV610ec48b,"OR (from,is,administracion@productosliv.com) OR (from,ends with,@productosliv.com)",2,from,ends with;is
C:\Users\gines\AppData\Roaming\Thunderbird\Profiles\i2blparj.default\Mail\pop.serviciodecorreo-1.es\msgFilterRules.dat,Mail/pop.serviciodecorreo-1.es,Remitente es: e-factura@fibraya.es,yes,17,Move to folder,INSTELNET,"AND (from,is,e-factura@fibraya.es)",1,from,is
C:\Users\gines\AppData\Roaming\Thunderbird\Profiles\i2blparj.default\Mail\pop.serviciodecorreo-1.es\msgFilterRules.dat,Mail/pop.serviciodecorreo-1.es,Remitente es: rlesaoplubesnacional@repsol.com,yes,17,Move to folder,REPSOL,"OR (from,is,rlesaoplubesnacional@repsol.com) OR (from,ends with,@repsol.com)",2,from,ends with;is
C:\Users\gines\AppData\Roaming\Thunderbird\Profiles\i2blparj.default\Mail\pop.serviciodecorreo-1.es\msgFilterRules.dat,Mail/pop.serviciodecorreo-1.es,Remitente termina con: @dakolub.com,yes,273,Move to folder,DAKOLUB,"OR (from,ends with,@dakolub.com) OR (from,is,proveedores@dakolub.com)",2,from,ends with;is
C:\Users\gines\AppData\Roaming\Thunderbird\Profiles\i2blparj.default\Mail\pop.serviciodecorreo-1.es\msgFilterRules.dat,Mail/pop.serviciodecorreo-1.es,Remitente es: contabilidad@lizarte.onmicrosoft.com,yes,273,Move to folder,LIZARTE,"AND (from,is,contabilidad@lizarte.onmicrosoft.com)",1,from,is
C:\Users\gines\AppData\Roaming\Thunderbird\Profiles\i2blparj.default\Mail\pop.serviciodecorreo-1.es\msgFilterRules.dat,Mail/pop.serviciodecorreo-1.es,Remitente es: administracion@amadini.net,yes,273,Move to folder,AMADINI,"OR (from,is,administracion@amadini.net) OR (from,ends with,@amadini.net)",2,from,ends with;is
C:\Users\gines\AppData\Roaming\Thunderbird\Profiles\i2blparj.default\Mail\pop.serviciodecorreo-1.es\msgFilterRules.dat,Mail/pop.serviciodecorreo-1.es,Remitente es: factura@logistica.com,yes,273,Move to folder,LOGISTICA,"OR (from,is,factura@logistica.com) OR (from,ends with,@logistica.com)",2,from,ends with;is
C:\Users\gines\AppData\Roaming\Thunderbird\Profiles\i2blparj.default\Mail\pop.serviciodecorreo-1.es\msgFilterRules.dat,Mail/pop.serviciodecorreo-1.es,Remitente es: noresponder@inter-matic.com,yes,273,Move to folder,ASYSUM,"OR (from,is,noresponder@inter-matic.com) OR (from,ends with,@inter-matic.com)",2,from,ends with;is
C:\Users\gines\AppData\Roaming\Thunderbird\Profiles\i2blparj.default\Mail\pop.serviciodecorreo-1.es\msgFilterRules.dat,Mail/pop.serviciodecorreo-1.es,Remitente termina con: nex.com,yes,273,Move to folder,NEX TYRES,"OR (from,ends with,nex.com)",1,from,ends with
C:\Users\gines\AppData\Roaming\Thunderbird\Profiles\i2blparj.default\Mail\pop.serviciodecorreo-1.es\msgFilterRules.dat,Mail/pop.serviciodecorreo-1.es,Remitente es: noreply@turbosbcn.es,yes,273,Move to folder,TURBOS BCN,"OR (from,is,noreply@turbosbcn.es) OR (from,ends with,@turbosbcn.es)",2,from,ends with;is
C:\Users\gines\AppData\Roaming\Thunderbird\Profiles\i2blparj.default\Mail\pop.serviciodecorreo-1.es\msgFilterRules.dat,Mail/pop.serviciodecorreo-1.es,Remitente es: noreply@gruposyrsa.com,yes,273,Move to folder,SYRSA,"OR (from,is,noreply@gruposyrsa.com) OR (from,ends with,@gruposyrsa.com) OR (from,contains,syrsa)",3,from,contains;ends with;is
C:\Users\gines\AppData\Roaming\Thunderbird\Profiles\i2blparj.default\Mail\pop.serviciodecorreo-1.es\msgFilterRules.dat,Mail/pop.serviciodecorreo-1.es,Remitente es: aplicacion@cooper2010.es,yes,273,Move to folder,REPUESTOS COOPER,"OR (from,is,aplicacion@cooper2010.es) OR (from,ends with,@cooper2010.es)",2,from,ends with;is
C:\Users\gines\AppData\Roaming\Thunderbird\Profiles\i2blparj.default\Mail\pop.serviciodecorreo-1.es\msgFilterRules.dat,Mail/pop.serviciodecorreo-1.es,Remitente es: postmaster@imasaf.eu,yes,17,Move to folder,IMASAF PRO,"OR (from,is,postmaster@imasaf.eu) OR (from,ends with,@imasaf.eu)",2,from,ends with;is
C:\Users\gines\AppData\Roaming\Thunderbird\Profiles\i2blparj.default\Mail\pop.serviciodecorreo-1.es\msgFilterRules.dat,Mail/pop.serviciodecorreo-1.es,Remitente es: ewaldner@airtopitalia.eu,yes,273,Move to folder,AIRTOP ITALIA,"OR (from,is,ewaldner@airtopitalia.eu) OR (from,ends with,@airtopitalia.eu)",2,from,ends with;is
C:\Users\gines\AppData\Roaming\Thunderbird\Profiles\i2blparj.default\Mail\pop.serviciodecorreo-1.es\msgFilterRules.dat,Mail/pop.serviciodecorreo-1.es,Remitente es: clientes@reynasa.com,yes,273,Move to folder,REYNASA,"OR (from,is,clientes@reynasa.com) OR (from,ends with,@reynasa.com)",2,from,ends with;is
C:\Users\gines\AppData\Roaming\Thunderbird\Profiles\i2blparj.default\Mail\pop.serviciodecorreo-1.es\msgFilterRules.dat,Mail/pop.serviciodecorreo-1.es,admin@arvera.es Â» Bandeja de entrada,yes,273,Move to folder,FILTROS CARTES,"OR (from,contains,facturacion@grupocartes.es) OR (to,contains,facturacion@grupocartes.es)",2,from;to,contains
C:\Users\gines\AppData\Roaming\Thunderbird\Profiles\i2blparj.default\Mail\pop.serviciodecorreo-1.es\msgFilterRules.dat,Mail/pop.serviciodecorreo-1.es,Asunto contiene: noreply@Invoice.tecalliance.net,yes,17,Move to folder,LUK,"AND (subject,contains,\"" Schaeffler Automotive Aftermarket\"")",1,subject,contains
C:\Users\gines\AppData\Roaming\Thunderbird\Profiles\i2blparj.default\Mail\pop.serviciodecorreo-1.es\msgFilterRules.dat,Mail/pop.serviciodecorreo-1.es,Remitente termina con: @skrit.es,yes,273,Move to folder,SKRIT INFORMATICA,"OR (from,ends with,@skrit.es)",1,from,ends with
C:\Users\gines\AppData\Roaming\Thunderbird\Profiles\i2blparj.default\Mail\pop.serviciodecorreo-1.es\msgFilterRules.dat,Mail/pop.serviciodecorreo-1.es,Remitente contiene: joaquin.carretero@rema-tiptop.es,yes,273,Move to folder,TIP-TOP,"OR (from,contains,joaquin.carretero@rema-tiptop.es) OR (from,ends with,@rema-tiptop.es)",2,from,contains;ends with
C:\Users\gines\AppData\Roaming\Thunderbird\Profiles\i2blparj.default\Mail\pop.serviciodecorreo-1.es\msgFilterRules.dat,Mail/pop.serviciodecorreo-1.es,Remitente es: facturacion@ascauto.com,yes,273,Move to folder,ASCAUTO,"AND (from,is,facturacion@ascauto.com)",1,from,is
C:\Users\gines\AppData\Roaming\Thunderbird\Profiles\i2blparj.default\Mail\pop.serviciodecorreo-1.es\msgFilterRules.dat,Mail/pop.serviciodecorreo-1.es,Remitente es: docs-faib@frigair.com,yes,273,Move to folder,FRIG AIR,"AND (from,is,docs-faib@frigair.com)",1,from,is
C:\Users\gines\AppData\Roaming\Thunderbird\Profiles\i2blparj.default\Mail\pop.serviciodecorreo-1.es\msgFilterRules.dat,Mail/pop.serviciodecorreo-1.es,Remitente es: administracion@automecanicaalmanzora.com,yes,273,Move to folder,AUTOMECANICA ALMANZORA,"AND (from,is,administracion@automecanicaalmanzora.com)",1,from,is
C:\Users\gines\AppData\Roaming\Thunderbird\Profiles\i2blparj.default\Mail\pop.serviciodecorreo-1.es\msgFilterRules.dat,Mail/pop.serviciodecorreo-1.es,Remitente es: postventa01@estanfi.com,yes,273,Move to folder,ESTANFI,"AND (from,ends with,@estanfi.com)",1,from,ends with
C:\Users\gines\AppData\Roaming\Thunderbird\Profiles\i2blparj.default\Mail\pop.serviciodecorreo-1.es\msgFilterRules.dat,Mail/pop.serviciodecorreo-1.es,BUZON DE ENTRADA Â» EUROMAQUINARIAS HISPANIDAD,yes,273,Move to folder,EUROMAQUINARIAS HISPANIDAD,"OR (from,contains,jm01@euromaquinas.com) OR (to,contains,jm01@euromaquinas.com)",2,from;to,contains
C:\Users\gines\AppData\Roaming\Thunderbird\Profiles\i2blparj.default\Mail\pop.serviciodecorreo-1.es\msgFilterRules.dat,Mail/pop.serviciodecorreo-1.es,Remitente contiene: @tecnodieselmurcia.com,yes,273,Move to folder,TECNODIESEL,"AND (from,contains,@tecnodieselmurcia.com)",1,from,contains
C:\Users\gines\AppData\Roaming\Thunderbird\Profiles\i2blparj.default\Mail\pop.serviciodecorreo-1.es\msgFilterRules.dat,Mail/pop.serviciodecorreo-1.es,Remitente contiene: rsenosiain@lizarte.com,yes,17,Move to folder,LIZARTE,"AND (from,contains,@lizarte.com)",1,from,contains
C:\Users\gines\AppData\Roaming\Thunderbird\Profiles\i2blparj.default\Mail\pop.serviciodecorreo-1.es\msgFilterRules.dat,Mail/pop.serviciodecorreo-1.es,Remitente termina con: @rodamientos.net,yes,273,Move to folder,ROYSE,"AND (from,ends with,@rodamientos.net)",1,from,ends with
C:\Users\gines\AppData\Roaming\Thunderbird\Profiles\i2blparj.default\Mail\pop.serviciodecorreo-1.es\msgFilterRules.dat,Mail/pop.serviciodecorreo-1.es,Asunto contiene: Logiscenter,yes,273,Move to folder,LOGISCENTER,"AND (subject,contains,Logiscenter)",1,subject,contains
C:\Users\gines\AppData\Roaming\Thunderbird\Profiles\i2blparj.default\Mail\pop.serviciodecorreo-1.es\msgFilterRules.dat,Mail/pop.serviciodecorreo-1.es,Remitente es: plataformadanielvicente@gmail.com,yes,17,Move to folder,DANIEL VICENTE,"AND (from,is,plataformadanielvicente@gmail.com)",1,from,is
C:\Users\gines\AppData\Roaming\Thunderbird\Profiles\i2blparj.default\Mail\pop.serviciodecorreo-1.es\msgFilterRules.dat,Mail/pop.serviciodecorreo-1.es,Remitente contiene: @es.rheinmetall.com,yes,273,Move to folder,MS MOTORSERVICE,"AND (from,contains,@es.rheinmetall.com)",1,from,contains
C:\Users\gines\AppData\Roaming\Thunderbird\Profiles\i2blparj.default\Mail\pop.serviciodecorreo-1.es\msgFilterRules.dat,Mail/pop.serviciodecorreo-1.es,Remitente termina con: @rhernandez.com,yes,17,Move to folder,REPRESENTACIONES HERNANDEZ,"AND (from,ends with,@rhernandez.com)",1,from,ends with
C:\Users\gines\AppData\Roaming\Thunderbird\Profiles\i2blparj.default\Mail\pop.serviciodecorreo-1.es\msgFilterRules.dat,Mail/pop.serviciodecorreo-1.es,Remitente contiene: COFAN,yes,17,Move to folder,COFAN,"AND (from,contains,COFAN)",1,from,contains
C:\Users\gines\AppData\Roaming\Thunderbird\Profiles\i2blparj.default\Mail\pop.serviciodecorreo-1.es\msgFilterRules.dat,Mail/pop.serviciodecorreo-1.es,Remitente termina con: @victyres.es,yes,273,Move to folder,VICTYRES,"AND (from,ends with,@victyres.es)",1,from,ends with
C:\Users\gines\AppData\Roaming\Thunderbird\Profiles\i2blparj.default\Mail\pop.serviciodecorreo-1.es\msgFilterRules.dat,Mail/pop.serviciodecorreo-1.es,Remitente termina con: @metalcaucho.com,yes,273,Move to folder,METALCAUCHO,"AND (from,ends with,@metalcaucho.com)",1,from,ends with
C:\Users\gines\AppData\Roaming\Thunderbird\Profiles\i2blparj.default\Mail\pop.serviciodecorreo-1.es\msgFilterRules.dat,Mail/pop.serviciodecorreo-1.es,Remitente contiene: info@grupoveraimport.es,yes,273,Move to folder,VERA IMPORT,"OR (from,contains,info@grupoveraimport.es)",1,from,contains
C:\Users\gines\AppData\Roaming\Thunderbird\Profiles\i2blparj.default\Mail\pop.serviciodecorreo-1.es\msgFilterRules.dat,Mail/pop.serviciodecorreo-1.es,Remitente es: comercial@snaeurope.com,yes,17,Move to folder,SNA EUROPE,"OR (from,is,comercial@snaeurope.com)",1,from,is
C:\Users\gines\AppData\Roaming\Thunderbird\Profiles\i2blparj.default\Mail\pop.serviciodecorreo-1.es\msgFilterRules.dat,Mail/pop.serviciodecorreo-1.es,Remitente termina con: @medinabi.es,yes,337,Move to folder,ITAL RECAMBIOS,"OR (from,is,medinabi@medinabi.es)",1,from,is
C:\Users\gines\AppData\Roaming\Thunderbird\Profiles\i2blparj.default\Mail\pop.serviciodecorreo-1.es\msgFilterRules.dat,Mail/pop.serviciodecorreo-1.es,Remitente termina con: @gruposaveres.com,yes,337,Move to folder,SAVERES,"OR (from,ends with,@gruposaveres.com)",1,from,ends with
C:\Users\gines\AppData\Roaming\Thunderbird\Profiles\i2blparj.default\Mail\pop.serviciodecorreo-1.es\msgFilterRules.dat,Mail/pop.serviciodecorreo-1.es,Remitente termina con: @comlineiberica.com,yes,17,Move to folder,COMLINE,"AND (from,ends with,@comlineiberica.com)",1,from,ends with
C:\Users\gines\AppData\Roaming\Thunderbird\Profiles\i2blparj.default\Mail\pop.serviciodecorreo-1.es\msgFilterRules.dat,Mail/pop.serviciodecorreo-1.es,TALOSA,yes,337,Move to folder,TALOSA,"AND (from,ends with,@talosa.com)",1,from,ends with
C:\Users\gines\AppData\Roaming\Thunderbird\Profiles\i2blparj.default\Mail\pop.serviciodecorreo-1.es\msgFilterRules.dat,Mail/pop.serviciodecorreo-1.es,Remitente es: remanmotorparts@gmail.com,yes,273,Move to folder,REMAN MOTOR,"AND (from,is,remanmotorparts@gmail.com)",1,from,is
C:\Users\gines\AppData\Roaming\Thunderbird\Profiles\i2blparj.default\Mail\pop.serviciodecorreo-1.es\msgFilterRules.dat,Mail/pop.serviciodecorreo-1.es,Remitente es: facturacion@jumasa.es,yes,17,Move to folder,JUMASA,"OR (from,is,facturacion@jumasa.es) OR (from,ends with,@jumasa.es)",2,from,ends with;is
C:\Users\gines\AppData\Roaming\Thunderbird\Profiles\i2blparj.default\Mail\pop.serviciodecorreo-1.es\msgFilterRules.dat,Mail/pop.serviciodecorreo-1.es,Remitente termina con: @autocristalsevilla.com,yes,17,Move to folder,AUTOCRISTAL SEVILLA,"AND (from,ends with,@autocristalsevilla.com)",1,from,ends with
C:\Users\gines\AppData\Roaming\Thunderbird\Profiles\i2blparj.default\Mail\pop.serviciodecorreo-1.es\msgFilterRules.dat,Mail/pop.serviciodecorreo-1.es,Remitente termina con: @pool-line.com.es,yes,17,Move to folder,POOL LINE,"AND (from,ends with,@pool-line.com.es)",1,from,ends with
C:\Users\gines\AppData\Roaming\Thunderbird\Profiles\i2blparj.default\Mail\pop.serviciodecorreo-1.es\msgFilterRules.dat,Mail/pop.serviciodecorreo-1.es,Remitente termina con: @azurglobal.es,yes,17,Move to folder,AZUR GLOBAL,"AND (from,ends with,@azurglobal.es)",1,from,ends with
C:\Users\gines\AppData\Roaming\Thunderbird\Profiles\i2blparj.default\Mail\pop.serviciodecorreo-1.es\msgFilterRules.dat,Mail/pop.serviciodecorreo-1.es,Remitente es: dani.vicente@meat-doria.es,yes,17,Move to folder,MEAT-DORIA,"OR (from,is,dani.vicente@meat-doria.es) OR (from,ends with,@meat-doria.es)",2,from,ends with;is
C:\Users\gines\AppData\Roaming\Thunderbird\Profiles\i2blparj.default\Mail\pop.serviciodecorreo-1.es\msgFilterRules.dat,Mail/pop.serviciodecorreo-1.es,Remitente es: soporte@sesametime.com,yes,17,Move to folder,SESAME,"OR (from,is,soporte@sesametime.com) OR (from,ends with,@sesametime.com) OR (from,ends with,@sesamehr.com) OR (from,ends with,support@sesametime.com.hs-inbox.com) OR (from,contains,sesame)",5,from,contains;ends with;is
C:\Users\gines\AppData\Roaming\Thunderbird\Profiles\i2blparj.default\Mail\pop.serviciodecorreo-1.es\msgFilterRules.dat,Mail/pop.serviciodecorreo-1.es,Remitente es: kike@multirecambioshm.com,yes,17,Move to folder,MULTIRECAMBIOS HM,"OR (from,is,kike@multirecambioshm.com) OR (from,ends with,@multirecambioshm.com)",2,from,ends with;is
C:\Users\gines\AppData\Roaming\Thunderbird\Profiles\i2blparj.default\Mail\pop.serviciodecorreo-1.es\msgFilterRules.dat,Mail/pop.serviciodecorreo-1.es,Remitente es: SGonzalez@solaufil.com,yes,17,Move to folder,MECAFILTER,"OR (from,is,SGonzalez@solaufil.com) OR (from,is,contact@mecafilter-info.com) OR (from,ends with,@mecafilter-info.com)",3,from,ends with;is
C:\Users\gines\AppData\Roaming\Thunderbird\Profiles\i2blparj.default\Mail\pop.serviciodecorreo-1.es\msgFilterRules.dat,Mail/pop.serviciodecorreo-1.es,Remitente es: invoices@frigair-iberia.com,yes,17,Move to folder,FRIG AIR,"OR (from,is,invoices@frigair-iberia.com) OR (from,ends with,@frigair-iberia.com)",2,from,ends with;is
C:\Users\gines\AppData\Roaming\Thunderbird\Profiles\i2blparj.default\Mail\pop.serviciodecorreo-1.es\msgFilterRules.dat,Mail/pop.serviciodecorreo-1.es,Remitente termina con: sjurado@absoal.com,yes,17,Move to folder,ABSOAL,"AND (from,ends with,sjurado@absoal.com)",1,from,ends with
C:\Users\gines\AppData\Roaming\Thunderbird\Profiles\i2blparj.default\Mail\pop.serviciodecorreo-1.es\msgFilterRules.dat,Mail/pop.serviciodecorreo-1.es,Remitente es: ignacio.gutierrez@exidegroup.com,yes,17,Move to folder,EXIDE,"AND (from,is,ignacio.gutierrez@exidegroup.com)",1,from,is
C:\Users\gines\AppData\Roaming\Thunderbird\Profiles\i2blparj.default\Mail\pop.serviciodecorreo-1.es\msgFilterRules.dat,Mail/pop.serviciodecorreo-1.es,FARE,yes,337,Move to folder,FARE,"AND (from,ends with,@fare-auto.com)",1,from,ends with
C:\Users\gines\AppData\Roaming\Thunderbird\Profiles\i2blparj.default\Mail\pop.serviciodecorreo-1.es\msgFilterRules.dat,Mail/pop.serviciodecorreo-1.es,Remitente termina con: @ceapi.es,yes,337,Move to folder,CEAPI,"AND (from,ends with,@ceapi.es)",1,from,ends with
C:\Users\gines\AppData\Roaming\Thunderbird\Profiles\i2blparj.default\Mail\pop.serviciodecorreo-1.es\msgFilterRules.dat,Mail/pop.serviciodecorreo-1.es,ngl,yes,337,Move to folder,NGK,"AND (from,ends with,@ngk.es)",1,from,ends with
C:\Users\gines\AppData\Roaming\Thunderbird\Profiles\i2blparj.default\Mail\pop.serviciodecorreo-1.es\msgFilterRules.dat,Mail/pop.serviciodecorreo-1.es,Remitente termina con: @exclusivasbcn.com,yes,337,Move to folder,EXCLUSIVAS BCN,"AND (from,ends with,@exclusivasbcn.com)",1,from,ends with
C:\Users\gines\AppData\Roaming\Thunderbird\Profiles\i2blparj.default\Mail\pop.serviciodecorreo-1.es\msgFilterRules.dat,Mail/pop.serviciodecorreo-1.es,Remitente es: facturacion@filtroscartes.net,yes,337,Move to folder,FILTROS CARTES,"AND (from,is,facturacion@filtroscartes.net)",1,from,is
C:\Users\gines\AppData\Roaming\Thunderbird\Profiles\i2blparj.default\Mail\pop.serviciodecorreo-1.es\msgFilterRules.dat,Mail/pop.serviciodecorreo-1.es,Remitente termina con: @valeo.com,yes,337,Move to folder,VALEO,"AND (from,ends with,@valeo.com)",1,from,ends with
C:\Users\gines\AppData\Roaming\Thunderbird\Profiles\i2blparj.default\Mail\pop.serviciodecorreo-1.es\msgFilterRules.dat,Mail/pop.serviciodecorreo-1.es,hernandez,yes,17,Move to folder,REPRESENTACIONES HERNANDEZ,"AND (from,ends with,@rhernandez.com)",1,from,ends with
C:\Users\gines\AppData\Roaming\Thunderbird\Profiles\i2blparj.default\Mail\pop.serviciodecorreo-1.es\msgFilterRules.dat,Mail/pop.serviciodecorreo-1.es,SWAG,yes,17,Move to folder,BLISTEIN - SWAG,"AND (from,ends with,@bilsteingroup.com)",1,from,ends with
C:\Users\gines\AppData\Roaming\Thunderbird\Profiles\i2blparj.default\Mail\pop.serviciodecorreo-1.es\msgFilterRules.dat,Mail/pop.serviciodecorreo-1.es,Remitente termina con: @michelin.com,yes,337,Move to folder,MICHELIN,"AND (from,ends with,@michelin.com)",1,from,ends with
C:\Users\gines\AppData\Roaming\Thunderbird\Profiles\i2blparj.default\Mail\pop.serviciodecorreo-1.es\msgFilterRules.dat,Mail/pop.serviciodecorreo-1.es,SASH,yes,337,Move to folder,SASH51a13cd2,"AND (from,ends with,@lubricantes-sash.com)",1,from,ends with
C:\Users\gines\AppData\Roaming\Thunderbird\Profiles\i2blparj.default\Mail\pop.serviciodecorreo-1.es\msgFilterRules.dat,Mail/pop.serviciodecorreo-1.es,BRIDGE,yes,337,Move to folder,BRIDGESTONE,"OR (from,is,BridgestoneAttCliente@bridgestone.eu) OR (from,is,info.facturas@bridgestone.eu)",2,from,is
C:\Users\gines\AppData\Roaming\Thunderbird\Profiles\i2blparj.default\Mail\pop.serviciodecorreo-1.es\msgFilterRules.dat,Mail/pop.serviciodecorreo-1.es,CECAUTO,yes,337,Move to folder,CECAUTO,"AND (from,ends with,@cecauto.com)",1,from,ends with
C:\Users\gines\AppData\Roaming\Thunderbird\Profiles\i2blparj.default\Mail\pop.serviciodecorreo-1.es\msgFilterRules.dat,Mail/pop.serviciodecorreo-1.es,MKD,yes,337,Move to folder,MKD RECAMBIOS,"OR (from,ends with,@mkdrecambios.com) OR (from,ends with,@mkdautomotive.com) OR (from,ends with,@grupomobius.com)",3,from,ends with
C:\Users\gines\AppData\Roaming\Thunderbird\Profiles\i2blparj.default\Mail\pop.serviciodecorreo-1.es\msgFilterRules.dat,Mail/pop.serviciodecorreo-1.es,NERTOR,yes,337,Move to folder,NER-TOR,"AND (from,ends with,@nertor.com)",1,from,ends with
C:\Users\gines\AppData\Roaming\Thunderbird\Profiles\i2blparj.default\Mail\pop.serviciodecorreo-1.es\msgFilterRules.dat,Mail/pop.serviciodecorreo-1.es,CRUZBER,yes,337,Move to folder,CRUZBER,"AND (from,ends with,@cruzber.com)",1,from,ends with
C:\Users\gines\AppData\Roaming\Thunderbird\Profiles\i2blparj.default\Mail\pop.serviciodecorreo-1.es\msgFilterRules.dat,Mail/pop.serviciodecorreo-1.es,CONTICORR,yes,337,Move to folder,CONTINENTAL CORREAS,"OR (from,ends with,@france.contitech.de) OR (from,ends with,@contitech.es)",2,from,ends with
C:\Users\gines\AppData\Roaming\Thunderbird\Profiles\i2blparj.default\Mail\pop.serviciodecorreo-1.es\msgFilterRules.dat,Mail/pop.serviciodecorreo-1.es,PEMEBLA,yes,337,Move to folder,PEMEBLA,"AND (from,ends with,postventa@pemebla.com)",1,from,ends with
C:\Users\gines\AppData\Roaming\Thunderbird\Profiles\i2blparj.default\Mail\pop.serviciodecorreo-1.es\msgFilterRules.dat,Mail/pop.serviciodecorreo-1.es,IPARLUX,yes,17,Move to folder,IPARLUX,"AND (from,ends with,@iparlux.es)",1,from,ends with
C:\Users\gines\AppData\Roaming\Thunderbird\Profiles\i2blparj.default\Mail\pop.serviciodecorreo-1.es\msgFilterRules.dat,Mail/pop.serviciodecorreo-1.es,Remitente contiene: @quimicar.es,yes,273,Move to folder,QUIMICAR,"OR (from,contains,@quimicar.es) OR (from,contains,@quimicar.com)",2,from,contains
C:\Users\gines\AppData\Roaming\Thunderbird\Profiles\i2blparj.default\Mail\pop.serviciodecorreo-1.es\msgFilterRules.dat,Mail/pop.serviciodecorreo-1.es,TOP,yes,273,Move to folder,TOP RECAMBIOS,"OR (from,is,garantias@toprecambios.com) OR (from,ends with,@toprecambios.com)",2,from,ends with;is
C:\Users\gines\AppData\Roaming\Thunderbird\Profiles\i2blparj.default\Mail\pop.serviciodecorreo-1.es\msgFilterRules.dat,Mail/pop.serviciodecorreo-1.es,ALKAR,yes,337,Move to folder,ALKAR,"AND (from,contains,@alkar.es)",1,from,contains
C:\Users\gines\AppData\Roaming\Thunderbird\Profiles\i2blparj.default\Mail\pop.serviciodecorreo-1.es\msgFilterRules.dat,Mail/pop.serviciodecorreo-1.es,SERNE,yes,337,Move to folder,SERNESA,"OR (from,ends with,@sernesa.com)",1,from,ends with
C:\Users\gines\AppData\Roaming\Thunderbird\Profiles\i2blparj.default\Mail\pop.serviciodecorreo-1.es\msgFilterRules.dat,Mail/pop.serviciodecorreo-1.es,TECCOM,yes,17,Move to folder,TECCOM,"AND (from,is,info@info.tecalliance.net)",1,from,is
C:\Users\gines\AppData\Roaming\Thunderbird\Profiles\i2blparj.default\Mail\pop.serviciodecorreo-1.es\msgFilterRules.dat,Mail/pop.serviciodecorreo-1.es,OPTIMAL,yes,337,Move to folder,OPTIMAL,"AND (from,ends with,@optimal-spain.com)",1,from,ends with
C:\Users\gines\AppData\Roaming\Thunderbird\Profiles\i2blparj.default\Mail\pop.serviciodecorreo-1.es\msgFilterRules.dat,Mail/pop.serviciodecorreo-1.es,NRF,yes,337,Move to folder,NRF,"AND (from,ends with,@nrf.eu)",1,from,ends with
C:\Users\gines\AppData\Roaming\Thunderbird\Profiles\i2blparj.default\Mail\pop.serviciodecorreo-1.es\msgFilterRules.dat,Mail/pop.serviciodecorreo-1.es,ANDRES,yes,337,Move to folder,NEUMATICOS ANDRES,"OR (from,is,blascima@grupoandres.com) OR (from,contains,@grupoandres.com)",2,from,contains;is
C:\Users\gines\AppData\Roaming\Thunderbird\Profiles\i2blparj.default\Mail\pop.serviciodecorreo-1.es\msgFilterRules.dat,Mail/pop.serviciodecorreo-1.es,EACLIMA,yes,337,Move to folder,EACLIMA,"OR (from,is,m.gonzalez@teasa.net) OR (from,contains,Electro Auto) OR (from,ends with,@eaclima.es)",3,from,contains;ends with;is
C:\Users\gines\AppData\Roaming\Thunderbird\Profiles\i2blparj.default\Mail\pop.serviciodecorreo-1.es\msgFilterRules.dat,Mail/pop.serviciodecorreo-1.es,Remitente termina con: @fare-auto.com,yes,17,Move to folder,FARE,"AND (from,ends with,@fare-auto.com)",1,from,ends with
C:\Users\gines\AppData\Roaming\Thunderbird\Profiles\i2blparj.default\Mail\pop.serviciodecorreo-1.es\msgFilterRules.dat,Mail/pop.serviciodecorreo-1.es,Remitente termina con: @frigair-iberia.com,yes,17,Move to folder,FRIG AIR,"AND (from,ends with,@frigair-iberia.com)",1,from,ends with
C:\Users\gines\AppData\Roaming\Thunderbird\Profiles\i2blparj.default\Mail\pop.serviciodecorreo-1.es\msgFilterRules.dat,Mail/pop.serviciodecorreo-1.es,Remitente es: javireal@toprecambios.com,yes,17,Move to folder,TOP RECAMBIOS/INFORMATICA,"AND (from,is,javireal@toprecambios.com)",1,from,is
C:\Users\gines\AppData\Roaming\Thunderbird\Profiles\i2blparj.default\Mail\pop.serviciodecorreo-1.es\msgFilterRules.dat,Mail/pop.serviciodecorreo-1.es,Remitente termina con: @gira.net,yes,17,Move to folder,GIRA,"AND (from,ends with,@gira.net)",1,from,ends with
C:\Users\gines\AppData\Roaming\Thunderbird\Profiles\i2blparj.default\Mail\pop.serviciodecorreo-1.es\msgFilterRules.dat,Mail/pop.serviciodecorreo-1.es,Remitente termina con: @absoal.com,yes,17,Move to folder,ABSOAL,"AND (from,ends with,@absoal.com)",1,from,ends with
C:\Users\gines\AppData\Roaming\Thunderbird\Profiles\i2blparj.default\Mail\pop.serviciodecorreo-1.es\msgFilterRules.dat,Mail/pop.serviciodecorreo-1.es,Remitente es: joselopez.iveco@hotmail.com,yes,17,Move to folder,AUTOMECANICA ALBOX TURISMO,"AND (from,is,joselopez.iveco@hotmail.com)",1,from,is
C:\Users\gines\AppData\Roaming\Thunderbird\Profiles\i2blparj.default\Mail\pop.serviciodecorreo-1.es\msgFilterRules.dat,Mail/pop.serviciodecorreo-1.es,Remitente termina con: @rztools.com,yes,17,Move to folder,RZTOOLS,"AND (from,ends with,@rztools.com)",1,from,ends with
C:\Users\gines\AppData\Roaming\Thunderbird\Profiles\i2blparj.default\Mail\pop.serviciodecorreo-1.es\msgFilterRules.dat,Mail/pop.serviciodecorreo-1.es,Remitente es: cr@rodamientos.net,yes,17,Move to folder,ROYSE,"AND (from,is,cr@rodamientos.net)",1,from,is
C:\Users\gines\AppData\Roaming\Thunderbird\Profiles\i2blparj.default\Mail\pop.serviciodecorreo-1.es\msgFilterRules.dat,Mail/pop.serviciodecorreo-1.es,Remitente termina con: @sesametime.com,yes,17,Move to folder,SESAME,"AND (from,ends with,@sesametime.com)",1,from,ends with
C:\Users\gines\AppData\Roaming\Thunderbird\Profiles\i2blparj.default\Mail\pop.serviciodecorreo-1.es\msgFilterRules.dat,Mail/pop.serviciodecorreo-1.es,Remitente es: mariano@exclusivasbcn.com,yes,17,Move to folder,EXCLUSIVAS BCN,"AND (from,ends with,@exclusivasbcn.com)",1,from,ends with
C:\Users\gines\AppData\Roaming\Thunderbird\Profiles\i2blparj.default\Mail\pop.serviciodecorreo-1.es\msgFilterRules.dat,Mail/pop.serviciodecorreo-1.es,Remitente es: facturacion@grupoandres.com,yes,17,Move to folder,NEUMATICOS ANDRES,"AND (from,is,facturacion@grupoandres.com)",1,from,is
C:\Users\gines\AppData\Roaming\Thunderbird\Profiles\i2blparj.default\Mail\pop.serviciodecorreo-1.es\msgFilterRules.dat,Mail/pop.serviciodecorreo-1.es,Remitente es: ventas2@evergreen.com.es,yes,273,Move to folder,EVERGREEN,"OR (from,is,ventas2@evergreen.com.es) OR (from,is,documentos@evergreen.com.es)",2,from,is
C:\Users\gines\AppData\Roaming\Thunderbird\Profiles\i2blparj.default\Mail\pop.serviciodecorreo-1.es\msgFilterRules.dat,Mail/pop.serviciodecorreo-1.es,Remitente es: administracion@bilsteingroup.com,yes,337,Move to folder,BLISTEIN - SWAG,"OR (from,is,administracion@bilsteingroup.com) OR (from,ends with,@Bilsteingroup.com)",2,from,ends with;is
C:\Users\gines\AppData\Roaming\Thunderbird\Profiles\i2blparj.default\Mail\pop.serviciodecorreo-1.es\msgFilterRules.dat,Mail/pop.serviciodecorreo-1.es,Remitente es: info@frigair-iberia.com,yes,17,Move to folder,FRIG AIR,"OR (from,is,info@frigair-iberia.com) OR (from,is,invoices@frigair-iberia.com)",2,from,is
C:\Users\gines\AppData\Roaming\Thunderbird\Profiles\i2blparj.default\Mail\pop.serviciodecorreo-1.es\msgFilterRules.dat,Mail/pop.serviciodecorreo-1.es,Remitente es: saphelpdesk@driv.com,yes,17,Move to folder,FEDERAL MOGUL,"OR (from,is,saphelpdesk@driv.com) OR (from,ends with,@driv.com)",2,from,ends with;is
C:\Users\gines\AppData\Roaming\Thunderbird\Profiles\i2blparj.default\Mail\pop.serviciodecorreo-1.es\msgFilterRules.dat,Mail/pop.serviciodecorreo-1.es,Remitente es: info@suminesa.com,yes,17,Move to folder,SUMINESA,"AND (from,is,info@suminesa.com)",1,from,is
C:\Users\gines\AppData\Roaming\Thunderbird\Profiles\i2blparj.default\Mail\pop.serviciodecorreo-1.es\msgFilterRules.dat,Mail/pop.serviciodecorreo-1.es,Remitente es: manad@amolux.net,yes,17,Move to folder,AMOLUX - MANAD,"AND (from,is,manad@amolux.net)",1,from,is
C:\Users\gines\AppData\Roaming\Thunderbird\Profiles\i2blparj.default\Mail\pop.serviciodecorreo-1.es\msgFilterRules.dat,Mail/pop.serviciodecorreo-1.es,Remitente es: gines@jgpsl.com,yes,17,Move to folder,FERREVERA,"AND (from,is,gines@jgpsl.com)",1,from,is
C:\Users\gines\AppData\Roaming\Thunderbird\Profiles\i2blparj.default\Mail\pop.serviciodecorreo-1.es\msgFilterRules.dat,Mail/pop.serviciodecorreo-1.es,Remitente es: BCNEXPEDICIONES@FEYC.ES,yes,17,Move to folder,RODAMIENTOS FEYC,"AND (from,is,BCNEXPEDICIONES@FEYC.ES)",1,from,is
C:\Users\gines\AppData\Roaming\Thunderbird\Profiles\i2blparj.default\Mail\pop.serviciodecorreo-1.es\msgFilterRules.dat,Mail/pop.serviciodecorreo-1.es,Remitente es: nita@delinmitel.com,yes,17,Move to folder,DELINMITEL,"AND (from,is,nita@delinmitel.com)",1,from,is
C:\Users\gines\AppData\Roaming\Thunderbird\Profiles\i2blparj.default\Mail\pop.serviciodecorreo-1.es\msgFilterRules.dat,Mail/pop.serviciodecorreo-1.es,Remitente es: administracion@euromaquinas.com,yes,17,Move to folder,EUROMAQUINARIAS HISPANIDAD,"AND (from,is,administracion@euromaquinas.com)",1,from,is
C:\Users\gines\AppData\Roaming\Thunderbird\Profiles\i2blparj.default\Mail\pop.serviciodecorreo-1.es\msgFilterRules.dat,Mail/pop.serviciodecorreo-1.es,Remitente es: hogar1@poessa.com,yes,17,Move to folder,POESSA,"AND (from,is,hogar1@poessa.com)",1,from,is
C:\Users\gines\AppData\Roaming\Thunderbird\Profiles\i2blparj.default\Mail\pop.serviciodecorreo-1.es\msgFilterRules.dat,Mail/pop.serviciodecorreo-1.es,Remitente es: info@dogaparts.es,yes,17,Move to folder,DOGA,"OR (from,is,info@dogaparts.es) OR (from,ends with,@dogaparts.es)",2,from,ends with;is
C:\Users\gines\AppData\Roaming\Thunderbird\Profiles\i2blparj.default\Mail\pop.serviciodecorreo-1.es\msgFilterRules.dat,Mail/pop.serviciodecorreo-1.es,Remitente es: mecavera@mecavera.redpeugeot.com,yes,17,Move to folder,MECAVERA,"AND (from,is,mecavera@mecavera.redpeugeot.com)",1,from,is
C:\Users\gines\AppData\Roaming\Thunderbird\Profiles\i2blparj.default\Mail\pop.serviciodecorreo-1.es\msgFilterRules.dat,Mail/pop.serviciodecorreo-1.es,Remitente es: admon@carpriss.com,yes,17,Move to folder,CARPRISS,"OR (from,is,admon@carpriss.com) OR (from,ends with,@carpriss.com)",2,from,ends with;is
C:\Users\gines\AppData\Roaming\Thunderbird\Profiles\i2blparj.default\Mail\pop.serviciodecorreo-1.es\msgFilterRules.dat,Mail/pop.serviciodecorreo-1.es,Remitente es: facturacion@samoaindustrial.com,yes,17,Move to folder,SAMOA,"AND (from,is,facturacion@samoaindustrial.com)",1,from,is
C:\Users\gines\AppData\Roaming\Thunderbird\Profiles\i2blparj.default\Mail\pop.serviciodecorreo-1.es\msgFilterRules.dat,Mail/pop.serviciodecorreo-1.es,Remitente es: Administracion@multirecambioshm.com,yes,273,Move to folder,MULTIRECAMBIOS HM,"OR (from,is,Administracion@multirecambioshm.com) OR (from,ends with,@multirecambioshm.com)",2,from,ends with;is
C:\Users\gines\AppData\Roaming\Thunderbird\Profiles\i2blparj.default\Mail\pop.serviciodecorreo-1.es\msgFilterRules.dat,Mail/pop.serviciodecorreo-1.es,Remitente es: facturacion@recambiosasiaticos.com,yes,17,Move to folder,RECAMBIOS ASIATICOS,"OR (from,is,facturacion@recambiosasiaticos.com) OR (from,ends with,@recambiosasiaticos.com)",2,from,ends with;is
C:\Users\gines\AppData\Roaming\Thunderbird\Profiles\i2blparj.default\Mail\pop.serviciodecorreo-1.es\msgFilterRules.dat,Mail/pop.serviciodecorreo-1.es,Remitente es: administracion@febestiberica.com,yes,17,Move to folder,FEBEST - RUMBO NORTE,"AND (from,is,administracion@febestiberica.com)",1,from,is
C:\Users\gines\AppData\Roaming\Thunderbird\Profiles\i2blparj.default\Mail\pop.serviciodecorreo-1.es\msgFilterRules.dat,Mail/pop.serviciodecorreo-1.es,Remitente es: escribano@pinchazosvargas.com,yes,17,Move to folder,PINCHAZOS VARGAS,"AND (from,is,escribano@pinchazosvargas.com)",1,from,is
C:\Users\gines\AppData\Roaming\Thunderbird\Profiles\i2blparj.default\Mail\pop.serviciodecorreo-1.es\msgFilterRules.dat,Mail/pop.serviciodecorreo-1.es,Remitente es: autosys@henkel.com,yes,17,Move to folder,HENKEL,"OR (from,is,autosys@henkel.com) OR (from,ends with,@henkel.com)",2,from,ends with;is
C:\Users\gines\AppData\Roaming\Thunderbird\Profiles\i2blparj.default\Mail\pop.serviciodecorreo-1.es\msgFilterRules.dat,Mail/pop.serviciodecorreo-1.es,Remitente es: pedidos.tork@essity.com,yes,273,Move to folder,ESSITY - TORK,"OR (from,is,pedidos.tork@essity.com) OR (from,contains,@essity.com)",2,from,contains;is
C:\Users\gines\AppData\Roaming\Thunderbird\Profiles\i2blparj.default\Mail\pop.serviciodecorreo-1.es\msgFilterRules.dat,Mail/pop.serviciodecorreo-1.es,COMPRAS VARIAS,yes,273,Move to folder,COMPRAS VARIAS,"OR (from,is,info@42kshop.com) OR (from,is,pedidos@pccomponentes.com) OR (from,is,noreply@pccomponentes.com) OR (from,ends with,@pccomponentes.com) OR (from,is,verametal2015@gmail.com) OR (subject,contains,PcComponentes)",6,from;subject,contains;ends with;is
C:\Users\gines\AppData\Roaming\Thunderbird\Profiles\i2blparj.default\Mail\pop.serviciodecorreo-1.es\msgFilterRules.dat,Mail/pop.serviciodecorreo-1.es,Remitente es: lydia.bartolome@euromaster.com,yes,17,Move to folder,EUROMASTER,"OR (from,is,lydia.bartolome@euromaster.com) OR (from,ends with,@euromaster.com)",2,from,ends with;is
C:\Users\gines\AppData\Roaming\Thunderbird\Profiles\i2blparj.default\Mail\pop.serviciodecorreo-1.es\msgFilterRules.dat,Mail/pop.serviciodecorreo-1.es,Remitente es: portal@rema-tiptop.es,yes,17,Move to folder,Trash/TIP-TOP,"AND (from,is,portal@rema-tiptop.es)",1,from,is
C:\Users\gines\AppData\Roaming\Thunderbird\Profiles\i2blparj.default\Mail\pop.serviciodecorreo-1.es\msgFilterRules.dat,Mail/pop.serviciodecorreo-1.es,Remitente es: ecommerce@rema-tiptop.es,yes,337,Move to folder,Trash/TIP-TOP,"OR (from,is,ecommerce@rema-tiptop.es) OR (from,is,portal@rema-tiptop.es) OR (from,is,facturacion@rema-tiptop.es) OR (from,ends with,@rema-tiptop.es)",4,from,ends with;is
C:\Users\gines\AppData\Roaming\Thunderbird\Profiles\i2blparj.default\Mail\pop.serviciodecorreo-1.es\msgFilterRules.dat,Mail/pop.serviciodecorreo-1.es,Remitente es: n.mihai@kyb-europe.com,yes,17,Move to folder,KYB,"OR (from,is,n.mihai@kyb-europe.com) OR (from,ends with,kyb-europe.com)",2,from,ends with;is
C:\Users\gines\AppData\Roaming\Thunderbird\Profiles\i2blparj.default\Mail\pop.serviciodecorreo-1.es\msgFilterRules.dat,Mail/pop.serviciodecorreo-1.es,Remitente es: duerto@duerto.com,yes,17,Move to folder,DUERTO,"AND (from,is,duerto@duerto.com)",1,from,is
C:\Users\gines\AppData\Roaming\Thunderbird\Profiles\i2blparj.default\Mail\pop.serviciodecorreo-1.es\msgFilterRules.dat,Mail/pop.serviciodecorreo-1.es,Remitente es: iliana.el.youjili@continental.com,yes,17,Move to folder,CONTINENTAL CORREAS,"OR (from,is,iliana.el.youjili@continental.com) OR (from,ends with,@continental.com)",2,from,ends with;is
C:\Users\gines\AppData\Roaming\Thunderbird\Profiles\i2blparj.default\Mail\pop.serviciodecorreo-1.es\msgFilterRules.dat,Mail/pop.serviciodecorreo-1.es,Remitente es: contact@mecafilter-info.com,yes,17,Move to folder,MECAFILTER,"AND (from,is,contact@mecafilter-info.com)",1,from,is
C:\Users\gines\AppData\Roaming\Thunderbird\Profiles\i2blparj.default\Mail\pop.serviciodecorreo-1.es\msgFilterRules.dat,Mail/pop.serviciodecorreo-1.es,Remitente es: comercial@transmisiones-cardiberica.com,yes,17,Move to folder,CARDIBERICA,"AND (from,is,comercial@transmisiones-cardiberica.com)",1,from,is
C:\Users\gines\AppData\Roaming\Thunderbird\Profiles\i2blparj.default\Mail\pop.serviciodecorreo-1.es\msgFilterRules.dat,Mail/pop.serviciodecorreo-1.es,Remitente es: facturacion@iparlux.es,yes,17,Move to folder,IPARLUX,"AND (from,is,facturacion@iparlux.es)",1,from,is
C:\Users\gines\AppData\Roaming\Thunderbird\Profiles\i2blparj.default\Mail\pop.serviciodecorreo-1.es\msgFilterRules.dat,Mail/pop.serviciodecorreo-1.es,Remitente es: BremboDispatcher@lutech.it,yes,337,Move to folder,BREMBO,"OR (from,is,BremboDispatcher@lutech.it) OR (from,is,JoseAntonio_Bailo@brembo.es) OR (from,ends with,@brembo.es)",3,from,ends with;is
C:\Users\gines\AppData\Roaming\Thunderbird\Profiles\i2blparj.default\Mail\pop.serviciodecorreo-1.es\msgFilterRules.dat,Mail/pop.serviciodecorreo-1.es,Remitente es: e-invoicing@ptg.contitech.de,yes,17,Move to folder,CONTINENTAL CORREAS,"AND (from,is,e-invoicing@ptg.contitech.de)",1,from,is
C:\Users\gines\AppData\Roaming\Thunderbird\Profiles\i2blparj.default\Mail\pop.serviciodecorreo-1.es\msgFilterRules.dat,Mail/pop.serviciodecorreo-1.es,Remitente es: administracion@meat-doria.es,yes,17,Move to folder,MEAT-DORIA,"OR (from,is,administracion@meat-doria.es) OR (from,is,facturacion@meat-doria.es) OR (from,ends with,@meat-doria.es)",3,from,ends with;is
C:\Users\gines\AppData\Roaming\Thunderbird\Profiles\i2blparj.default\Mail\pop.serviciodecorreo-1.es\msgFilterRules.dat,Mail/pop.serviciodecorreo-1.es,Remitente es: noreply@toprecambios.com,yes,17,Move to folder,TOP RECAMBIOS,"AND (from,is,noreply@toprecambios.com)",1,from,is
C:\Users\gines\AppData\Roaming\Thunderbird\Profiles\i2blparj.default\Mail\pop.serviciodecorreo-1.es\msgFilterRules.dat,Mail/pop.serviciodecorreo-1.es,Remitente es: barralautofordcoslada@gmail.com,yes,17,Move to folder,BARRAL AUTO,"AND (from,is,barralautofordcoslada@gmail.com)",1,from,is
C:\Users\gines\AppData\Roaming\Thunderbird\Profiles\i2blparj.default\Mail\pop.serviciodecorreo-1.es\msgFilterRules.dat,Mail/pop.serviciodecorreo-1.es,Remitente es: administracion@rolmovil.net,yes,17,Move to folder,POOL LINE,"OR (from,is,administracion@rolmovil.net) OR (from,is,pedidos@pool-line.com) OR (from,ends with,@pool-line.com)",3,from,ends with;is
C:\Users\gines\AppData\Roaming\Thunderbird\Profiles\i2blparj.default\Mail\pop.serviciodecorreo-1.es\msgFilterRules.dat,Mail/pop.serviciodecorreo-1.es,Remitente es: admin@toprecambios.com,yes,17,Move to folder,TOP RECAMBIOS,"AND (from,is,admin@toprecambios.com)",1,from,is
C:\Users\gines\AppData\Roaming\Thunderbird\Profiles\i2blparj.default\Mail\pop.serviciodecorreo-1.es\msgFilterRules.dat,Mail/pop.serviciodecorreo-1.es,Remitente es: talleres.automecanica-albox@rediveco.com,yes,17,Move to folder,AUTOMECANICA ALBOX TURISMO,"AND (from,is,talleres.automecanica-albox@rediveco.com)",1,from,is
C:\Users\gines\AppData\Roaming\Thunderbird\Profiles\i2blparj.default\Mail\pop.serviciodecorreo-1.es\msgFilterRules.dat,Mail/pop.serviciodecorreo-1.es,Remitente es: pedidos2@toprecambios.com,yes,17,Move to folder,TOP RECAMBIOS,"AND (from,is,pedidos2@toprecambios.com)",1,from,is
C:\Users\gines\AppData\Roaming\Thunderbird\Profiles\i2blparj.default\Mail\pop.serviciodecorreo-1.es\msgFilterRules.dat,Mail/pop.serviciodecorreo-1.es,Remitente es: infoenvios@mail.seur.info,yes,17,Move to folder,SEUR,"AND (from,is,infoenvios@mail.seur.info)",1,from,is
C:\Users\gines\AppData\Roaming\Thunderbird\Profiles\i2blparj.default\Mail\pop.serviciodecorreo-1.es\msgFilterRules.dat,Mail/pop.serviciodecorreo-1.es,Remitente es: almacenlucena@gmail.com,yes,337,Move to folder,NEUMATICOS LUCENA,"OR (from,is,almacenlucena@gmail.com) OR (from,is,administracion@neumaticoslucena.com) OR (from,is,neumaticoslucenasl@gmail.com) OR (from,ends with,@neumaticoslucena.com)",4,from,ends with;is
C:\Users\gines\AppData\Roaming\Thunderbird\Profiles\i2blparj.default\Mail\pop.serviciodecorreo-1.es\msgFilterRules.dat,Mail/pop.serviciodecorreo-1.es,Remitente es: marta.buceta@contitech.es,yes,337,Move to folder,CONTINENTAL CORREAS,"OR (from,is,marta.buceta@contitech.es) OR (from,ends with,@contitech.es)",2,from,ends with;is
C:\Users\gines\AppData\Roaming\Thunderbird\Profiles\i2blparj.default\Mail\pop.serviciodecorreo-1.es\msgFilterRules.dat,Mail/pop.serviciodecorreo-1.es,Remitente es: gachino@algogroup.net,yes,273,Move to folder,ALGO GROUP,"OR (from,is,gachino@algogroup.net) OR (from,ends with,@algogroup.net)",2,from,ends with;is
C:\Users\gines\AppData\Roaming\Thunderbird\Profiles\i2blparj.default\Mail\pop.serviciodecorreo-1.es\msgFilterRules.dat,Mail/pop.serviciodecorreo-1.es,Remitente contiene: @asysum.com,yes,17,Move to folder,ASYSUM,"AND (from,contains,@asysum.com)",1,from,contains
C:\Users\gines\AppData\Roaming\Thunderbird\Profiles\i2blparj.default\Mail\pop.serviciodecorreo-1.es\msgFilterRules.dat,Mail/pop.serviciodecorreo-1.es,Remitente contiene: facturacion@serca.es,yes,273,Move to folder,SERCA FACTURACION,"OR (from,contains,facturacion@serca.es) OR (from,contains,eduard.calpe@serca.es) OR (from,contains,proveedores@serca.es) OR (from,contains,sergio.gonzalez@serca.es) OR (subject,contains,VETURILO)",5,from;subject,contains
C:\Users\gines\AppData\Roaming\Thunderbird\Profiles\i2blparj.default\Mail\pop.serviciodecorreo-1.es\msgFilterRules.dat,Mail/pop.serviciodecorreo-1.es,Remitente es: facturas@toprecambios.com,yes,17,Move to folder,TOP RECAMBIOS,"AND (from,is,facturas@toprecambios.com)",1,from,is
C:\Users\gines\AppData\Roaming\Thunderbird\Profiles\i2blparj.default\Mail\pop.serviciodecorreo-1.es\msgFilterRules.dat,Mail/pop.serviciodecorreo-1.es,Remitente es: facturacion@toprecambios.com,yes,273,Move to folder,TOP RECAMBIOS,"OR (from,is,facturacion@toprecambios.com) OR (from,contains,facturas@toprecambios.es)",2,from,contains;is
C:\Users\gines\AppData\Roaming\Thunderbird\Profiles\i2blparj.default\Mail\pop.serviciodecorreo-1.es\msgFilterRules.dat,Mail/pop.serviciodecorreo-1.es,Remitente es: atencionalcliente@pulpiautomocion.com,yes,17,Move to folder,PULPI AUTOMOCION,"AND (from,is,atencionalcliente@pulpiautomocion.com)",1,from,is
C:\Users\gines\AppData\Roaming\Thunderbird\Profiles\i2blparj.default\Mail\pop.serviciodecorreo-1.es\msgFilterRules.dat,Mail/pop.serviciodecorreo-1.es,Remitente es: harrywalker@harrywalker.net,yes,17,Move to folder,HARRY WALKER RODAMIENTOS,"AND (from,is,harrywalker@harrywalker.net)",1,from,is
C:\Users\gines\AppData\Roaming\Thunderbird\Profiles\i2blparj.default\Mail\pop.serviciodecorreo-1.es\msgFilterRules.dat,Mail/pop.serviciodecorreo-1.es,Remitente es: adm.spj@spj.es,yes,17,Move to folder,SPJ0f44851e,"AND (from,is,adm.spj@spj.es)",1,from,is
C:\Users\gines\AppData\Roaming\Thunderbird\Profiles\i2blparj.default\Mail\pop.serviciodecorreo-1.es\msgFilterRules.dat,Mail/pop.serviciodecorreo-1.es,Remitente termina con: @htlubricantoils.com,yes,17,Move to folder,HTLO LUBRICANTES,"AND (from,ends with,@htlubricantoils.com)",1,from,ends with
C:\Users\gines\AppData\Roaming\Thunderbird\Profiles\i2blparj.default\Mail\pop.serviciodecorreo-1.es\msgFilterRules.dat,Mail/pop.serviciodecorreo-1.es,Remitente es: facturacionferrevera@gmail.com,yes,17,Move to folder,FERREVERA,"AND (from,is,facturacionferrevera@gmail.com)",1,from,is
C:\Users\gines\AppData\Roaming\Thunderbird\Profiles\i2blparj.default\Mail\pop.serviciodecorreo-1.es\msgFilterRules.dat,Mail/pop.serviciodecorreo-1.es,Remitente es: administracion@rztools.com,yes,17,Move to folder,RZTOOLS,"AND (from,is,administracion@rztools.com)",1,from,is
C:\Users\gines\AppData\Roaming\Thunderbird\Profiles\i2blparj.default\Mail\pop.serviciodecorreo-1.es\msgFilterRules.dat,Mail/pop.serviciodecorreo-1.es,Remitente es: facturacion.almeria@seur.net,yes,17,Move to folder,SEUR,"AND (from,is,facturacion.almeria@seur.net)",1,from,is
C:\Users\gines\AppData\Roaming\Thunderbird\Profiles\i2blparj.default\Mail\pop.serviciodecorreo-1.es\msgFilterRules.dat,Mail/pop.serviciodecorreo-1.es,Remitente es: erp@cecauto.com,yes,17,Move to folder,CECAUTO,"AND (from,is,erp@cecauto.com)",1,from,is
C:\Users\gines\AppData\Roaming\Thunderbird\Profiles\i2blparj.default\Mail\pop.serviciodecorreo-1.es\msgFilterRules.dat,Mail/pop.serviciodecorreo-1.es,Remitente es: elisa.franceschini@airtopitalia.eu,yes,17,Move to folder,AIRTOP ITALIA,"AND (from,is,elisa.franceschini@airtopitalia.eu)",1,from,is
C:\Users\gines\AppData\Roaming\Thunderbird\Profiles\i2blparj.default\Mail\pop.serviciodecorreo-1.es\msgFilterRules.dat,Mail/pop.serviciodecorreo-1.es,Remitente es: es.prometeon.i.sdd@prometeon.com,yes,17,Move to folder,PROMETEON,"AND (from,ends with,@prometeon.com)",1,from,ends with
C:\Users\gines\AppData\Roaming\Thunderbird\Profiles\i2blparj.default\Mail\pop.serviciodecorreo-1.es\msgFilterRules.dat,Mail/pop.serviciodecorreo-1.es,Remitente termina con: @ams-osram.com,yes,273,Move to folder,OSRAM,"OR (from,ends with,@ams-osram.com) OR (from,ends with,@osram.com)",2,from,ends with
C:\Users\gines\AppData\Roaming\Thunderbird\Profiles\i2blparj.default\Mail\pop.serviciodecorreo-1.es\msgFilterRules.dat,Mail/pop.serviciodecorreo-1.es,Remitente es: sonia@amolux.net,yes,17,Move to folder,AMOLUX,"AND (from,is,sonia@amolux.net)",1,from,is
C:\Users\gines\AppData\Roaming\Thunderbird\Profiles\i2blparj.default\Mail\pop.serviciodecorreo-1.es\msgFilterRules.dat,Mail/pop.serviciodecorreo-1.es,Remitente es: nissens@nissens.com,yes,17,Move to folder,NISSENS,"AND (from,is,nissens@nissens.com)",1,from,is
C:\Users\gines\AppData\Roaming\Thunderbird\Profiles\i2blparj.default\Mail\pop.serviciodecorreo-1.es\msgFilterRules.dat,Mail/pop.serviciodecorreo-1.es,Remitente contiene: @danazaragoza.com,yes,273,Move to folder,DANA AUTOMOCION,"OR (from,is,facturacion@danazaragoza.com) OR (from,ends with,@dana.com)",2,from,ends with;is
C:\Users\gines\AppData\Roaming\Thunderbird\Profiles\i2blparj.default\Mail\pop.serviciodecorreo-1.es\msgFilterRules.dat,Mail/pop.serviciodecorreo-1.es,Remitente es: Facturacion@barralauto.com,yes,273,Move to folder,BARRAL AUTO,"OR (from,is,Facturacion@barralauto.com) OR (subject,contains,barral auto) OR (from,contains,barral auto)",3,from;subject,contains;is
C:\Users\gines\AppData\Roaming\Thunderbird\Profiles\i2blparj.default\Mail\pop.serviciodecorreo-1.es\msgFilterRules.dat,Mail/pop.serviciodecorreo-1.es,Remitente termina con: @as-sl.com,yes,17,Move to folder,AS,"AND (from,ends with,@as-sl.com)",1,from,ends with
C:\Users\gines\AppData\Roaming\Thunderbird\Profiles\i2blparj.default\Mail\pop.serviciodecorreo-1.es\msgFilterRules.dat,Mail/pop.serviciodecorreo-1.es,Remitente es: sash@lubricantes-sash.com,yes,17,Move to folder,ACEITES Y LUBRICANTES SASH,"AND (from,ends with,@lubricantes-sash.com)",1,from,ends with
C:\Users\gines\AppData\Roaming\Thunderbird\Profiles\i2blparj.default\Mail\pop.serviciodecorreo-1.es\msgFilterRules.dat,Mail/pop.serviciodecorreo-1.es,Remitente es: facturacion@alcaner.com,yes,17,Move to folder,ALCANER 2000,"AND (from,is,facturacion@alcaner.com)",1,from,is
C:\Users\gines\AppData\Roaming\Thunderbird\Profiles\i2blparj.default\Mail\pop.serviciodecorreo-1.es\msgFilterRules.dat,Mail/pop.serviciodecorreo-1.es,Remitente es: javi@liv-indurain.com,yes,17,Move to folder,PRODUCTOS LIV610ec48b,"AND (from,ends with,@liv-indurain.com)",1,from,ends with
C:\Users\gines\AppData\Roaming\Thunderbird\Profiles\i2blparj.default\Mail\pop.serviciodecorreo-1.es\msgFilterRules.dat,Mail/pop.serviciodecorreo-1.es,Remitente es: noreply@nex.es,yes,17,Move to folder,NEX TYRES,"AND (from,is,noreply@nex.es)",1,from,is
C:\Users\gines\AppData\Roaming\Thunderbird\Profiles\i2blparj.default\Mail\pop.serviciodecorreo-1.es\msgFilterRules.dat,Mail/pop.serviciodecorreo-1.es,Remitente es: grupo@holyauto.com,yes,17,Move to folder,HOLY AUTO,"AND (from,is,grupo@holyauto.com)",1,from,is
C:\Users\gines\AppData\Roaming\Thunderbird\Profiles\i2blparj.default\Mail\pop.serviciodecorreo-1.es\msgFilterRules.dat,Mail/pop.serviciodecorreo-1.es,Remitente es: m.gonzalez@eaclima.es,yes,17,Move to folder,EACLIMA,"AND (from,is,m.gonzalez@eaclima.es)",1,from,is
C:\Users\gines\AppData\Roaming\Thunderbird\Profiles\i2blparj.default\Mail\pop.serviciodecorreo-1.es\msgFilterRules.dat,Mail/pop.serviciodecorreo-1.es,Remitente es: ecommerce2.aarm@dk.bosch.com,yes,17,Move to folder,HC-CARGO,"AND (from,is,ecommerce2.aarm@dk.bosch.com)",1,from,is
C:\Users\gines\AppData\Roaming\Thunderbird\Profiles\i2blparj.default\Mail\pop.serviciodecorreo-1.es\msgFilterRules.dat,Mail/pop.serviciodecorreo-1.es,Remitente es: mailer_sap@ajusa.es,yes,17,Move to folder,AJUSA,"AND (from,is,mailer_sap@ajusa.es)",1,from,is
C:\Users\gines\AppData\Roaming\Thunderbird\Profiles\i2blparj.default\Mail\pop.serviciodecorreo-1.es\msgFilterRules.dat,Mail/pop.serviciodecorreo-1.es,Remitente contiene: totalenergies,yes,273,Move to folder,TOTAL,"AND (from,contains,totalenergies)",1,from,contains
C:\Users\gines\AppData\Roaming\Thunderbird\Profiles\i2blparj.default\Mail\pop.serviciodecorreo-1.es\msgFilterRules.dat,Mail/pop.serviciodecorreo-1.es,Remitente es: goyra@ofiexperts.es,yes,17,Move to folder,GOYRA,"OR (from,is,goyra@ofiexperts.es) OR (from,is,goyraofii@gmail.com)",2,from,is
C:\Users\gines\AppData\Roaming\Thunderbird\Profiles\i2blparj.default\Mail\pop.serviciodecorreo-1.es\msgFilterRules.dat,Mail/pop.serviciodecorreo-1.es,Remitente es: lucia@ceapi.es,yes,17,Move to folder,CEAPI,"AND (from,is,lucia@ceapi.es)",1,from,is
C:\Users\gines\AppData\Roaming\Thunderbird\Profiles\i2blparj.default\Mail\pop.serviciodecorreo-1.es\msgFilterRules.dat,Mail/pop.serviciodecorreo-1.es,Remitente es: atencionalcliente@ita-rotomatic.com,yes,17,Move to folder,ITA-ROTOMATIC,"OR (from,is,atencionalcliente@ita-rotomatic.com) OR (from,ends with,ita-rotomatic.com) OR (from,ends with,oficinaitarotomatic@gmail.com)",3,from,ends with;is
C:\Users\gines\AppData\Roaming\Thunderbird\Profiles\i2blparj.default\Mail\pop.serviciodecorreo-1.es\msgFilterRules.dat,Mail/pop.serviciodecorreo-1.es,Remitente es: administracion@amosan.es,yes,17,Move to folder,AMOSAN,"AND (from,is,administracion@amosan.es)",1,from,is
C:\Users\gines\AppData\Roaming\Thunderbird\Profiles\i2blparj.default\Mail\pop.serviciodecorreo-1.es\msgFilterRules.dat,Mail/pop.serviciodecorreo-1.es,Remitente es: admin@msmc.es,yes,17,Move to folder,MSMC4f5fc55b,"AND (from,is,admin@msmc.es)",1,from,is
C:\Users\gines\AppData\Roaming\Thunderbird\Profiles\i2blparj.default\Mail\pop.serviciodecorreo-1.es\msgFilterRules.dat,Mail/pop.serviciodecorreo-1.es,Remitente es: facturacioncartes@grupocartes.es,yes,17,Move to folder,FILTROS CARTES,"AND (from,is,facturacioncartes@grupocartes.es)",1,from,is
C:\Users\gines\AppData\Roaming\Thunderbird\Profiles\i2blparj.default\Mail\pop.serviciodecorreo-1.es\msgFilterRules.dat,Mail/pop.serviciodecorreo-1.es,Remitente es: contabilidad@pemebla.com,yes,17,Move to folder,PEMEBLA,"AND (from,is,contabilidad@pemebla.com)",1,from,is
C:\Users\gines\AppData\Roaming\Thunderbird\Profiles\i2blparj.default\Mail\pop.serviciodecorreo-1.es\msgFilterRules.dat,Mail/pop.serviciodecorreo-1.es,Remitente es: efactura@exclusivasbcn.com,yes,17,Move to folder,EXCLUSIVAS BCN,"AND (from,is,efactura@exclusivasbcn.com)",1,from,is
C:\Users\gines\AppData\Roaming\Thunderbird\Profiles\i2blparj.default\Mail\pop.serviciodecorreo-1.es\msgFilterRules.dat,Mail/pop.serviciodecorreo-1.es,Remitente es: BremboDispatcher@DISC.it,yes,17,Move to folder,BREMBO,"AND (from,is,BremboDispatcher@DISC.it)",1,from,is
C:\Users\gines\AppData\Roaming\Thunderbird\Profiles\i2blparj.default\Mail\pop.serviciodecorreo-1.es\msgFilterRules.dat,Mail/pop.serviciodecorreo-1.es,Remitente es: marta@exclusivasbcn.com,yes,337,Move to folder,EXCLUSIVAS BCN,"AND (from,is,marta@exclusivasbcn.com)",1,from,is
C:\Users\gines\AppData\Roaming\Thunderbird\Profiles\i2blparj.default\Mail\pop.serviciodecorreo-1.es\msgFilterRules.dat,Mail/pop.serviciodecorreo-1.es,Remitente es: administracio@jbmcamp.com,yes,17,Move to folder,JBM,"AND (from,is,administracio@jbmcamp.com)",1,from,is
C:\Users\gines\AppData\Roaming\Thunderbird\Profiles\i2blparj.default\Mail\pop.serviciodecorreo-1.es\msgFilterRules.dat,Mail/pop.serviciodecorreo-1.es,Remitente es: contabilidad@fare-auto.com,yes,337,Move to folder,FARE,"AND (from,is,contabilidad@fare-auto.com)",1,from,is
C:\Users\gines\AppData\Roaming\Thunderbird\Profiles\i2blparj.default\Mail\pop.serviciodecorreo-1.es\msgFilterRules.dat,Mail/pop.serviciodecorreo-1.es,Remitente es: pedidos@acps-automotive.com,yes,17,Move to folder,ACPS AUTOMOTIVE,"OR (from,is,pedidos@acps-automotive.com) OR (from,is,javier.lorenzo@acps-automotive.com) OR (from,ends with,@acps-automotive.com)",3,from,ends with;is
C:\Users\gines\AppData\Roaming\Thunderbird\Profiles\i2blparj.default\Mail\pop.serviciodecorreo-1.es\msgFilterRules.dat,Mail/pop.serviciodecorreo-1.es,Remitente es: optimal@optimal-spain.com,yes,337,Move to folder,OPTIMAL,"OR (from,is,optimal@optimal-spain.com) OR (from,is,xavi@optimal-spain.com) OR (from,ends with,@optimal-spain.com)",3,from,ends with;is
C:\Users\gines\AppData\Roaming\Thunderbird\Profiles\i2blparj.default\Mail\pop.serviciodecorreo-1.es\msgFilterRules.dat,Mail/pop.serviciodecorreo-1.es,Remitente es: r.delgado@kyb-europe.com,yes,17,Move to folder,KYB,"AND (from,is,r.delgado@kyb-europe.com)",1,from,is
C:\Users\gines\AppData\Roaming\Thunderbird\Profiles\i2blparj.default\Mail\pop.serviciodecorreo-1.es\msgFilterRules.dat,Mail/pop.serviciodecorreo-1.es,Remitente es: m.gonzalez@teasa.net,yes,337,Move to folder,EACLIMA,"AND (from,is,m.gonzalez@teasa.net)",1,from,is
C:\Users\gines\AppData\Roaming\Thunderbird\Profiles\i2blparj.default\Mail\pop.serviciodecorreo-1.es\msgFilterRules.dat,Mail/pop.serviciodecorreo-1.es,Remitente es: tallerbayra@gmail.com,yes,337,Move to folder,TALLERES BAYRA,"AND (from,is,tallerbayra@gmail.com)",1,from,is
C:\Users\gines\AppData\Roaming\Thunderbird\Profiles\i2blparj.default\Mail\pop.serviciodecorreo-1.es\msgFilterRules.dat,Mail/pop.serviciodecorreo-1.es,Remitente es: administracion@recambiosjesus.com,yes,337,Move to folder,RECAMBIOS JESUS,"OR (from,is,administracion@recambiosjesus.com) OR (from,ends with,@recambiosjesus.com) OR (from,is,facturacion@recambiosjesus.com)",3,from,ends with;is
C:\Users\gines\AppData\Roaming\Thunderbird\Profiles\i2blparj.default\Mail\pop.serviciodecorreo-1.es\msgFilterRules.dat,Mail/pop.serviciodecorreo-1.es,Remitente es: albox@chemaneumaticos.es,yes,337,Move to folder,CHEMA NEUMATICOS,"AND (from,is,albox@chemaneumaticos.es)",1,from,is
C:\Users\gines\AppData\Roaming\Thunderbird\Profiles\i2blparj.default\Mail\pop.serviciodecorreo-1.es\msgFilterRules.dat,Mail/pop.serviciodecorreo-1.es,Remitente es: ita-rotomatic@cecot.es,yes,273,Move to folder,ITA-ROTOMATIC,"AND (from,is,ita-rotomatic@cecot.es)",1,from,is
C:\Users\gines\AppData\Roaming\Thunderbird\Profiles\i2blparj.default\Mail\pop.serviciodecorreo-1.es\msgFilterRules.dat,Mail/pop.serviciodecorreo-1.es,Remitente termina con: @mahle.com,yes,337,Move to folder,MAHLE,"OR (from,ends with,@mahle.com) OR (subject,contains,MAHLE Aftermarket S.L.U)",2,from;subject,contains;ends with
C:\Users\gines\AppData\Roaming\Thunderbird\Profiles\i2blparj.default\Mail\pop.serviciodecorreo-1.es\msgFilterRules.dat,Mail/pop.serviciodecorreo-1.es,Remitente contiene: ICR-reporting@ppg.com,yes,273,Move to folder,ICR IBERICA,"OR (from,contains,ICR-reporting@ppg.com) OR (subject,contains,ICR IBERICA)",2,from;subject,contains
C:\Users\gines\AppData\Roaming\Thunderbird\Profiles\i2blparj.default\Mail\pop.serviciodecorreo-1.es\msgFilterRules.dat,Mail/pop.serviciodecorreo-1.es,Asunto contiene: anydesk,yes,273,Move to folder,ANYDESK,"OR (subject,contains,anydesk) OR (from,contains,support@anydesk.com)",2,from;subject,contains
C:\Users\gines\AppData\Roaming\Thunderbird\Profiles\i2blparj.default\Mail\pop.serviciodecorreo-1.es\msgFilterRules.dat,Mail/pop.serviciodecorreo-1.es,Remitente es: factura@cevamiberica.com,yes,273,Move to folder,CEVAM,"OR (from,is,factura@cevamiberica.com) OR (all addresses,contains,ramon.hernandez.cevamiberica.com) OR (from,is,almacen@cevamiberica.com) OR (from,contains,@cevamiberica.com) OR (from,ends with,@cevam.com)",5,all addresses;from,contains;ends with;is
C:\Users\gines\AppData\Roaming\Thunderbird\Profiles\i2blparj.default\Mail\pop.serviciodecorreo-1.es\msgFilterRules.dat,Mail/pop.serviciodecorreo-1.es,Remitente termina con: @solaufil.com,yes,17,Move to folder,MECAFILTER,"AND (from,ends with,@solaufil.com)",1,from,ends with
C:\Users\gines\AppData\Roaming\Thunderbird\Profiles\i2blparj.default\Mail\pop.serviciodecorreo-1.es\msgFilterRules.dat,Mail/pop.serviciodecorreo-1.es,Remitente es: pmancebo@gira.net,yes,17,Move to folder,GIRA,"AND (from,is,pmancebo@gira.net)",1,from,is
C:\Users\gines\AppData\Roaming\Thunderbird\Profiles\i2blparj.default\Mail\pop.serviciodecorreo-1.es\msgFilterRules.dat,Mail/pop.serviciodecorreo-1.es,Remitente es: vs-madrid-pedidos@valeo.com,yes,17,Move to folder,VALEO,"AND (from,is,vs-madrid-pedidos@valeo.com)",1,from,is
C:\Users\gines\AppData\Roaming\Thunderbird\Profiles\i2blparj.default\Mail\pop.serviciodecorreo-1.es\msgFilterRules.dat,Mail/pop.serviciodecorreo-1.es,borg & beck,yes,337,Move to folder,BB - BORG & BECK(2),"AND (from,ends with,@borgandbeck.com)",1,from,ends with
C:\Users\gines\AppData\Roaming\Thunderbird\Profiles\i2blparj.default\Mail\pop.serviciodecorreo-1.es\msgFilterRules.dat,Mail/pop.serviciodecorreo-1.es,estanfi,yes,337,Move to folder,ESTANFI,"AND (from,is,admin02@estanfi.com)",1,from,is
C:\Users\gines\AppData\Roaming\Thunderbird\Profiles\i2blparj.default\Mail\pop.serviciodecorreo-1.es\msgFilterRules.dat,Mail/pop.serviciodecorreo-1.es,Remitente termina con: @filtroscartes.net,yes,337,Move to folder,FILTROS CARTES,"AND (from,ends with,@filtroscartes.net)",1,from,ends with
C:\Users\gines\AppData\Roaming\Thunderbird\Profiles\i2blparj.default\Mail\pop.serviciodecorreo-1.es\msgFilterRules.dat,Mail/pop.serviciodecorreo-1.es,Remitente termina con: @esneagri.com,yes,337,Move to folder,ESNEAGRI,"AND (from,ends with,@esneagri.com)",1,from,ends with
C:\Users\gines\AppData\Roaming\Thunderbird\Profiles\i2blparj.default\Mail\pop.serviciodecorreo-1.es\msgFilterRules.dat,Mail/pop.serviciodecorreo-1.es,nertor,yes,337,Move to folder,NER-TOR,"AND (from,ends with,@nertor.com)",1,from,ends with
C:\Users\gines\AppData\Roaming\Thunderbird\Profiles\i2blparj.default\Mail\pop.serviciodecorreo-1.es\msgFilterRules.dat,Mail/pop.serviciodecorreo-1.es,Remitente es: pedidos@fmg-eu.com,yes,337,Move to folder,RH,"AND (from,is,pedidos@fmg-eu.com)",1,from,is
C:\Users\gines\AppData\Roaming\Thunderbird\Profiles\i2blparj.default\Mail\pop.serviciodecorreo-1.es\msgFilterRules.dat,Mail/pop.serviciodecorreo-1.es,Remitente es: mbernal@azurglobal.es,yes,337,Move to folder,AZUR GLOBAL,"AND (from,is,mbernal@azurglobal.es)",1,from,is
C:\Users\gines\AppData\Roaming\Thunderbird\Profiles\i2blparj.default\Mail\pop.serviciodecorreo-1.es\msgFilterRules.dat,Mail/pop.serviciodecorreo-1.es,Remitente es: spain@nrf.eu,yes,337,Move to folder,NRF,"AND (from,is,spain@nrf.eu)",1,from,is
C:\Users\gines\AppData\Roaming\Thunderbird\Profiles\i2blparj.default\Mail\pop.serviciodecorreo-1.es\msgFilterRules.dat,Mail/pop.serviciodecorreo-1.es,DAISA,yes,337,Move to folder,DAISA - VARTA,"AND (from,ends with,@daisa.es)",1,from,ends with
C:\Users\gines\AppData\Roaming\Thunderbird\Profiles\i2blparj.default\Mail\pop.serviciodecorreo-1.es\msgFilterRules.dat,Mail/pop.serviciodecorreo-1.es,FEBEST,yes,337,Move to folder,FEBEST - RUMBO NORTE,"AND (from,ends with,@rumbonorterecambios.com)",1,from,ends with
C:\Users\gines\AppData\Roaming\Thunderbird\Profiles\i2blparj.default\Mail\pop.serviciodecorreo-1.es\msgFilterRules.dat,Mail/pop.serviciodecorreo-1.es,CHEMA,yes,321,Move to folder,CHEMA NEUMATICOS,"AND (from,contains,@gruposalasaguila.es)",1,from,contains
C:\Users\gines\AppData\Roaming\Thunderbird\Profiles\i2blparj.default\Mail\pop.serviciodecorreo-1.es\msgFilterRules.dat,Mail/pop.serviciodecorreo-1.es,ARVERA,yes,337,Move to folder,ARVERA12ef9588,"OR (from,is,antonioarvera@serca.es) OR (from,is,joseagr80@gmail.com) OR (from,is,castellano@serca.es) OR (from,is,jantonioarvera@serca.es) OR (from,is,cayuela@serca.es)",5,from,is
C:\Users\gines\AppData\Roaming\Thunderbird\Profiles\i2blparj.default\Mail\pop.serviciodecorreo-1.es\msgFilterRules.dat,Mail/pop.serviciodecorreo-1.es,EXIDE,yes,321,Move to folder,EXIDE,"AND (from,contains,@exidegroup.com)",1,from,contains
C:\Users\gines\AppData\Roaming\Thunderbird\Profiles\i2blparj.default\Mail\pop.serviciodecorreo-1.es\msgFilterRules.dat,Mail/pop.serviciodecorreo-1.es,Remitente es: controller@vtpower.es,yes,273,Move to folder,VT POWER,"AND (from,is,controller@vtpower.es)",1,from,is
C:\Users\gines\AppData\Roaming\Thunderbird\Profiles\i2blparj.default\Mail\pop.serviciodecorreo-1.es\msgFilterRules.dat,Mail/pop.serviciodecorreo-1.es,Remitente es: no-reply@eu.holded.com,yes,17,Move to folder,LOCALIZADOR,"AND (from,is,no-reply@eu.holded.com)",1,from,is
C:\Users\gines\AppData\Roaming\Thunderbird\Profiles\i2blparj.default\Mail\pop.serviciodecorreo-1.es\msgFilterRules.dat,Mail/pop.serviciodecorreo-1.es,Remitente es: contabilidad2@localizadorsherlog.es,yes,273,Move to folder,LOCALIZADOR,"OR (from,contains,@localizadorsherlog.es)",1,from,contains
C:\Users\gines\AppData\Roaming\Thunderbird\Profiles\i2blparj.default\Mail\pop.serviciodecorreo-1.es\msgFilterRules.dat,Mail/pop.serviciodecorreo-1.es,Remitente es: contabilidad2@localizadorsherlog.es,yes,273,Move to folder,LOCALIZADOR,"OR (from,contains,@localizadorsherlog.es)",1,from,contains
C:\Users\gines\AppData\Roaming\Thunderbird\Profiles\i2blparj.default\Mail\pop.serviciodecorreo-1.es\msgFilterRules.dat,Mail/pop.serviciodecorreo-1.es,Remitente contiene: @sanjoseneumaticos.com,yes,17,Move to folder,SAN JOSE NEUMATICOS,"OR (from,contains,@sanjoseneumaticos.com)",1,from,contains
C:\Users\gines\AppData\Roaming\Thunderbird\Profiles\i2blparj.default\Mail\pop.serviciodecorreo-1.es\msgFilterRules.dat,Mail/pop.serviciodecorreo-1.es,Remitente es: silvia@logistik-re.com,yes,273,Move to folder,LOGISTIK,"OR (from,is,silvia@logistik-re.com) OR (from,ends with,@logistik-re.com)",2,from,ends with;is
C:\Users\gines\AppData\Roaming\Thunderbird\Profiles\i2blparj.default\Mail\pop.serviciodecorreo-1.es\msgFilterRules.dat,Mail/pop.serviciodecorreo-1.es,Remitente termina con: @distri2b.com,yes,337,Move to folder,DISTRI2B,"AND (from,ends with,@distri2b.com)",1,from,ends with
C:\Users\gines\AppData\Roaming\Thunderbird\Profiles\i2blparj.default\Mail\pop.serviciodecorreo-1.es\msgFilterRules.dat,Mail/pop.serviciodecorreo-1.es,Remitente termina con: @localizadorsherlog.es,yes,273,Move to folder,LOCALIZADOR,"OR (from,ends with,@localizadorsherlog.es)",1,from,ends with
C:\Users\gines\AppData\Roaming\Thunderbird\Profiles\i2blparj.default\Mail\pop.serviciodecorreo-1.es\msgFilterRules.dat,Mail/pop.serviciodecorreo-1.es,Remitente termina con: @hella.com,yes,273,Move to folder,HELLA,"OR (from,ends with,@hella.com)",1,from,ends with
C:\Users\gines\AppData\Roaming\Thunderbird\Profiles\i2blparj.default\Mail\pop.serviciodecorreo-1.es\msgFilterRules.dat,Mail/pop.serviciodecorreo-1.es,Remitente es: facturas@comlineiberica.com,yes,145,Move to folder,Trash,"AND (from,is,facturas@comlineiberica.com)",1,from,is
C:\Users\gines\AppData\Roaming\Thunderbird\Profiles\i2blparj.default\Mail\pop.serviciodecorreo-1.es\msgFilterRules.dat,Mail/pop.serviciodecorreo-1.es,Remitente termina con: @repuestosalmanzora.es,yes,273,Move to folder,REPUESTOS ALMANZORA,"OR (from,ends with,@repuestosalmanzora.es)",1,from,ends with
C:\Users\gines\AppData\Roaming\Thunderbird\Profiles\i2blparj.default\Mail\pop.serviciodecorreo-1.es\msgFilterRules.dat,Mail/pop.serviciodecorreo-1.es,Remitente termina con: @nex.es,yes,273,Move to folder,NEX TYRES,"OR (from,ends with,@nex.es)",1,from,ends with
C:\Users\gines\AppData\Roaming\Thunderbird\Profiles\i2blparj.default\Mail\pop.serviciodecorreo-1.es\msgFilterRules.dat,Mail/pop.serviciodecorreo-1.es,Asunto contiene: Schaeffler Vehicle Lifetime ,yes,273,Move to folder,LUK,"AND (subject,contains,Schaeffler Vehicle Lifetime )",1,subject,contains
C:\Users\gines\AppData\Roaming\Thunderbird\Profiles\i2blparj.default\Mail\pop.serviciodecorreo-1.es\msgFilterRules.dat,Mail/pop.serviciodecorreo-1.es,Remitente es: a.rojas@dapeugeot.net,yes,273,Move to folder,DAMIAN GOMEZ,"AND (from,is,a.rojas@dapeugeot.net)",1,from,is
C:\Users\gines\AppData\Roaming\Thunderbird\Profiles\i2blparj.default\Mail\pop.serviciodecorreo-1.es\msgFilterRules.dat,Mail/pop.serviciodecorreo-1.es,Remitente es: @dapeugeot.net,yes,273,Move to folder,DAMIAN GOMEZ,"OR (from,is,@dapeugeot.net)",1,from,is
C:\Users\gines\AppData\Roaming\Thunderbird\Profiles\i2blparj.default\Mail\pop.serviciodecorreo-1.es\msgFilterRules.dat,Mail/pop.serviciodecorreo-1.es,Remitente termina con: @sogefigroup.com,yes,273,Move to folder,PURFLUX,"OR (from,ends with,@sogefigroup.com)",1,from,ends with
C:\Users\gines\AppData\Roaming\Thunderbird\Profiles\i2blparj.default\Mail\pop.serviciodecorreo-1.es\msgFilterRules.dat,Mail/pop.serviciodecorreo-1.es,Remitente termina con: @superplaque.es,yes,273,Move to folder,SUPERPLAQUE,"OR (from,ends with,@superplaque.es)",1,from,ends with
C:\Users\gines\AppData\Roaming\Thunderbird\Profiles\i2blparj.default\Mail\pop.serviciodecorreo-1.es\msgFilterRules.dat,Mail/pop.serviciodecorreo-1.es,Remitente termina con: @deldo.com,yes,273,Move to folder,DELDO,"AND (from,ends with,@deldo.com)",1,from,ends with
C:\Users\gines\AppData\Roaming\Thunderbird\Profiles\i2blparj.default\Mail\pop.serviciodecorreo-1.es\msgFilterRules.dat,Mail/pop.serviciodecorreo-1.es,Remitente es: administracion@productosliv.com,yes,17,Move to folder,PRODUCTOS LIV610ec48b,"OR (from,is,administracion@productosliv.com) OR (from,ends with,@productosliv.com)",2,from,ends with;is
C:\Users\gines\AppData\Roaming\Thunderbird\Profiles\i2blparj.default\Mail\pop.serviciodecorreo-1.es\msgFilterRules.dat,Mail/pop.serviciodecorreo-1.es,Remitente es: e-factura@fibraya.es,yes,17,Move to folder,INSTELNET,"AND (from,is,e-factura@fibraya.es)",1,from,is
C:\Users\gines\AppData\Roaming\Thunderbird\Profiles\i2blparj.default\Mail\pop.serviciodecorreo-1.es\msgFilterRules.dat,Mail/pop.serviciodecorreo-1.es,Remitente es: rlesaoplubesnacional@repsol.com,yes,17,Move to folder,REPSOL,"OR (from,is,rlesaoplubesnacional@repsol.com) OR (from,ends with,@repsol.com)",2,from,ends with;is
C:\Users\gines\AppData\Roaming\Thunderbird\Profiles\i2blparj.default\Mail\pop.serviciodecorreo-1.es\msgFilterRules.dat,Mail/pop.serviciodecorreo-1.es,Remitente termina con: @dakolub.com,yes,273,Move to folder,DAKOLUB,"OR (from,ends with,@dakolub.com) OR (from,is,proveedores@dakolub.com)",2,from,ends with;is
C:\Users\gines\AppData\Roaming\Thunderbird\Profiles\i2blparj.default\Mail\pop.serviciodecorreo-1.es\msgFilterRules.dat,Mail/pop.serviciodecorreo-1.es,Remitente es: contabilidad@lizarte.onmicrosoft.com,yes,273,Move to folder,LIZARTE,"AND (from,is,contabilidad@lizarte.onmicrosoft.com)",1,from,is
C:\Users\gines\AppData\Roaming\Thunderbird\Profiles\i2blparj.default\Mail\pop.serviciodecorreo-1.es\msgFilterRules.dat,Mail/pop.serviciodecorreo-1.es,Remitente es: administracion@amadini.net,yes,273,Move to folder,AMADINI,"OR (from,is,administracion@amadini.net) OR (from,ends with,@amadini.net)",2,from,ends with;is
C:\Users\gines\AppData\Roaming\Thunderbird\Profiles\i2blparj.default\Mail\pop.serviciodecorreo-1.es\msgFilterRules.dat,Mail/pop.serviciodecorreo-1.es,Remitente es: factura@logistica.com,yes,273,Move to folder,LOGISTICA,"OR (from,is,factura@logistica.com) OR (from,ends with,@logistica.com)",2,from,ends with;is
C:\Users\gines\AppData\Roaming\Thunderbird\Profiles\i2blparj.default\Mail\pop.serviciodecorreo-1.es\msgFilterRules.dat,Mail/pop.serviciodecorreo-1.es,Remitente es: noresponder@inter-matic.com,yes,273,Move to folder,ASYSUM,"OR (from,is,noresponder@inter-matic.com) OR (from,ends with,@inter-matic.com)",2,from,ends with;is
C:\Users\gines\AppData\Roaming\Thunderbird\Profiles\i2blparj.default\Mail\pop.serviciodecorreo-1.es\msgFilterRules.dat,Mail/pop.serviciodecorreo-1.es,Remitente termina con: nex.com,yes,273,Move to folder,NEX TYRES,"OR (from,ends with,nex.com)",1,from,ends with
C:\Users\gines\AppData\Roaming\Thunderbird\Profiles\i2blparj.default\Mail\pop.serviciodecorreo-1.es\msgFilterRules.dat,Mail/pop.serviciodecorreo-1.es,Remitente es: noreply@turbosbcn.es,yes,273,Move to folder,TURBOS BCN,"OR (from,is,noreply@turbosbcn.es) OR (from,ends with,@turbosbcn.es)",2,from,ends with;is
C:\Users\gines\AppData\Roaming\Thunderbird\Profiles\i2blparj.default\Mail\pop.serviciodecorreo-1.es\msgFilterRules.dat,Mail/pop.serviciodecorreo-1.es,Remitente es: noreply@gruposyrsa.com,yes,273,Move to folder,SYRSA,"OR (from,is,noreply@gruposyrsa.com) OR (from,ends with,@gruposyrsa.com) OR (from,contains,syrsa)",3,from,contains;ends with;is
C:\Users\gines\AppData\Roaming\Thunderbird\Profiles\i2blparj.default\Mail\pop.serviciodecorreo-1.es\msgFilterRules.dat,Mail/pop.serviciodecorreo-1.es,Remitente es: aplicacion@cooper2010.es,yes,273,Move to folder,REPUESTOS COOPER,"OR (from,is,aplicacion@cooper2010.es) OR (from,ends with,@cooper2010.es)",2,from,ends with;is
C:\Users\gines\AppData\Roaming\Thunderbird\Profiles\i2blparj.default\Mail\pop.serviciodecorreo-1.es\msgFilterRules.dat,Mail/pop.serviciodecorreo-1.es,Remitente es: postmaster@imasaf.eu,yes,17,Move to folder,IMASAF PRO,"OR (from,is,postmaster@imasaf.eu) OR (from,ends with,@imasaf.eu)",2,from,ends with;is
C:\Users\gines\AppData\Roaming\Thunderbird\Profiles\i2blparj.default\Mail\pop.serviciodecorreo-1.es\msgFilterRules.dat,Mail/pop.serviciodecorreo-1.es,Remitente es: ewaldner@airtopitalia.eu,yes,273,Move to folder,AIRTOP ITALIA,"OR (from,is,ewaldner@airtopitalia.eu) OR (from,ends with,@airtopitalia.eu)",2,from,ends with;is
C:\Users\gines\AppData\Roaming\Thunderbird\Profiles\i2blparj.default\Mail\pop.serviciodecorreo-1.es\msgFilterRules.dat,Mail/pop.serviciodecorreo-1.es,Remitente es: clientes@reynasa.com,yes,273,Move to folder,REYNASA,"OR (from,is,clientes@reynasa.com) OR (from,ends with,@reynasa.com)",2,from,ends with;is
C:\Users\gines\AppData\Roaming\Thunderbird\Profiles\i2blparj.default\Mail\pop.serviciodecorreo-1.es\msgFilterRules.dat,Mail/pop.serviciodecorreo-1.es,admin@arvera.es Â» Bandeja de entrada,yes,273,Move to folder,FILTROS CARTES,"OR (from,contains,facturacion@grupocartes.es) OR (to,contains,facturacion@grupocartes.es)",2,from;to,contains
C:\Users\gines\AppData\Roaming\Thunderbird\Profiles\i2blparj.default\Mail\pop.serviciodecorreo-1.es\msgFilterRules.dat,Mail/pop.serviciodecorreo-1.es,Asunto contiene: noreply@Invoice.tecalliance.net,yes,17,Move to folder,LUK,"AND (subject,contains,\"" Schaeffler Automotive Aftermarket\"")",1,subject,contains
C:\Users\gines\AppData\Roaming\Thunderbird\Profiles\i2blparj.default\Mail\pop.serviciodecorreo-1.es\msgFilterRules.dat,Mail/pop.serviciodecorreo-1.es,Remitente termina con: @skrit.es,yes,273,Move to folder,SKRIT INFORMATICA,"OR (from,ends with,@skrit.es)",1,from,ends with
C:\Users\gines\AppData\Roaming\Thunderbird\Profiles\i2blparj.default\Mail\pop.serviciodecorreo-1.es\msgFilterRules.dat,Mail/pop.serviciodecorreo-1.es,Remitente contiene: joaquin.carretero@rema-tiptop.es,yes,273,Move to folder,TIP-TOP,"OR (from,contains,joaquin.carretero@rema-tiptop.es) OR (from,ends with,@rema-tiptop.es)",2,from,contains;ends with
C:\Users\gines\AppData\Roaming\Thunderbird\Profiles\i2blparj.default\Mail\pop.serviciodecorreo-1.es\msgFilterRules.dat,Mail/pop.serviciodecorreo-1.es,Remitente es: facturacion@ascauto.com,yes,273,Move to folder,ASCAUTO,"AND (from,is,facturacion@ascauto.com)",1,from,is
C:\Users\gines\AppData\Roaming\Thunderbird\Profiles\i2blparj.default\Mail\pop.serviciodecorreo-1.es\msgFilterRules.dat,Mail/pop.serviciodecorreo-1.es,Remitente es: docs-faib@frigair.com,yes,273,Move to folder,FRIG AIR,"AND (from,is,docs-faib@frigair.com)",1,from,is
C:\Users\gines\AppData\Roaming\Thunderbird\Profiles\i2blparj.default\Mail\pop.serviciodecorreo-1.es\msgFilterRules.dat,Mail/pop.serviciodecorreo-1.es,Remitente es: administracion@automecanicaalmanzora.com,yes,273,Move to folder,AUTOMECANICA ALMANZORA,"AND (from,is,administracion@automecanicaalmanzora.com)",1,from,is
C:\Users\gines\AppData\Roaming\Thunderbird\Profiles\i2blparj.default\Mail\pop.serviciodecorreo-1.es\msgFilterRules.dat,Mail/pop.serviciodecorreo-1.es,Remitente es: postventa01@estanfi.com,yes,273,Move to folder,ESTANFI,"AND (from,ends with,@estanfi.com)",1,from,ends with
C:\Users\gines\AppData\Roaming\Thunderbird\Profiles\i2blparj.default\Mail\pop.serviciodecorreo-1.es\msgFilterRules.dat,Mail/pop.serviciodecorreo-1.es,BUZON DE ENTRADA Â» EUROMAQUINARIAS HISPANIDAD,yes,273,Move to folder,EUROMAQUINARIAS HISPANIDAD,"OR (from,contains,jm01@euromaquinas.com) OR (to,contains,jm01@euromaquinas.com)",2,from;to,contains
C:\Users\gines\AppData\Roaming\Thunderbird\Profiles\i2blparj.default\Mail\pop.serviciodecorreo-1.es\msgFilterRules.dat,Mail/pop.serviciodecorreo-1.es,Remitente contiene: @tecnodieselmurcia.com,yes,273,Move to folder,TECNODIESEL,"AND (from,contains,@tecnodieselmurcia.com)",1,from,contains
C:\Users\gines\AppData\Roaming\Thunderbird\Profiles\i2blparj.default\Mail\pop.serviciodecorreo-1.es\msgFilterRules.dat,Mail/pop.serviciodecorreo-1.es,Remitente contiene: rsenosiain@lizarte.com,yes,17,Move to folder,LIZARTE,"AND (from,contains,@lizarte.com)",1,from,contains
C:\Users\gines\AppData\Roaming\Thunderbird\Profiles\i2blparj.default\Mail\pop.serviciodecorreo-1.es\msgFilterRules.dat,Mail/pop.serviciodecorreo-1.es,Remitente termina con: @rodamientos.net,yes,273,Move to folder,ROYSE,"AND (from,ends with,@rodamientos.net)",1,from,ends with
C:\Users\gines\AppData\Roaming\Thunderbird\Profiles\i2blparj.default\Mail\pop.serviciodecorreo-1.es\msgFilterRules.dat,Mail/pop.serviciodecorreo-1.es,Asunto contiene: Logiscenter,yes,273,Move to folder,LOGISCENTER,"AND (subject,contains,Logiscenter)",1,subject,contains
C:\Users\gines\AppData\Roaming\Thunderbird\Profiles\i2blparj.default\Mail\pop.serviciodecorreo-1.es\msgFilterRules.dat,Mail/pop.serviciodecorreo-1.es,Remitente es: plataformadanielvicente@gmail.com,yes,17,Move to folder,DANIEL VICENTE,"AND (from,is,plataformadanielvicente@gmail.com)",1,from,is
C:\Users\gines\AppData\Roaming\Thunderbird\Profiles\i2blparj.default\Mail\pop.serviciodecorreo-1.es\msgFilterRules.dat,Mail/pop.serviciodecorreo-1.es,Remitente contiene: @es.rheinmetall.com,yes,273,Move to folder,MS MOTORSERVICE,"AND (from,contains,@es.rheinmetall.com)",1,from,contains
C:\Users\gines\AppData\Roaming\Thunderbird\Profiles\i2blparj.default\Mail\pop.serviciodecorreo-1.es\msgFilterRules.dat,Mail/pop.serviciodecorreo-1.es,Remitente termina con: @rhernandez.com,yes,17,Move to folder,REPRESENTACIONES HERNANDEZ,"AND (from,ends with,@rhernandez.com)",1,from,ends with
C:\Users\gines\AppData\Roaming\Thunderbird\Profiles\i2blparj.default\Mail\pop.serviciodecorreo-1.es\msgFilterRules.dat,Mail/pop.serviciodecorreo-1.es,Remitente contiene: COFAN,yes,17,Move to folder,COFAN,"AND (from,contains,COFAN)",1,from,contains
C:\Users\gines\AppData\Roaming\Thunderbird\Profiles\i2blparj.default\Mail\pop.serviciodecorreo-1.es\msgFilterRules.dat,Mail/pop.serviciodecorreo-1.es,Remitente termina con: @victyres.es,yes,273,Move to folder,VICTYRES,"AND (from,ends with,@victyres.es)",1,from,ends with
C:\Users\gines\AppData\Roaming\Thunderbird\Profiles\i2blparj.default\Mail\pop.serviciodecorreo-1.es\msgFilterRules.dat,Mail/pop.serviciodecorreo-1.es,Remitente termina con: @metalcaucho.com,yes,273,Move to folder,METALCAUCHO,"AND (from,ends with,@metalcaucho.com)",1,from,ends with
C:\Users\gines\AppData\Roaming\Thunderbird\Profiles\i2blparj.default\Mail\pop.serviciodecorreo-1.es\msgFilterRules.dat,Mail/pop.serviciodecorreo-1.es,Remitente contiene: info@grupoveraimport.es,yes,273,Move to folder,VERA IMPORT,"OR (from,contains,info@grupoveraimport.es)",1,from,contains
C:\Users\gines\AppData\Roaming\Thunderbird\Profiles\i2blparj.default\Mail\pop.serviciodecorreo-1.es\msgFilterRules.dat,Mail/pop.serviciodecorreo-1.es,Remitente es: comercial@snaeurope.com,yes,17,Move to folder,SNA EUROPE,"OR (from,is,comercial@snaeurope.com)",1,from,is
C:\Users\gines\AppData\Roaming\Thunderbird\Profiles\i2blparj.default\Mail\pop.serviciodecorreo-1.es\msgFilterRules.dat,Mail/pop.serviciodecorreo-1.es,Remitente termina con: @medinabi.es,yes,337,Move to folder,ITAL RECAMBIOS,"OR (from,is,medinabi@medinabi.es)",1,from,is
C:\Users\gines\AppData\Roaming\Thunderbird\Profiles\i2blparj.default\Mail\pop.serviciodecorreo-1.es\msgFilterRules.dat,Mail/pop.serviciodecorreo-1.es,Remitente termina con: @gruposaveres.com,yes,337,Move to folder,SAVERES,"OR (from,ends with,@gruposaveres.com)",1,from,ends with
C:\Users\gines\AppData\Roaming\Thunderbird\Profiles\i2blparj.default\Mail\pop.serviciodecorreo-1.es\msgFilterRules.dat,Mail/pop.serviciodecorreo-1.es,Remitente termina con: @comlineiberica.com,yes,17,Move to folder,COMLINE,"AND (from,ends with,@comlineiberica.com)",1,from,ends with
C:\Users\gines\AppData\Roaming\Thunderbird\Profiles\i2blparj.default\Mail\pop.serviciodecorreo-1.es\msgFilterRules.dat,Mail/pop.serviciodecorreo-1.es,TALOSA,yes,337,Move to folder,TALOSA,"AND (from,ends with,@talosa.com)",1,from,ends with
C:\Users\gines\AppData\Roaming\Thunderbird\Profiles\i2blparj.default\Mail\pop.serviciodecorreo-1.es\msgFilterRules.dat,Mail/pop.serviciodecorreo-1.es,Remitente es: remanmotorparts@gmail.com,yes,273,Move to folder,REMAN MOTOR,"AND (from,is,remanmotorparts@gmail.com)",1,from,is
C:\Users\gines\AppData\Roaming\Thunderbird\Profiles\i2blparj.default\Mail\pop.serviciodecorreo-1.es\msgFilterRules.dat,Mail/pop.serviciodecorreo-1.es,Remitente es: facturacion@jumasa.es,yes,17,Move to folder,JUMASA,"OR (from,is,facturacion@jumasa.es) OR (from,ends with,@jumasa.es)",2,from,ends with;is
C:\Users\gines\AppData\Roaming\Thunderbird\Profiles\i2blparj.default\Mail\pop.serviciodecorreo-1.es\msgFilterRules.dat,Mail/pop.serviciodecorreo-1.es,Remitente termina con: @autocristalsevilla.com,yes,17,Move to folder,AUTOCRISTAL SEVILLA,"AND (from,ends with,@autocristalsevilla.com)",1,from,ends with
C:\Users\gines\AppData\Roaming\Thunderbird\Profiles\i2blparj.default\Mail\pop.serviciodecorreo-1.es\msgFilterRules.dat,Mail/pop.serviciodecorreo-1.es,Remitente termina con: @pool-line.com.es,yes,17,Move to folder,POOL LINE,"AND (from,ends with,@pool-line.com.es)",1,from,ends with
C:\Users\gines\AppData\Roaming\Thunderbird\Profiles\i2blparj.default\Mail\pop.serviciodecorreo-1.es\msgFilterRules.dat,Mail/pop.serviciodecorreo-1.es,Remitente termina con: @azurglobal.es,yes,17,Move to folder,AZUR GLOBAL,"AND (from,ends with,@azurglobal.es)",1,from,ends with
C:\Users\gines\AppData\Roaming\Thunderbird\Profiles\i2blparj.default\Mail\pop.serviciodecorreo-1.es\msgFilterRules.dat,Mail/pop.serviciodecorreo-1.es,Remitente es: dani.vicente@meat-doria.es,yes,17,Move to folder,MEAT-DORIA,"OR (from,is,dani.vicente@meat-doria.es) OR (from,ends with,@meat-doria.es)",2,from,ends with;is
C:\Users\gines\AppData\Roaming\Thunderbird\Profiles\i2blparj.default\Mail\pop.serviciodecorreo-1.es\msgFilterRules.dat,Mail/pop.serviciodecorreo-1.es,Remitente es: soporte@sesametime.com,yes,17,Move to folder,SESAME,"OR (from,is,soporte@sesametime.com) OR (from,ends with,@sesametime.com) OR (from,ends with,@sesamehr.com) OR (from,ends with,support@sesametime.com.hs-inbox.com) OR (from,contains,sesame)",5,from,contains;ends with;is
C:\Users\gines\AppData\Roaming\Thunderbird\Profiles\i2blparj.default\Mail\pop.serviciodecorreo-1.es\msgFilterRules.dat,Mail/pop.serviciodecorreo-1.es,Remitente es: kike@multirecambioshm.com,yes,17,Move to folder,MULTIRECAMBIOS HM,"OR (from,is,kike@multirecambioshm.com) OR (from,ends with,@multirecambioshm.com)",2,from,ends with;is
C:\Users\gines\AppData\Roaming\Thunderbird\Profiles\i2blparj.default\Mail\pop.serviciodecorreo-1.es\msgFilterRules.dat,Mail/pop.serviciodecorreo-1.es,Remitente es: SGonzalez@solaufil.com,yes,17,Move to folder,MECAFILTER,"OR (from,is,SGonzalez@solaufil.com) OR (from,is,contact@mecafilter-info.com) OR (from,ends with,@mecafilter-info.com)",3,from,ends with;is
C:\Users\gines\AppData\Roaming\Thunderbird\Profiles\i2blparj.default\Mail\pop.serviciodecorreo-1.es\msgFilterRules.dat,Mail/pop.serviciodecorreo-1.es,Remitente es: invoices@frigair-iberia.com,yes,17,Move to folder,FRIG AIR,"OR (from,is,invoices@frigair-iberia.com) OR (from,ends with,@frigair-iberia.com)",2,from,ends with;is
C:\Users\gines\AppData\Roaming\Thunderbird\Profiles\i2blparj.default\Mail\pop.serviciodecorreo-1.es\msgFilterRules.dat,Mail/pop.serviciodecorreo-1.es,Remitente termina con: sjurado@absoal.com,yes,17,Move to folder,ABSOAL,"AND (from,ends with,sjurado@absoal.com)",1,from,ends with
C:\Users\gines\AppData\Roaming\Thunderbird\Profiles\i2blparj.default\Mail\pop.serviciodecorreo-1.es\msgFilterRules.dat,Mail/pop.serviciodecorreo-1.es,Remitente es: ignacio.gutierrez@exidegroup.com,yes,17,Move to folder,EXIDE,"AND (from,is,ignacio.gutierrez@exidegroup.com)",1,from,is
C:\Users\gines\AppData\Roaming\Thunderbird\Profiles\i2blparj.default\Mail\pop.serviciodecorreo-1.es\msgFilterRules.dat,Mail/pop.serviciodecorreo-1.es,FARE,yes,337,Move to folder,FARE,"AND (from,ends with,@fare-auto.com)",1,from,ends with
C:\Users\gines\AppData\Roaming\Thunderbird\Profiles\i2blparj.default\Mail\pop.serviciodecorreo-1.es\msgFilterRules.dat,Mail/pop.serviciodecorreo-1.es,Remitente termina con: @ceapi.es,yes,337,Move to folder,CEAPI,"AND (from,ends with,@ceapi.es)",1,from,ends with
C:\Users\gines\AppData\Roaming\Thunderbird\Profiles\i2blparj.default\Mail\pop.serviciodecorreo-1.es\msgFilterRules.dat,Mail/pop.serviciodecorreo-1.es,ngl,yes,337,Move to folder,NGK,"AND (from,ends with,@ngk.es)",1,from,ends with
C:\Users\gines\AppData\Roaming\Thunderbird\Profiles\i2blparj.default\Mail\pop.serviciodecorreo-1.es\msgFilterRules.dat,Mail/pop.serviciodecorreo-1.es,Remitente termina con: @exclusivasbcn.com,yes,337,Move to folder,EXCLUSIVAS BCN,"AND (from,ends with,@exclusivasbcn.com)",1,from,ends with
C:\Users\gines\AppData\Roaming\Thunderbird\Profiles\i2blparj.default\Mail\pop.serviciodecorreo-1.es\msgFilterRules.dat,Mail/pop.serviciodecorreo-1.es,Remitente es: facturacion@filtroscartes.net,yes,337,Move to folder,FILTROS CARTES,"AND (from,is,facturacion@filtroscartes.net)",1,from,is
C:\Users\gines\AppData\Roaming\Thunderbird\Profiles\i2blparj.default\Mail\pop.serviciodecorreo-1.es\msgFilterRules.dat,Mail/pop.serviciodecorreo-1.es,Remitente termina con: @valeo.com,yes,337,Move to folder,VALEO,"AND (from,ends with,@valeo.com)",1,from,ends with
C:\Users\gines\AppData\Roaming\Thunderbird\Profiles\i2blparj.default\Mail\pop.serviciodecorreo-1.es\msgFilterRules.dat,Mail/pop.serviciodecorreo-1.es,hernandez,yes,17,Move to folder,REPRESENTACIONES HERNANDEZ,"AND (from,ends with,@rhernandez.com)",1,from,ends with
C:\Users\gines\AppData\Roaming\Thunderbird\Profiles\i2blparj.default\Mail\pop.serviciodecorreo-1.es\msgFilterRules.dat,Mail/pop.serviciodecorreo-1.es,SWAG,yes,17,Move to folder,BLISTEIN - SWAG,"AND (from,ends with,@bilsteingroup.com)",1,from,ends with
C:\Users\gines\AppData\Roaming\Thunderbird\Profiles\i2blparj.default\Mail\pop.serviciodecorreo-1.es\msgFilterRules.dat,Mail/pop.serviciodecorreo-1.es,Remitente termina con: @michelin.com,yes,337,Move to folder,MICHELIN,"AND (from,ends with,@michelin.com)",1,from,ends with
C:\Users\gines\AppData\Roaming\Thunderbird\Profiles\i2blparj.default\Mail\pop.serviciodecorreo-1.es\msgFilterRules.dat,Mail/pop.serviciodecorreo-1.es,SASH,yes,337,Move to folder,SASH51a13cd2,"AND (from,ends with,@lubricantes-sash.com)",1,from,ends with
C:\Users\gines\AppData\Roaming\Thunderbird\Profiles\i2blparj.default\Mail\pop.serviciodecorreo-1.es\msgFilterRules.dat,Mail/pop.serviciodecorreo-1.es,BRIDGE,yes,337,Move to folder,BRIDGESTONE,"OR (from,is,BridgestoneAttCliente@bridgestone.eu) OR (from,is,info.facturas@bridgestone.eu)",2,from,is
C:\Users\gines\AppData\Roaming\Thunderbird\Profiles\i2blparj.default\Mail\pop.serviciodecorreo-1.es\msgFilterRules.dat,Mail/pop.serviciodecorreo-1.es,CECAUTO,yes,337,Move to folder,CECAUTO,"AND (from,ends with,@cecauto.com)",1,from,ends with
C:\Users\gines\AppData\Roaming\Thunderbird\Profiles\i2blparj.default\Mail\pop.serviciodecorreo-1.es\msgFilterRules.dat,Mail/pop.serviciodecorreo-1.es,MKD,yes,337,Move to folder,MKD RECAMBIOS,"OR (from,ends with,@mkdrecambios.com) OR (from,ends with,@mkdautomotive.com) OR (from,ends with,@grupomobius.com)",3,from,ends with
C:\Users\gines\AppData\Roaming\Thunderbird\Profiles\i2blparj.default\Mail\pop.serviciodecorreo-1.es\msgFilterRules.dat,Mail/pop.serviciodecorreo-1.es,NERTOR,yes,337,Move to folder,NER-TOR,"AND (from,ends with,@nertor.com)",1,from,ends with
C:\Users\gines\AppData\Roaming\Thunderbird\Profiles\i2blparj.default\Mail\pop.serviciodecorreo-1.es\msgFilterRules.dat,Mail/pop.serviciodecorreo-1.es,CRUZBER,yes,337,Move to folder,CRUZBER,"AND (from,ends with,@cruzber.com)",1,from,ends with
C:\Users\gines\AppData\Roaming\Thunderbird\Profiles\i2blparj.default\Mail\pop.serviciodecorreo-1.es\msgFilterRules.dat,Mail/pop.serviciodecorreo-1.es,CONTICORR,yes,337,Move to folder,CONTINENTAL CORREAS,"OR (from,ends with,@france.contitech.de) OR (from,ends with,@contitech.es)",2,from,ends with
C:\Users\gines\AppData\Roaming\Thunderbird\Profiles\i2blparj.default\Mail\pop.serviciodecorreo-1.es\msgFilterRules.dat,Mail/pop.serviciodecorreo-1.es,PEMEBLA,yes,337,Move to folder,PEMEBLA,"AND (from,ends with,postventa@pemebla.com)",1,from,ends with
C:\Users\gines\AppData\Roaming\Thunderbird\Profiles\i2blparj.default\Mail\pop.serviciodecorreo-1.es\msgFilterRules.dat,Mail/pop.serviciodecorreo-1.es,IPARLUX,yes,17,Move to folder,IPARLUX,"AND (from,ends with,@iparlux.es)",1,from,ends with
C:\Users\gines\AppData\Roaming\Thunderbird\Profiles\i2blparj.default\Mail\pop.serviciodecorreo-1.es\msgFilterRules.dat,Mail/pop.serviciodecorreo-1.es,Remitente contiene: @quimicar.es,yes,273,Move to folder,QUIMICAR,"OR (from,contains,@quimicar.es)",1,from,contains
C:\Users\gines\AppData\Roaming\Thunderbird\Profiles\i2blparj.default\Mail\pop.serviciodecorreo-1.es\msgFilterRules.dat,Mail/pop.serviciodecorreo-1.es,TOP,yes,273,Move to folder,TOP RECAMBIOS,"OR (from,is,garantias@toprecambios.com) OR (from,ends with,@toprecambios.com)",2,from,ends with;is
C:\Users\gines\AppData\Roaming\Thunderbird\Profiles\i2blparj.default\Mail\pop.serviciodecorreo-1.es\msgFilterRules.dat,Mail/pop.serviciodecorreo-1.es,ALKAR,yes,337,Move to folder,ALKAR,"AND (from,contains,@alkar.es)",1,from,contains
C:\Users\gines\AppData\Roaming\Thunderbird\Profiles\i2blparj.default\Mail\pop.serviciodecorreo-1.es\msgFilterRules.dat,Mail/pop.serviciodecorreo-1.es,SERNE,yes,337,Move to folder,SERNESA,"OR (from,ends with,@sernesa.com)",1,from,ends with
C:\Users\gines\AppData\Roaming\Thunderbird\Profiles\i2blparj.default\Mail\pop.serviciodecorreo-1.es\msgFilterRules.dat,Mail/pop.serviciodecorreo-1.es,TECCOM,yes,17,Move to folder,TECCOM,"AND (from,is,info@info.tecalliance.net)",1,from,is
C:\Users\gines\AppData\Roaming\Thunderbird\Profiles\i2blparj.default\Mail\pop.serviciodecorreo-1.es\msgFilterRules.dat,Mail/pop.serviciodecorreo-1.es,OPTIMAL,yes,337,Move to folder,OPTIMAL,"AND (from,ends with,@optimal-spain.com)",1,from,ends with
C:\Users\gines\AppData\Roaming\Thunderbird\Profiles\i2blparj.default\Mail\pop.serviciodecorreo-1.es\msgFilterRules.dat,Mail/pop.serviciodecorreo-1.es,NRF,yes,337,Move to folder,NRF,"AND (from,ends with,@nrf.eu)",1,from,ends with
C:\Users\gines\AppData\Roaming\Thunderbird\Profiles\i2blparj.default\Mail\pop.serviciodecorreo-1.es\msgFilterRules.dat,Mail/pop.serviciodecorreo-1.es,ANDRES,yes,337,Move to folder,NEUMATICOS ANDRES,"OR (from,is,blascima@grupoandres.com) OR (from,contains,@grupoandres.com)",2,from,contains;is
C:\Users\gines\AppData\Roaming\Thunderbird\Profiles\i2blparj.default\Mail\pop.serviciodecorreo-1.es\msgFilterRules.dat,Mail/pop.serviciodecorreo-1.es,EACLIMA,yes,337,Move to folder,EACLIMA,"OR (from,is,m.gonzalez@teasa.net) OR (from,contains,Electro Auto) OR (from,ends with,@eaclima.es)",3,from,contains;ends with;is
C:\Users\gines\AppData\Roaming\Thunderbird\Profiles\i2blparj.default\Mail\pop.serviciodecorreo-1.es\msgFilterRules.dat,Mail/pop.serviciodecorreo-1.es,Remitente termina con: @fare-auto.com,yes,17,Move to folder,FARE,"AND (from,ends with,@fare-auto.com)",1,from,ends with
C:\Users\gines\AppData\Roaming\Thunderbird\Profiles\i2blparj.default\Mail\pop.serviciodecorreo-1.es\msgFilterRules.dat,Mail/pop.serviciodecorreo-1.es,Remitente termina con: @frigair-iberia.com,yes,17,Move to folder,FRIG AIR,"AND (from,ends with,@frigair-iberia.com)",1,from,ends with
C:\Users\gines\AppData\Roaming\Thunderbird\Profiles\i2blparj.default\Mail\pop.serviciodecorreo-1.es\msgFilterRules.dat,Mail/pop.serviciodecorreo-1.es,Remitente es: javireal@toprecambios.com,yes,17,Move to folder,TOP RECAMBIOS/INFORMATICA,"AND (from,is,javireal@toprecambios.com)",1,from,is
C:\Users\gines\AppData\Roaming\Thunderbird\Profiles\i2blparj.default\Mail\pop.serviciodecorreo-1.es\msgFilterRules.dat,Mail/pop.serviciodecorreo-1.es,Remitente termina con: @gira.net,yes,17,Move to folder,GIRA,"AND (from,ends with,@gira.net)",1,from,ends with
C:\Users\gines\AppData\Roaming\Thunderbird\Profiles\i2blparj.default\Mail\pop.serviciodecorreo-1.es\msgFilterRules.dat,Mail/pop.serviciodecorreo-1.es,Remitente termina con: @absoal.com,yes,17,Move to folder,ABSOAL,"AND (from,ends with,@absoal.com)",1,from,ends with
C:\Users\gines\AppData\Roaming\Thunderbird\Profiles\i2blparj.default\Mail\pop.serviciodecorreo-1.es\msgFilterRules.dat,Mail/pop.serviciodecorreo-1.es,Remitente es: joselopez.iveco@hotmail.com,yes,17,Move to folder,AUTOMECANICA ALBOX TURISMO,"AND (from,is,joselopez.iveco@hotmail.com)",1,from,is
C:\Users\gines\AppData\Roaming\Thunderbird\Profiles\i2blparj.default\Mail\pop.serviciodecorreo-1.es\msgFilterRules.dat,Mail/pop.serviciodecorreo-1.es,Remitente termina con: @rztools.com,yes,17,Move to folder,RZTOOLS,"AND (from,ends with,@rztools.com)",1,from,ends with
C:\Users\gines\AppData\Roaming\Thunderbird\Profiles\i2blparj.default\Mail\pop.serviciodecorreo-1.es\msgFilterRules.dat,Mail/pop.serviciodecorreo-1.es,Remitente es: cr@rodamientos.net,yes,17,Move to folder,ROYSE,"AND (from,is,cr@rodamientos.net)",1,from,is
C:\Users\gines\AppData\Roaming\Thunderbird\Profiles\i2blparj.default\Mail\pop.serviciodecorreo-1.es\msgFilterRules.dat,Mail/pop.serviciodecorreo-1.es,Remitente termina con: @sesametime.com,yes,17,Move to folder,SESAME,"AND (from,ends with,@sesametime.com)",1,from,ends with
C:\Users\gines\AppData\Roaming\Thunderbird\Profiles\i2blparj.default\Mail\pop.serviciodecorreo-1.es\msgFilterRules.dat,Mail/pop.serviciodecorreo-1.es,Remitente es: mariano@exclusivasbcn.com,yes,17,Move to folder,EXCLUSIVAS BCN,"AND (from,ends with,@exclusivasbcn.com)",1,from,ends with
C:\Users\gines\AppData\Roaming\Thunderbird\Profiles\i2blparj.default\Mail\pop.serviciodecorreo-1.es\msgFilterRules.dat,Mail/pop.serviciodecorreo-1.es,Remitente es: facturacion@grupoandres.com,yes,17,Move to folder,NEUMATICOS ANDRES,"AND (from,is,facturacion@grupoandres.com)",1,from,is
C:\Users\gines\AppData\Roaming\Thunderbird\Profiles\i2blparj.default\Mail\pop.serviciodecorreo-1.es\msgFilterRules.dat,Mail/pop.serviciodecorreo-1.es,Remitente es: ventas2@evergreen.com.es,yes,273,Move to folder,EVERGREEN,"OR (from,is,ventas2@evergreen.com.es) OR (from,is,documentos@evergreen.com.es)",2,from,is
C:\Users\gines\AppData\Roaming\Thunderbird\Profiles\i2blparj.default\Mail\pop.serviciodecorreo-1.es\msgFilterRules.dat,Mail/pop.serviciodecorreo-1.es,Remitente es: administracion@bilsteingroup.com,yes,337,Move to folder,BLISTEIN - SWAG,"OR (from,is,administracion@bilsteingroup.com) OR (from,ends with,@Bilsteingroup.com)",2,from,ends with;is
C:\Users\gines\AppData\Roaming\Thunderbird\Profiles\i2blparj.default\Mail\pop.serviciodecorreo-1.es\msgFilterRules.dat,Mail/pop.serviciodecorreo-1.es,Remitente es: info@frigair-iberia.com,yes,17,Move to folder,FRIG AIR,"OR (from,is,info@frigair-iberia.com) OR (from,is,invoices@frigair-iberia.com)",2,from,is
C:\Users\gines\AppData\Roaming\Thunderbird\Profiles\i2blparj.default\Mail\pop.serviciodecorreo-1.es\msgFilterRules.dat,Mail/pop.serviciodecorreo-1.es,Remitente es: saphelpdesk@driv.com,yes,17,Move to folder,FEDERAL MOGUL,"OR (from,is,saphelpdesk@driv.com) OR (from,ends with,@driv.com)",2,from,ends with;is
C:\Users\gines\AppData\Roaming\Thunderbird\Profiles\i2blparj.default\Mail\pop.serviciodecorreo-1.es\msgFilterRules.dat,Mail/pop.serviciodecorreo-1.es,Remitente es: info@suminesa.com,yes,17,Move to folder,SUMINESA,"AND (from,is,info@suminesa.com)",1,from,is
C:\Users\gines\AppData\Roaming\Thunderbird\Profiles\i2blparj.default\Mail\pop.serviciodecorreo-1.es\msgFilterRules.dat,Mail/pop.serviciodecorreo-1.es,Remitente es: manad@amolux.net,yes,17,Move to folder,AMOLUX - MANAD,"AND (from,is,manad@amolux.net)",1,from,is
C:\Users\gines\AppData\Roaming\Thunderbird\Profiles\i2blparj.default\Mail\pop.serviciodecorreo-1.es\msgFilterRules.dat,Mail/pop.serviciodecorreo-1.es,Remitente es: gines@jgpsl.com,yes,17,Move to folder,FERREVERA,"AND (from,is,gines@jgpsl.com)",1,from,is
C:\Users\gines\AppData\Roaming\Thunderbird\Profiles\i2blparj.default\Mail\pop.serviciodecorreo-1.es\msgFilterRules.dat,Mail/pop.serviciodecorreo-1.es,Remitente es: BCNEXPEDICIONES@FEYC.ES,yes,17,Move to folder,RODAMIENTOS FEYC,"AND (from,is,BCNEXPEDICIONES@FEYC.ES)",1,from,is
C:\Users\gines\AppData\Roaming\Thunderbird\Profiles\i2blparj.default\Mail\pop.serviciodecorreo-1.es\msgFilterRules.dat,Mail/pop.serviciodecorreo-1.es,Remitente es: nita@delinmitel.com,yes,17,Move to folder,DELINMITEL,"AND (from,is,nita@delinmitel.com)",1,from,is
C:\Users\gines\AppData\Roaming\Thunderbird\Profiles\i2blparj.default\Mail\pop.serviciodecorreo-1.es\msgFilterRules.dat,Mail/pop.serviciodecorreo-1.es,Remitente es: administracion@euromaquinas.com,yes,17,Move to folder,EUROMAQUINARIAS HISPANIDAD,"AND (from,is,administracion@euromaquinas.com)",1,from,is
C:\Users\gines\AppData\Roaming\Thunderbird\Profiles\i2blparj.default\Mail\pop.serviciodecorreo-1.es\msgFilterRules.dat,Mail/pop.serviciodecorreo-1.es,Remitente es: hogar1@poessa.com,yes,17,Move to folder,POESSA,"AND (from,is,hogar1@poessa.com)",1,from,is
C:\Users\gines\AppData\Roaming\Thunderbird\Profiles\i2blparj.default\Mail\pop.serviciodecorreo-1.es\msgFilterRules.dat,Mail/pop.serviciodecorreo-1.es,Remitente es: info@dogaparts.es,yes,17,Move to folder,DOGA,"OR (from,is,info@dogaparts.es) OR (from,ends with,@dogaparts.es)",2,from,ends with;is
C:\Users\gines\AppData\Roaming\Thunderbird\Profiles\i2blparj.default\Mail\pop.serviciodecorreo-1.es\msgFilterRules.dat,Mail/pop.serviciodecorreo-1.es,Remitente es: mecavera@mecavera.redpeugeot.com,yes,17,Move to folder,MECAVERA,"AND (from,is,mecavera@mecavera.redpeugeot.com)",1,from,is
C:\Users\gines\AppData\Roaming\Thunderbird\Profiles\i2blparj.default\Mail\pop.serviciodecorreo-1.es\msgFilterRules.dat,Mail/pop.serviciodecorreo-1.es,Remitente es: admon@carpriss.com,yes,17,Move to folder,CARPRISS,"OR (from,is,admon@carpriss.com) OR (from,ends with,@carpriss.com)",2,from,ends with;is
C:\Users\gines\AppData\Roaming\Thunderbird\Profiles\i2blparj.default\Mail\pop.serviciodecorreo-1.es\msgFilterRules.dat,Mail/pop.serviciodecorreo-1.es,Remitente es: facturacion@samoaindustrial.com,yes,17,Move to folder,SAMOA,"AND (from,is,facturacion@samoaindustrial.com)",1,from,is
C:\Users\gines\AppData\Roaming\Thunderbird\Profiles\i2blparj.default\Mail\pop.serviciodecorreo-1.es\msgFilterRules.dat,Mail/pop.serviciodecorreo-1.es,Remitente es: Administracion@multirecambioshm.com,yes,273,Move to folder,MULTIRECAMBIOS HM,"OR (from,is,Administracion@multirecambioshm.com) OR (from,ends with,@multirecambioshm.com)",2,from,ends with;is
C:\Users\gines\AppData\Roaming\Thunderbird\Profiles\i2blparj.default\Mail\pop.serviciodecorreo-1.es\msgFilterRules.dat,Mail/pop.serviciodecorreo-1.es,Remitente es: facturacion@recambiosasiaticos.com,yes,17,Move to folder,RECAMBIOS ASIATICOS,"OR (from,is,facturacion@recambiosasiaticos.com) OR (from,ends with,@recambiosasiaticos.com)",2,from,ends with;is
C:\Users\gines\AppData\Roaming\Thunderbird\Profiles\i2blparj.default\Mail\pop.serviciodecorreo-1.es\msgFilterRules.dat,Mail/pop.serviciodecorreo-1.es,Remitente es: administracion@febestiberica.com,yes,17,Move to folder,FEBEST - RUMBO NORTE,"AND (from,is,administracion@febestiberica.com)",1,from,is
C:\Users\gines\AppData\Roaming\Thunderbird\Profiles\i2blparj.default\Mail\pop.serviciodecorreo-1.es\msgFilterRules.dat,Mail/pop.serviciodecorreo-1.es,Remitente es: escribano@pinchazosvargas.com,yes,17,Move to folder,PINCHAZOS VARGAS,"AND (from,is,escribano@pinchazosvargas.com)",1,from,is
C:\Users\gines\AppData\Roaming\Thunderbird\Profiles\i2blparj.default\Mail\pop.serviciodecorreo-1.es\msgFilterRules.dat,Mail/pop.serviciodecorreo-1.es,Remitente es: autosys@henkel.com,yes,17,Move to folder,HENKEL,"OR (from,is,autosys@henkel.com) OR (from,ends with,@henkel.com)",2,from,ends with;is
C:\Users\gines\AppData\Roaming\Thunderbird\Profiles\i2blparj.default\Mail\pop.serviciodecorreo-1.es\msgFilterRules.dat,Mail/pop.serviciodecorreo-1.es,Remitente es: pedidos.tork@essity.com,yes,17,Move to folder,ESSITY - TORK,"AND (from,is,pedidos.tork@essity.com)",1,from,is
C:\Users\gines\AppData\Roaming\Thunderbird\Profiles\i2blparj.default\Mail\pop.serviciodecorreo-1.es\msgFilterRules.dat,Mail/pop.serviciodecorreo-1.es,COMPRAS VARIAS,yes,273,Move to folder,COMPRAS VARIAS,"OR (from,is,info@42kshop.com) OR (from,is,pedidos@pccomponentes.com) OR (from,is,noreply@pccomponentes.com) OR (from,ends with,@pccomponentes.com) OR (from,is,verametal2015@gmail.com) OR (subject,contains,PcComponentes)",6,from;subject,contains;ends with;is
C:\Users\gines\AppData\Roaming\Thunderbird\Profiles\i2blparj.default\Mail\pop.serviciodecorreo-1.es\msgFilterRules.dat,Mail/pop.serviciodecorreo-1.es,Remitente es: lydia.bartolome@euromaster.com,yes,17,Move to folder,EUROMASTER,"OR (from,is,lydia.bartolome@euromaster.com) OR (from,ends with,@euromaster.com)",2,from,ends with;is
C:\Users\gines\AppData\Roaming\Thunderbird\Profiles\i2blparj.default\Mail\pop.serviciodecorreo-1.es\msgFilterRules.dat,Mail/pop.serviciodecorreo-1.es,Remitente es: portal@rema-tiptop.es,yes,17,Move to folder,Trash/TIP-TOP,"AND (from,is,portal@rema-tiptop.es)",1,from,is
C:\Users\gines\AppData\Roaming\Thunderbird\Profiles\i2blparj.default\Mail\pop.serviciodecorreo-1.es\msgFilterRules.dat,Mail/pop.serviciodecorreo-1.es,Remitente es: ecommerce@rema-tiptop.es,yes,337,Move to folder,Trash/TIP-TOP,"OR (from,is,ecommerce@rema-tiptop.es) OR (from,is,portal@rema-tiptop.es) OR (from,is,facturacion@rema-tiptop.es) OR (from,ends with,@rema-tiptop.es)",4,from,ends with;is
C:\Users\gines\AppData\Roaming\Thunderbird\Profiles\i2blparj.default\Mail\pop.serviciodecorreo-1.es\msgFilterRules.dat,Mail/pop.serviciodecorreo-1.es,Remitente es: n.mihai@kyb-europe.com,yes,17,Move to folder,KYB,"OR (from,is,n.mihai@kyb-europe.com) OR (from,ends with,kyb-europe.com)",2,from,ends with;is
C:\Users\gines\AppData\Roaming\Thunderbird\Profiles\i2blparj.default\Mail\pop.serviciodecorreo-1.es\msgFilterRules.dat,Mail/pop.serviciodecorreo-1.es,Remitente es: duerto@duerto.com,yes,17,Move to folder,DUERTO,"AND (from,is,duerto@duerto.com)",1,from,is
C:\Users\gines\AppData\Roaming\Thunderbird\Profiles\i2blparj.default\Mail\pop.serviciodecorreo-1.es\msgFilterRules.dat,Mail/pop.serviciodecorreo-1.es,Remitente es: iliana.el.youjili@continental.com,yes,17,Move to folder,CONTINENTAL CORREAS,"OR (from,is,iliana.el.youjili@continental.com) OR (from,ends with,@continental.com)",2,from,ends with;is
C:\Users\gines\AppData\Roaming\Thunderbird\Profiles\i2blparj.default\Mail\pop.serviciodecorreo-1.es\msgFilterRules.dat,Mail/pop.serviciodecorreo-1.es,Remitente es: contact@mecafilter-info.com,yes,17,Move to folder,MECAFILTER,"AND (from,is,contact@mecafilter-info.com)",1,from,is
C:\Users\gines\AppData\Roaming\Thunderbird\Profiles\i2blparj.default\Mail\pop.serviciodecorreo-1.es\msgFilterRules.dat,Mail/pop.serviciodecorreo-1.es,Remitente es: comercial@transmisiones-cardiberica.com,yes,17,Move to folder,CARDIBERICA,"AND (from,is,comercial@transmisiones-cardiberica.com)",1,from,is
C:\Users\gines\AppData\Roaming\Thunderbird\Profiles\i2blparj.default\Mail\pop.serviciodecorreo-1.es\msgFilterRules.dat,Mail/pop.serviciodecorreo-1.es,Remitente es: facturacion@iparlux.es,yes,17,Move to folder,IPARLUX,"AND (from,is,facturacion@iparlux.es)",1,from,is
C:\Users\gines\AppData\Roaming\Thunderbird\Profiles\i2blparj.default\Mail\pop.serviciodecorreo-1.es\msgFilterRules.dat,Mail/pop.serviciodecorreo-1.es,Remitente es: BremboDispatcher@lutech.it,yes,337,Move to folder,BREMBO,"OR (from,is,BremboDispatcher@lutech.it) OR (from,is,JoseAntonio_Bailo@brembo.es) OR (from,ends with,@brembo.es)",3,from,ends with;is
C:\Users\gines\AppData\Roaming\Thunderbird\Profiles\i2blparj.default\Mail\pop.serviciodecorreo-1.es\msgFilterRules.dat,Mail/pop.serviciodecorreo-1.es,Remitente es: e-invoicing@ptg.contitech.de,yes,17,Move to folder,CONTINENTAL CORREAS,"AND (from,is,e-invoicing@ptg.contitech.de)",1,from,is
C:\Users\gines\AppData\Roaming\Thunderbird\Profiles\i2blparj.default\Mail\pop.serviciodecorreo-1.es\msgFilterRules.dat,Mail/pop.serviciodecorreo-1.es,Remitente es: administracion@meat-doria.es,yes,17,Move to folder,MEAT-DORIA,"OR (from,is,administracion@meat-doria.es) OR (from,is,facturacion@meat-doria.es) OR (from,ends with,@meat-doria.es)",3,from,ends with;is
C:\Users\gines\AppData\Roaming\Thunderbird\Profiles\i2blparj.default\Mail\pop.serviciodecorreo-1.es\msgFilterRules.dat,Mail/pop.serviciodecorreo-1.es,Remitente es: noreply@toprecambios.com,yes,17,Move to folder,TOP RECAMBIOS,"AND (from,is,noreply@toprecambios.com)",1,from,is
C:\Users\gines\AppData\Roaming\Thunderbird\Profiles\i2blparj.default\Mail\pop.serviciodecorreo-1.es\msgFilterRules.dat,Mail/pop.serviciodecorreo-1.es,Remitente es: barralautofordcoslada@gmail.com,yes,17,Move to folder,BARRAL AUTO,"AND (from,is,barralautofordcoslada@gmail.com)",1,from,is
C:\Users\gines\AppData\Roaming\Thunderbird\Profiles\i2blparj.default\Mail\pop.serviciodecorreo-1.es\msgFilterRules.dat,Mail/pop.serviciodecorreo-1.es,Remitente es: administracion@rolmovil.net,yes,17,Move to folder,POOL LINE,"OR (from,is,administracion@rolmovil.net) OR (from,is,pedidos@pool-line.com) OR (from,ends with,@pool-line.com)",3,from,ends with;is
C:\Users\gines\AppData\Roaming\Thunderbird\Profiles\i2blparj.default\Mail\pop.serviciodecorreo-1.es\msgFilterRules.dat,Mail/pop.serviciodecorreo-1.es,Remitente es: admin@toprecambios.com,yes,17,Move to folder,TOP RECAMBIOS,"AND (from,is,admin@toprecambios.com)",1,from,is
C:\Users\gines\AppData\Roaming\Thunderbird\Profiles\i2blparj.default\Mail\pop.serviciodecorreo-1.es\msgFilterRules.dat,Mail/pop.serviciodecorreo-1.es,Remitente es: talleres.automecanica-albox@rediveco.com,yes,17,Move to folder,AUTOMECANICA ALBOX TURISMO,"AND (from,is,talleres.automecanica-albox@rediveco.com)",1,from,is
C:\Users\gines\AppData\Roaming\Thunderbird\Profiles\i2blparj.default\Mail\pop.serviciodecorreo-1.es\msgFilterRules.dat,Mail/pop.serviciodecorreo-1.es,Remitente es: pedidos2@toprecambios.com,yes,17,Move to folder,TOP RECAMBIOS,"AND (from,is,pedidos2@toprecambios.com)",1,from,is
C:\Users\gines\AppData\Roaming\Thunderbird\Profiles\i2blparj.default\Mail\pop.serviciodecorreo-1.es\msgFilterRules.dat,Mail/pop.serviciodecorreo-1.es,Remitente es: infoenvios@mail.seur.info,yes,17,Move to folder,SEUR,"AND (from,is,infoenvios@mail.seur.info)",1,from,is
C:\Users\gines\AppData\Roaming\Thunderbird\Profiles\i2blparj.default\Mail\pop.serviciodecorreo-1.es\msgFilterRules.dat,Mail/pop.serviciodecorreo-1.es,Remitente es: almacenlucena@gmail.com,yes,337,Move to folder,NEUMATICOS LUCENA,"OR (from,is,almacenlucena@gmail.com) OR (from,is,administracion@neumaticoslucena.com) OR (from,is,neumaticoslucenasl@gmail.com) OR (from,ends with,@neumaticoslucena.com)",4,from,ends with;is
C:\Users\gines\AppData\Roaming\Thunderbird\Profiles\i2blparj.default\Mail\pop.serviciodecorreo-1.es\msgFilterRules.dat,Mail/pop.serviciodecorreo-1.es,Remitente es: marta.buceta@contitech.es,yes,337,Move to folder,CONTINENTAL CORREAS,"OR (from,is,marta.buceta@contitech.es) OR (from,ends with,@contitech.es)",2,from,ends with;is
C:\Users\gines\AppData\Roaming\Thunderbird\Profiles\i2blparj.default\Mail\pop.serviciodecorreo-1.es\msgFilterRules.dat,Mail/pop.serviciodecorreo-1.es,Remitente es: gachino@algogroup.net,yes,273,Move to folder,ALGO GROUP,"OR (from,is,gachino@algogroup.net) OR (from,ends with,@algogroup.net)",2,from,ends with;is
C:\Users\gines\AppData\Roaming\Thunderbird\Profiles\i2blparj.default\Mail\pop.serviciodecorreo-1.es\msgFilterRules.dat,Mail/pop.serviciodecorreo-1.es,Remitente contiene: @asysum.com,yes,17,Move to folder,ASYSUM,"AND (from,contains,@asysum.com)",1,from,contains
C:\Users\gines\AppData\Roaming\Thunderbird\Profiles\i2blparj.default\Mail\pop.serviciodecorreo-1.es\msgFilterRules.dat,Mail/pop.serviciodecorreo-1.es,Remitente contiene: facturacion@serca.es,yes,273,Move to folder,SERCA FACTURACION,"OR (from,contains,facturacion@serca.es) OR (from,contains,eduard.calpe@serca.es) OR (from,contains,proveedores@serca.es) OR (from,contains,sergio.gonzalez@serca.es) OR (subject,contains,VETURILO)",5,from;subject,contains
C:\Users\gines\AppData\Roaming\Thunderbird\Profiles\i2blparj.default\Mail\pop.serviciodecorreo-1.es\msgFilterRules.dat,Mail/pop.serviciodecorreo-1.es,Remitente es: facturas@toprecambios.com,yes,17,Move to folder,TOP RECAMBIOS,"AND (from,is,facturas@toprecambios.com)",1,from,is
C:\Users\gines\AppData\Roaming\Thunderbird\Profiles\i2blparj.default\Mail\pop.serviciodecorreo-1.es\msgFilterRules.dat,Mail/pop.serviciodecorreo-1.es,Remitente es: facturacion@toprecambios.com,yes,273,Move to folder,TOP RECAMBIOS,"AND (from,is,facturacion@toprecambios.com)",1,from,is
C:\Users\gines\AppData\Roaming\Thunderbird\Profiles\i2blparj.default\Mail\pop.serviciodecorreo-1.es\msgFilterRules.dat,Mail/pop.serviciodecorreo-1.es,Remitente es: atencionalcliente@pulpiautomocion.com,yes,17,Move to folder,PULPI AUTOMOCION,"AND (from,is,atencionalcliente@pulpiautomocion.com)",1,from,is
C:\Users\gines\AppData\Roaming\Thunderbird\Profiles\i2blparj.default\Mail\pop.serviciodecorreo-1.es\msgFilterRules.dat,Mail/pop.serviciodecorreo-1.es,Remitente es: harrywalker@harrywalker.net,yes,17,Move to folder,HARRY WALKER RODAMIENTOS,"AND (from,is,harrywalker@harrywalker.net)",1,from,is
C:\Users\gines\AppData\Roaming\Thunderbird\Profiles\i2blparj.default\Mail\pop.serviciodecorreo-1.es\msgFilterRules.dat,Mail/pop.serviciodecorreo-1.es,Remitente es: adm.spj@spj.es,yes,17,Move to folder,SPJ0f44851e,"AND (from,is,adm.spj@spj.es)",1,from,is
C:\Users\gines\AppData\Roaming\Thunderbird\Profiles\i2blparj.default\Mail\pop.serviciodecorreo-1.es\msgFilterRules.dat,Mail/pop.serviciodecorreo-1.es,Remitente termina con: @htlubricantoils.com,yes,17,Move to folder,HTLO LUBRICANTES,"AND (from,ends with,@htlubricantoils.com)",1,from,ends with
C:\Users\gines\AppData\Roaming\Thunderbird\Profiles\i2blparj.default\Mail\pop.serviciodecorreo-1.es\msgFilterRules.dat,Mail/pop.serviciodecorreo-1.es,Remitente es: facturacionferrevera@gmail.com,yes,17,Move to folder,FERREVERA,"AND (from,is,facturacionferrevera@gmail.com)",1,from,is
C:\Users\gines\AppData\Roaming\Thunderbird\Profiles\i2blparj.default\Mail\pop.serviciodecorreo-1.es\msgFilterRules.dat,Mail/pop.serviciodecorreo-1.es,Remitente es: administracion@rztools.com,yes,17,Move to folder,RZTOOLS,"AND (from,is,administracion@rztools.com)",1,from,is
C:\Users\gines\AppData\Roaming\Thunderbird\Profiles\i2blparj.default\Mail\pop.serviciodecorreo-1.es\msgFilterRules.dat,Mail/pop.serviciodecorreo-1.es,Remitente es: facturacion.almeria@seur.net,yes,17,Move to folder,SEUR,"AND (from,is,facturacion.almeria@seur.net)",1,from,is
C:\Users\gines\AppData\Roaming\Thunderbird\Profiles\i2blparj.default\Mail\pop.serviciodecorreo-1.es\msgFilterRules.dat,Mail/pop.serviciodecorreo-1.es,Remitente es: erp@cecauto.com,yes,17,Move to folder,CECAUTO,"AND (from,is,erp@cecauto.com)",1,from,is
C:\Users\gines\AppData\Roaming\Thunderbird\Profiles\i2blparj.default\Mail\pop.serviciodecorreo-1.es\msgFilterRules.dat,Mail/pop.serviciodecorreo-1.es,Remitente es: elisa.franceschini@airtopitalia.eu,yes,17,Move to folder,AIRTOP ITALIA,"AND (from,is,elisa.franceschini@airtopitalia.eu)",1,from,is
C:\Users\gines\AppData\Roaming\Thunderbird\Profiles\i2blparj.default\Mail\pop.serviciodecorreo-1.es\msgFilterRules.dat,Mail/pop.serviciodecorreo-1.es,Remitente es: es.prometeon.i.sdd@prometeon.com,yes,17,Move to folder,PROMETEON,"AND (from,ends with,@prometeon.com)",1,from,ends with
C:\Users\gines\AppData\Roaming\Thunderbird\Profiles\i2blparj.default\Mail\pop.serviciodecorreo-1.es\msgFilterRules.dat,Mail/pop.serviciodecorreo-1.es,Remitente termina con: @ams-osram.com,yes,273,Move to folder,OSRAM,"OR (from,ends with,@ams-osram.com) OR (from,ends with,@osram.com)",2,from,ends with
C:\Users\gines\AppData\Roaming\Thunderbird\Profiles\i2blparj.default\Mail\pop.serviciodecorreo-1.es\msgFilterRules.dat,Mail/pop.serviciodecorreo-1.es,Remitente es: sonia@amolux.net,yes,17,Move to folder,AMOLUX,"AND (from,is,sonia@amolux.net)",1,from,is
C:\Users\gines\AppData\Roaming\Thunderbird\Profiles\i2blparj.default\Mail\pop.serviciodecorreo-1.es\msgFilterRules.dat,Mail/pop.serviciodecorreo-1.es,Remitente es: nissens@nissens.com,yes,17,Move to folder,NISSENS,"AND (from,is,nissens@nissens.com)",1,from,is
C:\Users\gines\AppData\Roaming\Thunderbird\Profiles\i2blparj.default\Mail\pop.serviciodecorreo-1.es\msgFilterRules.dat,Mail/pop.serviciodecorreo-1.es,Remitente contiene: @danazaragoza.com,yes,273,Move to folder,DANA AUTOMOCION,"OR (from,is,facturacion@danazaragoza.com) OR (from,ends with,@dana.com)",2,from,ends with;is
C:\Users\gines\AppData\Roaming\Thunderbird\Profiles\i2blparj.default\Mail\pop.serviciodecorreo-1.es\msgFilterRules.dat,Mail/pop.serviciodecorreo-1.es,Remitente es: Facturacion@barralauto.com,yes,273,Move to folder,BARRAL AUTO,"OR (from,is,Facturacion@barralauto.com) OR (subject,contains,barral auto) OR (from,contains,barral auto)",3,from;subject,contains;is
C:\Users\gines\AppData\Roaming\Thunderbird\Profiles\i2blparj.default\Mail\pop.serviciodecorreo-1.es\msgFilterRules.dat,Mail/pop.serviciodecorreo-1.es,Remitente termina con: @as-sl.com,yes,17,Move to folder,AS,"AND (from,ends with,@as-sl.com)",1,from,ends with
C:\Users\gines\AppData\Roaming\Thunderbird\Profiles\i2blparj.default\Mail\pop.serviciodecorreo-1.es\msgFilterRules.dat,Mail/pop.serviciodecorreo-1.es,Remitente es: sash@lubricantes-sash.com,yes,17,Move to folder,ACEITES Y LUBRICANTES SASH,"AND (from,ends with,@lubricantes-sash.com)",1,from,ends with
C:\Users\gines\AppData\Roaming\Thunderbird\Profiles\i2blparj.default\Mail\pop.serviciodecorreo-1.es\msgFilterRules.dat,Mail/pop.serviciodecorreo-1.es,Remitente es: facturacion@alcaner.com,yes,17,Move to folder,ALCANER 2000,"AND (from,is,facturacion@alcaner.com)",1,from,is
C:\Users\gines\AppData\Roaming\Thunderbird\Profiles\i2blparj.default\Mail\pop.serviciodecorreo-1.es\msgFilterRules.dat,Mail/pop.serviciodecorreo-1.es,Remitente es: javi@liv-indurain.com,yes,17,Move to folder,PRODUCTOS LIV610ec48b,"AND (from,ends with,@liv-indurain.com)",1,from,ends with
C:\Users\gines\AppData\Roaming\Thunderbird\Profiles\i2blparj.default\Mail\pop.serviciodecorreo-1.es\msgFilterRules.dat,Mail/pop.serviciodecorreo-1.es,Remitente es: noreply@nex.es,yes,17,Move to folder,NEX TYRES,"AND (from,is,noreply@nex.es)",1,from,is
C:\Users\gines\AppData\Roaming\Thunderbird\Profiles\i2blparj.default\Mail\pop.serviciodecorreo-1.es\msgFilterRules.dat,Mail/pop.serviciodecorreo-1.es,Remitente es: grupo@holyauto.com,yes,17,Move to folder,HOLY AUTO,"AND (from,is,grupo@holyauto.com)",1,from,is
C:\Users\gines\AppData\Roaming\Thunderbird\Profiles\i2blparj.default\Mail\pop.serviciodecorreo-1.es\msgFilterRules.dat,Mail/pop.serviciodecorreo-1.es,Remitente es: m.gonzalez@eaclima.es,yes,17,Move to folder,EACLIMA,"AND (from,is,m.gonzalez@eaclima.es)",1,from,is
C:\Users\gines\AppData\Roaming\Thunderbird\Profiles\i2blparj.default\Mail\pop.serviciodecorreo-1.es\msgFilterRules.dat,Mail/pop.serviciodecorreo-1.es,Remitente es: ecommerce2.aarm@dk.bosch.com,yes,17,Move to folder,HC-CARGO,"AND (from,is,ecommerce2.aarm@dk.bosch.com)",1,from,is
C:\Users\gines\AppData\Roaming\Thunderbird\Profiles\i2blparj.default\Mail\pop.serviciodecorreo-1.es\msgFilterRules.dat,Mail/pop.serviciodecorreo-1.es,Remitente es: mailer_sap@ajusa.es,yes,17,Move to folder,AJUSA,"AND (from,is,mailer_sap@ajusa.es)",1,from,is
C:\Users\gines\AppData\Roaming\Thunderbird\Profiles\i2blparj.default\Mail\pop.serviciodecorreo-1.es\msgFilterRules.dat,Mail/pop.serviciodecorreo-1.es,Remitente contiene: totalenergies,yes,273,Move to folder,TOTAL,"AND (from,contains,totalenergies)",1,from,contains
C:\Users\gines\AppData\Roaming\Thunderbird\Profiles\i2blparj.default\Mail\pop.serviciodecorreo-1.es\msgFilterRules.dat,Mail/pop.serviciodecorreo-1.es,Remitente es: goyra@ofiexperts.es,yes,17,Move to folder,GOYRA,"OR (from,is,goyra@ofiexperts.es) OR (from,is,goyraofii@gmail.com)",2,from,is
C:\Users\gines\AppData\Roaming\Thunderbird\Profiles\i2blparj.default\Mail\pop.serviciodecorreo-1.es\msgFilterRules.dat,Mail/pop.serviciodecorreo-1.es,Remitente es: lucia@ceapi.es,yes,17,Move to folder,CEAPI,"AND (from,is,lucia@ceapi.es)",1,from,is
C:\Users\gines\AppData\Roaming\Thunderbird\Profiles\i2blparj.default\Mail\pop.serviciodecorreo-1.es\msgFilterRules.dat,Mail/pop.serviciodecorreo-1.es,Remitente es: atencionalcliente@ita-rotomatic.com,yes,17,Move to folder,ITA-ROTOMATIC,"OR (from,is,atencionalcliente@ita-rotomatic.com) OR (from,ends with,ita-rotomatic.com) OR (from,ends with,oficinaitarotomatic@gmail.com)",3,from,ends with;is
C:\Users\gines\AppData\Roaming\Thunderbird\Profiles\i2blparj.default\Mail\pop.serviciodecorreo-1.es\msgFilterRules.dat,Mail/pop.serviciodecorreo-1.es,Remitente es: administracion@amosan.es,yes,17,Move to folder,AMOSAN,"AND (from,is,administracion@amosan.es)",1,from,is
C:\Users\gines\AppData\Roaming\Thunderbird\Profiles\i2blparj.default\Mail\pop.serviciodecorreo-1.es\msgFilterRules.dat,Mail/pop.serviciodecorreo-1.es,Remitente es: admin@msmc.es,yes,17,Move to folder,MSMC4f5fc55b,"AND (from,is,admin@msmc.es)",1,from,is
C:\Users\gines\AppData\Roaming\Thunderbird\Profiles\i2blparj.default\Mail\pop.serviciodecorreo-1.es\msgFilterRules.dat,Mail/pop.serviciodecorreo-1.es,Remitente es: facturacioncartes@grupocartes.es,yes,17,Move to folder,FILTROS CARTES,"AND (from,is,facturacioncartes@grupocartes.es)",1,from,is
C:\Users\gines\AppData\Roaming\Thunderbird\Profiles\i2blparj.default\Mail\pop.serviciodecorreo-1.es\msgFilterRules.dat,Mail/pop.serviciodecorreo-1.es,Remitente es: contabilidad@pemebla.com,yes,17,Move to folder,PEMEBLA,"AND (from,is,contabilidad@pemebla.com)",1,from,is
C:\Users\gines\AppData\Roaming\Thunderbird\Profiles\i2blparj.default\Mail\pop.serviciodecorreo-1.es\msgFilterRules.dat,Mail/pop.serviciodecorreo-1.es,Remitente es: efactura@exclusivasbcn.com,yes,17,Move to folder,EXCLUSIVAS BCN,"AND (from,is,efactura@exclusivasbcn.com)",1,from,is
C:\Users\gines\AppData\Roaming\Thunderbird\Profiles\i2blparj.default\Mail\pop.serviciodecorreo-1.es\msgFilterRules.dat,Mail/pop.serviciodecorreo-1.es,Remitente es: BremboDispatcher@DISC.it,yes,17,Move to folder,BREMBO,"AND (from,is,BremboDispatcher@DISC.it)",1,from,is
C:\Users\gines\AppData\Roaming\Thunderbird\Profiles\i2blparj.default\Mail\pop.serviciodecorreo-1.es\msgFilterRules.dat,Mail/pop.serviciodecorreo-1.es,Remitente es: marta@exclusivasbcn.com,yes,337,Move to folder,EXCLUSIVAS BCN,"AND (from,is,marta@exclusivasbcn.com)",1,from,is
C:\Users\gines\AppData\Roaming\Thunderbird\Profiles\i2blparj.default\Mail\pop.serviciodecorreo-1.es\msgFilterRules.dat,Mail/pop.serviciodecorreo-1.es,Remitente es: administracio@jbmcamp.com,yes,17,Move to folder,JBM,"AND (from,is,administracio@jbmcamp.com)",1,from,is
C:\Users\gines\AppData\Roaming\Thunderbird\Profiles\i2blparj.default\Mail\pop.serviciodecorreo-1.es\msgFilterRules.dat,Mail/pop.serviciodecorreo-1.es,Remitente es: contabilidad@fare-auto.com,yes,337,Move to folder,FARE,"AND (from,is,contabilidad@fare-auto.com)",1,from,is
C:\Users\gines\AppData\Roaming\Thunderbird\Profiles\i2blparj.default\Mail\pop.serviciodecorreo-1.es\msgFilterRules.dat,Mail/pop.serviciodecorreo-1.es,Remitente es: pedidos@acps-automotive.com,yes,17,Move to folder,ACPS AUTOMOTIVE,"OR (from,is,pedidos@acps-automotive.com) OR (from,is,javier.lorenzo@acps-automotive.com) OR (from,ends with,@acps-automotive.com)",3,from,ends with;is
C:\Users\gines\AppData\Roaming\Thunderbird\Profiles\i2blparj.default\Mail\pop.serviciodecorreo-1.es\msgFilterRules.dat,Mail/pop.serviciodecorreo-1.es,Remitente es: optimal@optimal-spain.com,yes,337,Move to folder,OPTIMAL,"OR (from,is,optimal@optimal-spain.com) OR (from,is,xavi@optimal-spain.com) OR (from,ends with,@optimal-spain.com)",3,from,ends with;is
C:\Users\gines\AppData\Roaming\Thunderbird\Profiles\i2blparj.default\Mail\pop.serviciodecorreo-1.es\msgFilterRules.dat,Mail/pop.serviciodecorreo-1.es,Remitente es: r.delgado@kyb-europe.com,yes,17,Move to folder,KYB,"AND (from,is,r.delgado@kyb-europe.com)",1,from,is
C:\Users\gines\AppData\Roaming\Thunderbird\Profiles\i2blparj.default\Mail\pop.serviciodecorreo-1.es\msgFilterRules.dat,Mail/pop.serviciodecorreo-1.es,Remitente es: m.gonzalez@teasa.net,yes,337,Move to folder,EACLIMA,"AND (from,is,m.gonzalez@teasa.net)",1,from,is
C:\Users\gines\AppData\Roaming\Thunderbird\Profiles\i2blparj.default\Mail\pop.serviciodecorreo-1.es\msgFilterRules.dat,Mail/pop.serviciodecorreo-1.es,Remitente es: tallerbayra@gmail.com,yes,337,Move to folder,TALLERES BAYRA,"AND (from,is,tallerbayra@gmail.com)",1,from,is
C:\Users\gines\AppData\Roaming\Thunderbird\Profiles\i2blparj.default\Mail\pop.serviciodecorreo-1.es\msgFilterRules.dat,Mail/pop.serviciodecorreo-1.es,Remitente es: administracion@recambiosjesus.com,yes,337,Move to folder,RECAMBIOS JESUS,"OR (from,is,administracion@recambiosjesus.com) OR (from,ends with,@recambiosjesus.com) OR (from,is,facturacion@recambiosjesus.com)",3,from,ends with;is
C:\Users\gines\AppData\Roaming\Thunderbird\Profiles\i2blparj.default\Mail\pop.serviciodecorreo-1.es\msgFilterRules.dat,Mail/pop.serviciodecorreo-1.es,Remitente es: albox@chemaneumaticos.es,yes,337,Move to folder,CHEMA NEUMATICOS,"AND (from,is,albox@chemaneumaticos.es)",1,from,is
C:\Users\gines\AppData\Roaming\Thunderbird\Profiles\i2blparj.default\Mail\pop.serviciodecorreo-1.es\msgFilterRules.dat,Mail/pop.serviciodecorreo-1.es,Remitente es: ita-rotomatic@cecot.es,yes,273,Move to folder,ITA-ROTOMATIC,"AND (from,is,ita-rotomatic@cecot.es)",1,from,is
C:\Users\gines\AppData\Roaming\Thunderbird\Profiles\i2blparj.default\Mail\pop.serviciodecorreo-1.es\msgFilterRules.dat,Mail/pop.serviciodecorreo-1.es,Remitente termina con: @mahle.com,yes,337,Move to folder,MAHLE,"OR (from,ends with,@mahle.com) OR (subject,contains,MAHLE Aftermarket S.L.U)",2,from;subject,contains;ends with
C:\Users\gines\AppData\Roaming\Thunderbird\Profiles\i2blparj.default\Mail\pop.serviciodecorreo-1.es\msgFilterRules.dat,Mail/pop.serviciodecorreo-1.es,Remitente contiene: ICR-reporting@ppg.com,yes,273,Move to folder,ICR IBERICA,"OR (from,contains,ICR-reporting@ppg.com) OR (subject,contains,ICR IBERICA)",2,from;subject,contains
C:\Users\gines\AppData\Roaming\Thunderbird\Profiles\i2blparj.default\Mail\pop.serviciodecorreo-1.es\msgFilterRules.dat,Mail/pop.serviciodecorreo-1.es,Asunto contiene: anydesk,yes,273,Move to folder,ANYDESK,"OR (subject,contains,anydesk) OR (from,contains,support@anydesk.com)",2,from;subject,contains
C:\Users\gines\AppData\Roaming\Thunderbird\Profiles\i2blparj.default\Mail\pop.serviciodecorreo-1.es\msgFilterRules.dat,Mail/pop.serviciodecorreo-1.es,Remitente es: factura@cevamiberica.com,yes,273,Move to folder,CEVAM,"OR (from,is,factura@cevamiberica.com) OR (all addresses,contains,ramon.hernandez.cevamiberica.com) OR (from,is,almacen@cevamiberica.com) OR (from,contains,@cevamiberica.com) OR (from,ends with,@cevam.com)",5,all addresses;from,contains;ends with;is
C:\Users\gines\AppData\Roaming\Thunderbird\Profiles\i2blparj.default\Mail\pop.serviciodecorreo-1.es\msgFilterRules.dat,Mail/pop.serviciodecorreo-1.es,Remitente termina con: @solaufil.com,yes,17,Move to folder,MECAFILTER,"AND (from,ends with,@solaufil.com)",1,from,ends with
C:\Users\gines\AppData\Roaming\Thunderbird\Profiles\i2blparj.default\Mail\pop.serviciodecorreo-1.es\msgFilterRules.dat,Mail/pop.serviciodecorreo-1.es,Remitente es: pmancebo@gira.net,yes,17,Move to folder,GIRA,"AND (from,is,pmancebo@gira.net)",1,from,is
C:\Users\gines\AppData\Roaming\Thunderbird\Profiles\i2blparj.default\Mail\pop.serviciodecorreo-1.es\msgFilterRules.dat,Mail/pop.serviciodecorreo-1.es,Remitente es: vs-madrid-pedidos@valeo.com,yes,17,Move to folder,VALEO,"AND (from,is,vs-madrid-pedidos@valeo.com)",1,from,is
C:\Users\gines\AppData\Roaming\Thunderbird\Profiles\i2blparj.default\Mail\pop.serviciodecorreo-1.es\msgFilterRules.dat,Mail/pop.serviciodecorreo-1.es,borg & beck,yes,337,Move to folder,BB - BORG & BECK(2),"AND (from,ends with,@borgandbeck.com)",1,from,ends with
C:\Users\gines\AppData\Roaming\Thunderbird\Profiles\i2blparj.default\Mail\pop.serviciodecorreo-1.es\msgFilterRules.dat,Mail/pop.serviciodecorreo-1.es,estanfi,yes,337,Move to folder,ESTANFI,"AND (from,is,admin02@estanfi.com)",1,from,is
C:\Users\gines\AppData\Roaming\Thunderbird\Profiles\i2blparj.default\Mail\pop.serviciodecorreo-1.es\msgFilterRules.dat,Mail/pop.serviciodecorreo-1.es,Remitente termina con: @filtroscartes.net,yes,337,Move to folder,FILTROS CARTES,"AND (from,ends with,@filtroscartes.net)",1,from,ends with
C:\Users\gines\AppData\Roaming\Thunderbird\Profiles\i2blparj.default\Mail\pop.serviciodecorreo-1.es\msgFilterRules.dat,Mail/pop.serviciodecorreo-1.es,Remitente termina con: @esneagri.com,yes,337,Move to folder,ESNEAGRI,"AND (from,ends with,@esneagri.com)",1,from,ends with
C:\Users\gines\AppData\Roaming\Thunderbird\Profiles\i2blparj.default\Mail\pop.serviciodecorreo-1.es\msgFilterRules.dat,Mail/pop.serviciodecorreo-1.es,nertor,yes,337,Move to folder,NER-TOR,"AND (from,ends with,@nertor.com)",1,from,ends with
C:\Users\gines\AppData\Roaming\Thunderbird\Profiles\i2blparj.default\Mail\pop.serviciodecorreo-1.es\msgFilterRules.dat,Mail/pop.serviciodecorreo-1.es,Remitente es: pedidos@fmg-eu.com,yes,337,Move to folder,RH,"AND (from,is,pedidos@fmg-eu.com)",1,from,is
C:\Users\gines\AppData\Roaming\Thunderbird\Profiles\i2blparj.default\Mail\pop.serviciodecorreo-1.es\msgFilterRules.dat,Mail/pop.serviciodecorreo-1.es,Remitente es: mbernal@azurglobal.es,yes,337,Move to folder,AZUR GLOBAL,"AND (from,is,mbernal@azurglobal.es)",1,from,is
C:\Users\gines\AppData\Roaming\Thunderbird\Profiles\i2blparj.default\Mail\pop.serviciodecorreo-1.es\msgFilterRules.dat,Mail/pop.serviciodecorreo-1.es,Remitente es: spain@nrf.eu,yes,337,Move to folder,NRF,"AND (from,is,spain@nrf.eu)",1,from,is
C:\Users\gines\AppData\Roaming\Thunderbird\Profiles\i2blparj.default\Mail\pop.serviciodecorreo-1.es\msgFilterRules.dat,Mail/pop.serviciodecorreo-1.es,DAISA,yes,337,Move to folder,DAISA - VARTA,"AND (from,ends with,@daisa.es)",1,from,ends with
C:\Users\gines\AppData\Roaming\Thunderbird\Profiles\i2blparj.default\Mail\pop.serviciodecorreo-1.es\msgFilterRules.dat,Mail/pop.serviciodecorreo-1.es,FEBEST,yes,337,Move to folder,FEBEST - RUMBO NORTE,"AND (from,ends with,@rumbonorterecambios.com)",1,from,ends with
C:\Users\gines\AppData\Roaming\Thunderbird\Profiles\i2blparj.default\Mail\pop.serviciodecorreo-1.es\msgFilterRules.dat,Mail/pop.serviciodecorreo-1.es,CHEMA,yes,321,Move to folder,CHEMA NEUMATICOS,"AND (from,contains,@gruposalasaguila.es)",1,from,contains
C:\Users\gines\AppData\Roaming\Thunderbird\Profiles\i2blparj.default\Mail\pop.serviciodecorreo-1.es\msgFilterRules.dat,Mail/pop.serviciodecorreo-1.es,ARVERA,yes,337,Move to folder,ARVERA12ef9588,"OR (from,is,antonioarvera@serca.es) OR (from,is,joseagr80@gmail.com) OR (from,is,castellano@serca.es) OR (from,is,jantonioarvera@serca.es) OR (from,is,cayuela@serca.es)",5,from,is
C:\Users\gines\AppData\Roaming\Thunderbird\Profiles\i2blparj.default\Mail\pop.serviciodecorreo-1.es\msgFilterRules.dat,Mail/pop.serviciodecorreo-1.es,EXIDE,yes,321,Move to folder,EXIDE,"AND (from,contains,@exidegroup.com)",1,from,contains
C:\Users\gines\AppData\Roaming\Thunderbird\Profiles\i2blparj.default\Mail\pop.serviciodecorreo-1.es\msgFilterRules.dat,Mail/pop.serviciodecorreo-1.es,Remitente es: @dapeugeot.net,yes,273,Move to folder,DAMIAN GOMEZ,"OR (from,is,@dapeugeot.net)",1,from,is
C:\Users\gines\AppData\Roaming\Thunderbird\Profiles\i2blparj.default\Mail\pop.serviciodecorreo-1.es\msgFilterRules.dat,Mail/pop.serviciodecorreo-1.es,Remitente termina con: @dontyre.com,yes,273,Move to folder,DONTYRE,"AND (from,ends with,@dontyre.com)",1,from,ends with
C:\Users\gines\AppData\Roaming\Thunderbird\Profiles\i2blparj.default\Mail\pop.serviciodecorreo-1.es\msgFilterRules.dat,Mail/pop.serviciodecorreo-1.es,Remitente termina con: @tecnotyres.com,yes,273,Move to folder,TECNOTYRES,"AND (from,ends with,@tecnotyres.com)",1,from,ends with
C:\Users\gines\AppData\Roaming\Thunderbird\Profiles\i2blparj.default\Mail\pop.serviciodecorreo-1.es\msgFilterRules.dat,Mail/pop.serviciodecorreo-1.es,Remitente es: efactura@aftgrupo.com,yes,17,Move to folder,AFT FERRETERIA,"OR (from,is,efactura@aftgrupo.com) OR (from,ends with,@aftgrupo.com)",2,from,ends with;is
C:\Users\gines\AppData\Roaming\Thunderbird\Profiles\i2blparj.default\Mail\pop.serviciodecorreo-1.es\msgFilterRules.dat,Mail/pop.serviciodecorreo-1.es,Remitente es: avisos@jbmcamp.com,yes,17,Move to folder,JBM,"AND (from,is,avisos@jbmcamp.com)",1,from,is
C:\Users\gines\AppData\Roaming\Thunderbird\Profiles\i2blparj.default\Mail\pop.serviciodecorreo-1.es\msgFilterRules.dat,Mail/pop.serviciodecorreo-1.es,Asunto es: noreply@facebookmail.com,yes,273,Delete,,"AND (subject,is,noreply@facebookmail.com)",1,subject,is
C:\Users\gines\AppData\Roaming\Thunderbird\Profiles\i2blparj.default\Mail\pop.serviciodecorreo-1.es\msgFilterRules.dat,Mail/pop.serviciodecorreo-1.es,Remitente termina con: @equipataller.com,yes,273,Move to folder,EQUIPATALLER,"OR (from,ends with,@equipataller.com)",1,from,ends with
C:\Users\gines\AppData\Roaming\Thunderbird\Profiles\i2blparj.default\Mail\pop.serviciodecorreo-1.es\msgFilterRules.dat,Mail/pop.serviciodecorreo-1.es,Remitente es: facturacion@sesise.com,yes,17,Move to folder,SESISE,"AND (from,is,facturacion@sesise.com)",1,from,is
C:\Users\gines\AppData\Roaming\Thunderbird\Profiles\i2blparj.default\Mail\pop.serviciodecorreo-1.es\msgFilterRules.dat,Mail/pop.serviciodecorreo-1.es,Remitente es: info@gettygo.es,yes,273,Move to folder,GETTYGO,"AND (from,is,info@gettygo.es)",1,from,is
C:\Users\gines\AppData\Roaming\Thunderbird\Profiles\i2blparj.default\Mail\pop.serviciodecorreo-1.es\msgFilterRules.dat,Mail/pop.serviciodecorreo-1.es,Remitente termina con: @recambiofacil.com,yes,273,Move to folder,RECAMBIO FACIL,"AND (from,ends with,@recambiofacil.com)",1,from,ends with
C:\Users\gines\AppData\Roaming\Thunderbird\Profiles\i2blparj.default\Mail\pop.serviciodecorreo-1.es\msgFilterRules.dat,Mail/pop.serviciodecorreo-1.es,Remitente termina con: @NGKNTK.DE,yes,273,Move to folder,NGK,"AND (from,ends with,@NGKNTK.DE)",1,from,ends with
C:\Users\gines\AppData\Roaming\Thunderbird\Profiles\i2blparj.default\Mail\pop.serviciodecorreo-1.es\msgFilterRules.dat,Mail/pop.serviciodecorreo-1.es,Remitente termina con: 0@conti.de,yes,273,Move to folder,CONTINENTAL TYRES,"AND (from,ends with,0@conti.de)",1,from,ends with
C:\Users\gines\AppData\Roaming\Thunderbird\Profiles\i2blparj.default\Mail\pop.serviciodecorreo-1.es\msgFilterRules.dat,Mail/pop.serviciodecorreo-1.es,Remitente termina con: @ddol.eu,yes,273,Move to folder,DELDO,"OR (from,ends with,@ddol.eu)",1,from,ends with
C:\Users\gines\AppData\Roaming\Thunderbird\Profiles\i2blparj.default\Mail\pop.serviciodecorreo-1.es\msgFilterRules.dat,Mail/pop.serviciodecorreo-1.es,Remitente termina con: @fenieenergia.es,yes,17,Move to folder,FENIE ENERGIA,"OR (from,ends with,@fenieenergia.es)",1,from,ends with
C:\Users\gines\AppData\Roaming\Thunderbird\Profiles\i2blparj.default\Mail\pop.serviciodecorreo-1.es\msgFilterRules.dat,Mail/pop.serviciodecorreo-1.es,Asunto contiene: Confirmacion del pedido,yes,17,Mark read,,"OR (subject,contains,Confirmacion del pedido)",1,subject,contains
C:\Users\gines\AppData\Roaming\Thunderbird\Profiles\i2blparj.default\Mail\pop.serviciodecorreo-1.es\msgFilterRules.dat,Mail/pop.serviciodecorreo-1.es,Remitente termina con: @phira.es,yes,273,Move to folder,PHIRA,"AND (from,ends with,@phira.es)",1,from,ends with
C:\Users\gines\AppData\Roaming\Thunderbird\Profiles\i2blparj.default\Mail\pop.serviciodecorreo-1.es\msgFilterRules.dat,Mail/pop.serviciodecorreo-1.es,Remitente es: administracion@amadini.net,yes,273,Move to folder,AMADINI,"OR (from,is,administracion@amadini.net) OR (from,ends with,@amadini.net)",2,from,ends with;is
C:\Users\gines\AppData\Roaming\Thunderbird\Profiles\i2blparj.default\Mail\pop.serviciodecorreo-1.es\msgFilterRules.dat,Mail/pop.serviciodecorreo-1.es,Remitente es: factura@logistica.com,yes,273,Move to folder,LOGISTICA,"OR (from,is,factura@logistica.com) OR (from,ends with,@logistica.com)",2,from,ends with;is
C:\Users\gines\AppData\Roaming\Thunderbird\Profiles\i2blparj.default\Mail\pop.serviciodecorreo-1.es\msgFilterRules.dat,Mail/pop.serviciodecorreo-1.es,Remitente es: noresponder@inter-matic.com,yes,273,Move to folder,ASYSUM,"OR (from,is,noresponder@inter-matic.com) OR (from,ends with,@inter-matic.com)",2,from,ends with;is
C:\Users\gines\AppData\Roaming\Thunderbird\Profiles\i2blparj.default\Mail\pop.serviciodecorreo-1.es\msgFilterRules.dat,Mail/pop.serviciodecorreo-1.es,Remitente termina con: nex.com,yes,273,Move to folder,NEX TYRES,"OR (from,ends with,nex.com)",1,from,ends with
C:\Users\gines\AppData\Roaming\Thunderbird\Profiles\i2blparj.default\Mail\pop.serviciodecorreo-1.es\msgFilterRules.dat,Mail/pop.serviciodecorreo-1.es,Remitente es: noreply@turbosbcn.es,yes,273,Move to folder,TURBOS BCN,"OR (from,is,noreply@turbosbcn.es) OR (from,ends with,@turbosbcn.es)",2,from,ends with;is
C:\Users\gines\AppData\Roaming\Thunderbird\Profiles\i2blparj.default\Mail\pop.serviciodecorreo-1.es\msgFilterRules.dat,Mail/pop.serviciodecorreo-1.es,Remitente es: noreply@gruposyrsa.com,yes,273,Move to folder,SYRSA,"OR (from,is,noreply@gruposyrsa.com) OR (from,ends with,@gruposyrsa.com) OR (from,contains,syrsa)",3,from,contains;ends with;is
C:\Users\gines\AppData\Roaming\Thunderbird\Profiles\i2blparj.default\Mail\pop.serviciodecorreo-1.es\msgFilterRules.dat,Mail/pop.serviciodecorreo-1.es,Remitente es: aplicacion@cooper2010.es,yes,273,Move to folder,REPUESTOS COOPER,"OR (from,is,aplicacion@cooper2010.es) OR (from,ends with,@cooper2010.es)",2,from,ends with;is
C:\Users\gines\AppData\Roaming\Thunderbird\Profiles\i2blparj.default\Mail\pop.serviciodecorreo-1.es\msgFilterRules.dat,Mail/pop.serviciodecorreo-1.es,Remitente es: postmaster@imasaf.eu,yes,17,Move to folder,IMASAF PRO,"OR (from,is,postmaster@imasaf.eu) OR (from,ends with,@imasaf.eu)",2,from,ends with;is
C:\Users\gines\AppData\Roaming\Thunderbird\Profiles\i2blparj.default\Mail\pop.serviciodecorreo-1.es\msgFilterRules.dat,Mail/pop.serviciodecorreo-1.es,Remitente es: ewaldner@airtopitalia.eu,yes,273,Move to folder,AIRTOP ITALIA,"OR (from,is,ewaldner@airtopitalia.eu) OR (from,ends with,@airtopitalia.eu)",2,from,ends with;is
C:\Users\gines\AppData\Roaming\Thunderbird\Profiles\i2blparj.default\Mail\pop.serviciodecorreo-1.es\msgFilterRules.dat,Mail/pop.serviciodecorreo-1.es,Remitente es: clientes@reynasa.com,yes,273,Move to folder,REYNASA,"OR (from,is,clientes@reynasa.com) OR (from,ends with,@reynasa.com)",2,from,ends with;is
C:\Users\gines\AppData\Roaming\Thunderbird\Profiles\i2blparj.default\Mail\pop.serviciodecorreo-1.es\msgFilterRules.dat,Mail/pop.serviciodecorreo-1.es,admin@arvera.es Â» Bandeja de entrada,yes,273,Move to folder,FILTROS CARTES,"OR (from,contains,facturacion@grupocartes.es) OR (to,contains,facturacion@grupocartes.es)",2,from;to,contains
C:\Users\gines\AppData\Roaming\Thunderbird\Profiles\i2blparj.default\Mail\pop.serviciodecorreo-1.es\msgFilterRules.dat,Mail/pop.serviciodecorreo-1.es,Asunto contiene: noreply@Invoice.tecalliance.net,yes,17,Move to folder,LUK,"AND (subject,contains,\"" Schaeffler Automotive Aftermarket\"")",1,subject,contains
C:\Users\gines\AppData\Roaming\Thunderbird\Profiles\i2blparj.default\Mail\pop.serviciodecorreo-1.es\msgFilterRules.dat,Mail/pop.serviciodecorreo-1.es,Remitente termina con: @skrit.es,yes,273,Move to folder,SKRIT INFORMATICA,"OR (from,ends with,@skrit.es)",1,from,ends with
C:\Users\gines\AppData\Roaming\Thunderbird\Profiles\i2blparj.default\Mail\pop.serviciodecorreo-1.es\msgFilterRules.dat,Mail/pop.serviciodecorreo-1.es,Remitente contiene: joaquin.carretero@rema-tiptop.es,yes,273,Move to folder,TIP-TOP,"OR (from,contains,joaquin.carretero@rema-tiptop.es) OR (from,ends with,@rema-tiptop.es)",2,from,contains;ends with
C:\Users\gines\AppData\Roaming\Thunderbird\Profiles\i2blparj.default\Mail\pop.serviciodecorreo-1.es\msgFilterRules.dat,Mail/pop.serviciodecorreo-1.es,Remitente es: facturacion@ascauto.com,yes,273,Move to folder,ASCAUTO,"AND (from,is,facturacion@ascauto.com)",1,from,is
C:\Users\gines\AppData\Roaming\Thunderbird\Profiles\i2blparj.default\Mail\pop.serviciodecorreo-1.es\msgFilterRules.dat,Mail/pop.serviciodecorreo-1.es,Remitente es: docs-faib@frigair.com,yes,273,Move to folder,FRIG AIR,"AND (from,is,docs-faib@frigair.com)",1,from,is
C:\Users\gines\AppData\Roaming\Thunderbird\Profiles\i2blparj.default\Mail\pop.serviciodecorreo-1.es\msgFilterRules.dat,Mail/pop.serviciodecorreo-1.es,Remitente es: administracion@automecanicaalmanzora.com,yes,273,Move to folder,AUTOMECANICA ALMANZORA,"AND (from,is,administracion@automecanicaalmanzora.com)",1,from,is
C:\Users\gines\AppData\Roaming\Thunderbird\Profiles\i2blparj.default\Mail\pop.serviciodecorreo-1.es\msgFilterRules.dat,Mail/pop.serviciodecorreo-1.es,Remitente es: postventa01@estanfi.com,yes,273,Move to folder,ESTANFI,"AND (from,ends with,@estanfi.com)",1,from,ends with
C:\Users\gines\AppData\Roaming\Thunderbird\Profiles\i2blparj.default\Mail\pop.serviciodecorreo-1.es\msgFilterRules.dat,Mail/pop.serviciodecorreo-1.es,BUZON DE ENTRADA Â» EUROMAQUINARIAS HISPANIDAD,yes,273,Move to folder,EUROMAQUINARIAS HISPANIDAD,"OR (from,contains,jm01@euromaquinas.com) OR (to,contains,jm01@euromaquinas.com)",2,from;to,contains
C:\Users\gines\AppData\Roaming\Thunderbird\Profiles\i2blparj.default\Mail\pop.serviciodecorreo-1.es\msgFilterRules.dat,Mail/pop.serviciodecorreo-1.es,Remitente contiene: @tecnodieselmurcia.com,yes,273,Move to folder,TECNODIESEL,"AND (from,contains,@tecnodieselmurcia.com)",1,from,contains
C:\Users\gines\AppData\Roaming\Thunderbird\Profiles\i2blparj.default\Mail\pop.serviciodecorreo-1.es\msgFilterRules.dat,Mail/pop.serviciodecorreo-1.es,Remitente contiene: rsenosiain@lizarte.com,yes,17,Move to folder,LIZARTE,"AND (from,contains,@lizarte.com)",1,from,contains
C:\Users\gines\AppData\Roaming\Thunderbird\Profiles\i2blparj.default\Mail\pop.serviciodecorreo-1.es\msgFilterRules.dat,Mail/pop.serviciodecorreo-1.es,Remitente termina con: @rodamientos.net,yes,273,Move to folder,ROYSE,"AND (from,ends with,@rodamientos.net)",1,from,ends with
C:\Users\gines\AppData\Roaming\Thunderbird\Profiles\i2blparj.default\Mail\pop.serviciodecorreo-1.es\msgFilterRules.dat,Mail/pop.serviciodecorreo-1.es,Asunto contiene: Logiscenter,yes,273,Move to folder,LOGISCENTER,"AND (subject,contains,Logiscenter)",1,subject,contains
C:\Users\gines\AppData\Roaming\Thunderbird\Profiles\i2blparj.default\Mail\pop.serviciodecorreo-1.es\msgFilterRules.dat,Mail/pop.serviciodecorreo-1.es,Remitente es: plataformadanielvicente@gmail.com,yes,17,Move to folder,DANIEL VICENTE,"AND (from,is,plataformadanielvicente@gmail.com)",1,from,is
C:\Users\gines\AppData\Roaming\Thunderbird\Profiles\i2blparj.default\Mail\pop.serviciodecorreo-1.es\msgFilterRules.dat,Mail/pop.serviciodecorreo-1.es,Remitente contiene: @es.rheinmetall.com,yes,273,Move to folder,MS MOTORSERVICE,"AND (from,contains,@es.rheinmetall.com)",1,from,contains
C:\Users\gines\AppData\Roaming\Thunderbird\Profiles\i2blparj.default\Mail\pop.serviciodecorreo-1.es\msgFilterRules.dat,Mail/pop.serviciodecorreo-1.es,Remitente termina con: @rhernandez.com,yes,17,Move to folder,REPRESENTACIONES HERNANDEZ,"AND (from,ends with,@rhernandez.com)",1,from,ends with
C:\Users\gines\AppData\Roaming\Thunderbird\Profiles\i2blparj.default\Mail\pop.serviciodecorreo-1.es\msgFilterRules.dat,Mail/pop.serviciodecorreo-1.es,Remitente contiene: COFAN,yes,17,Move to folder,COFAN,"AND (from,contains,COFAN)",1,from,contains
C:\Users\gines\AppData\Roaming\Thunderbird\Profiles\i2blparj.default\Mail\pop.serviciodecorreo-1.es\msgFilterRules.dat,Mail/pop.serviciodecorreo-1.es,Remitente termina con: @victyres.es,yes,273,Move to folder,VICTYRES,"AND (from,ends with,@victyres.es)",1,from,ends with
C:\Users\gines\AppData\Roaming\Thunderbird\Profiles\i2blparj.default\Mail\pop.serviciodecorreo-1.es\msgFilterRules.dat,Mail/pop.serviciodecorreo-1.es,Remitente termina con: @metalcaucho.com,yes,273,Move to folder,METALCAUCHO,"AND (from,ends with,@metalcaucho.com)",1,from,ends with
C:\Users\gines\AppData\Roaming\Thunderbird\Profiles\i2blparj.default\Mail\pop.serviciodecorreo-1.es\msgFilterRules.dat,Mail/pop.serviciodecorreo-1.es,Remitente contiene: info@grupoveraimport.es,yes,273,Move to folder,VERA IMPORT,"OR (from,contains,info@grupoveraimport.es)",1,from,contains
C:\Users\gines\AppData\Roaming\Thunderbird\Profiles\i2blparj.default\Mail\pop.serviciodecorreo-1.es\msgFilterRules.dat,Mail/pop.serviciodecorreo-1.es,Remitente es: comercial@snaeurope.com,yes,17,Move to folder,SNA EUROPE,"OR (from,is,comercial@snaeurope.com)",1,from,is
C:\Users\gines\AppData\Roaming\Thunderbird\Profiles\i2blparj.default\Mail\pop.serviciodecorreo-1.es\msgFilterRules.dat,Mail/pop.serviciodecorreo-1.es,Remitente termina con: @medinabi.es,yes,337,Move to folder,ITAL RECAMBIOS,"OR (from,is,medinabi@medinabi.es)",1,from,is
C:\Users\gines\AppData\Roaming\Thunderbird\Profiles\i2blparj.default\Mail\pop.serviciodecorreo-1.es\msgFilterRules.dat,Mail/pop.serviciodecorreo-1.es,Remitente termina con: @gruposaveres.com,yes,337,Move to folder,SAVERES,"OR (from,ends with,@gruposaveres.com)",1,from,ends with
C:\Users\gines\AppData\Roaming\Thunderbird\Profiles\i2blparj.default\Mail\pop.serviciodecorreo-1.es\msgFilterRules.dat,Mail/pop.serviciodecorreo-1.es,Remitente termina con: @comlineiberica.com,yes,401,Delete,,"AND (from,ends with,@comlineiberica.com)",1,from,ends with
C:\Users\gines\AppData\Roaming\Thunderbird\Profiles\i2blparj.default\Mail\pop.serviciodecorreo-1.es\msgFilterRules.dat,Mail/pop.serviciodecorreo-1.es,TALOSA,yes,337,Move to folder,TALOSA,"AND (from,ends with,@talosa.com)",1,from,ends with
C:\Users\gines\AppData\Roaming\Thunderbird\Profiles\i2blparj.default\Mail\pop.serviciodecorreo-1.es\msgFilterRules.dat,Mail/pop.serviciodecorreo-1.es,Remitente es: remanmotorparts@gmail.com,yes,273,Move to folder,REMAN MOTOR,"AND (from,is,remanmotorparts@gmail.com)",1,from,is
C:\Users\gines\AppData\Roaming\Thunderbird\Profiles\i2blparj.default\Mail\pop.serviciodecorreo-1.es\msgFilterRules.dat,Mail/pop.serviciodecorreo-1.es,Remitente es: facturacion@jumasa.es,yes,17,Move to folder,JUMASA,"OR (from,is,facturacion@jumasa.es) OR (from,ends with,@jumasa.es)",2,from,ends with;is
C:\Users\gines\AppData\Roaming\Thunderbird\Profiles\i2blparj.default\Mail\pop.serviciodecorreo-1.es\msgFilterRules.dat,Mail/pop.serviciodecorreo-1.es,Remitente termina con: @autocristalsevilla.com,yes,17,Move to folder,AUTOCRISTAL SEVILLA,"AND (from,ends with,@autocristalsevilla.com)",1,from,ends with
C:\Users\gines\AppData\Roaming\Thunderbird\Profiles\i2blparj.default\Mail\pop.serviciodecorreo-1.es\msgFilterRules.dat,Mail/pop.serviciodecorreo-1.es,Remitente termina con: @pool-line.com.es,yes,17,Move to folder,POOL LINE,"AND (from,ends with,@pool-line.com.es)",1,from,ends with
C:\Users\gines\AppData\Roaming\Thunderbird\Profiles\i2blparj.default\Mail\pop.serviciodecorreo-1.es\msgFilterRules.dat,Mail/pop.serviciodecorreo-1.es,Remitente termina con: @azurglobal.es,yes,17,Move to folder,AZUR GLOBAL,"AND (from,ends with,@azurglobal.es)",1,from,ends with
C:\Users\gines\AppData\Roaming\Thunderbird\Profiles\i2blparj.default\Mail\pop.serviciodecorreo-1.es\msgFilterRules.dat,Mail/pop.serviciodecorreo-1.es,Remitente es: dani.vicente@meat-doria.es,yes,17,Move to folder,MEAT-DORIA,"OR (from,is,dani.vicente@meat-doria.es) OR (from,ends with,@meat-doria.es)",2,from,ends with;is
C:\Users\gines\AppData\Roaming\Thunderbird\Profiles\i2blparj.default\Mail\pop.serviciodecorreo-1.es\msgFilterRules.dat,Mail/pop.serviciodecorreo-1.es,Remitente es: soporte@sesametime.com,yes,17,Move to folder,SESAME,"OR (from,is,soporte@sesametime.com) OR (from,ends with,@sesametime.com) OR (from,ends with,@sesamehr.com) OR (from,ends with,support@sesametime.com.hs-inbox.com) OR (from,contains,sesame)",5,from,contains;ends with;is
C:\Users\gines\AppData\Roaming\Thunderbird\Profiles\i2blparj.default\Mail\pop.serviciodecorreo-1.es\msgFilterRules.dat,Mail/pop.serviciodecorreo-1.es,Remitente es: kike@multirecambioshm.com,yes,17,Move to folder,MULTIRECAMBIOS HM,"OR (from,is,kike@multirecambioshm.com) OR (from,ends with,@multirecambioshm.com)",2,from,ends with;is
C:\Users\gines\AppData\Roaming\Thunderbird\Profiles\i2blparj.default\Mail\pop.serviciodecorreo-1.es\msgFilterRules.dat,Mail/pop.serviciodecorreo-1.es,Remitente es: SGonzalez@solaufil.com,yes,17,Move to folder,MECAFILTER,"OR (from,is,SGonzalez@solaufil.com) OR (from,is,contact@mecafilter-info.com) OR (from,ends with,@mecafilter-info.com)",3,from,ends with;is
C:\Users\gines\AppData\Roaming\Thunderbird\Profiles\i2blparj.default\Mail\pop.serviciodecorreo-1.es\msgFilterRules.dat,Mail/pop.serviciodecorreo-1.es,Remitente es: invoices@frigair-iberia.com,yes,17,Move to folder,FRIG AIR,"OR (from,is,invoices@frigair-iberia.com) OR (from,ends with,@frigair-iberia.com)",2,from,ends with;is
C:\Users\gines\AppData\Roaming\Thunderbird\Profiles\i2blparj.default\Mail\pop.serviciodecorreo-1.es\msgFilterRules.dat,Mail/pop.serviciodecorreo-1.es,Remitente termina con: sjurado@absoal.com,yes,17,Move to folder,ABSOAL,"AND (from,ends with,sjurado@absoal.com)",1,from,ends with
C:\Users\gines\AppData\Roaming\Thunderbird\Profiles\i2blparj.default\Mail\pop.serviciodecorreo-1.es\msgFilterRules.dat,Mail/pop.serviciodecorreo-1.es,Remitente es: ignacio.gutierrez@exidegroup.com,yes,17,Move to folder,EXIDE,"AND (from,is,ignacio.gutierrez@exidegroup.com)",1,from,is
C:\Users\gines\AppData\Roaming\Thunderbird\Profiles\i2blparj.default\Mail\pop.serviciodecorreo-1.es\msgFilterRules.dat,Mail/pop.serviciodecorreo-1.es,FARE,yes,337,Move to folder,FARE,"AND (from,ends with,@fare-auto.com)",1,from,ends with
C:\Users\gines\AppData\Roaming\Thunderbird\Profiles\i2blparj.default\Mail\pop.serviciodecorreo-1.es\msgFilterRules.dat,Mail/pop.serviciodecorreo-1.es,Remitente termina con: @ceapi.es,yes,337,Move to folder,CEAPI,"AND (from,ends with,@ceapi.es)",1,from,ends with
C:\Users\gines\AppData\Roaming\Thunderbird\Profiles\i2blparj.default\Mail\pop.serviciodecorreo-1.es\msgFilterRules.dat,Mail/pop.serviciodecorreo-1.es,ngl,yes,337,Move to folder,NGK,"AND (from,ends with,@ngk.es)",1,from,ends with
C:\Users\gines\AppData\Roaming\Thunderbird\Profiles\i2blparj.default\Mail\pop.serviciodecorreo-1.es\msgFilterRules.dat,Mail/pop.serviciodecorreo-1.es,Remitente termina con: @exclusivasbcn.com,yes,337,Move to folder,EXCLUSIVAS BCN,"AND (from,ends with,@exclusivasbcn.com)",1,from,ends with
C:\Users\gines\AppData\Roaming\Thunderbird\Profiles\i2blparj.default\Mail\pop.serviciodecorreo-1.es\msgFilterRules.dat,Mail/pop.serviciodecorreo-1.es,Remitente es: facturacion@filtroscartes.net,yes,337,Move to folder,FILTROS CARTES,"AND (from,is,facturacion@filtroscartes.net)",1,from,is
C:\Users\gines\AppData\Roaming\Thunderbird\Profiles\i2blparj.default\Mail\pop.serviciodecorreo-1.es\msgFilterRules.dat,Mail/pop.serviciodecorreo-1.es,Remitente termina con: @valeo.com,yes,337,Move to folder,VALEO,"AND (from,ends with,@valeo.com)",1,from,ends with
C:\Users\gines\AppData\Roaming\Thunderbird\Profiles\i2blparj.default\Mail\pop.serviciodecorreo-1.es\msgFilterRules.dat,Mail/pop.serviciodecorreo-1.es,hernandez,yes,17,Move to folder,REPRESENTACIONES HERNANDEZ,"AND (from,ends with,@rhernandez.com)",1,from,ends with
C:\Users\gines\AppData\Roaming\Thunderbird\Profiles\i2blparj.default\Mail\pop.serviciodecorreo-1.es\msgFilterRules.dat,Mail/pop.serviciodecorreo-1.es,SWAG,yes,17,Move to folder,BLISTEIN - SWAG,"AND (from,ends with,@bilsteingroup.com)",1,from,ends with
C:\Users\gines\AppData\Roaming\Thunderbird\Profiles\i2blparj.default\Mail\pop.serviciodecorreo-1.es\msgFilterRules.dat,Mail/pop.serviciodecorreo-1.es,Remitente termina con: @michelin.com,yes,337,Move to folder,MICHELIN,"AND (from,ends with,@michelin.com)",1,from,ends with
C:\Users\gines\AppData\Roaming\Thunderbird\Profiles\i2blparj.default\Mail\pop.serviciodecorreo-1.es\msgFilterRules.dat,Mail/pop.serviciodecorreo-1.es,SASH,yes,337,Move to folder,SASH51a13cd2,"AND (from,ends with,@lubricantes-sash.com)",1,from,ends with
C:\Users\gines\AppData\Roaming\Thunderbird\Profiles\i2blparj.default\Mail\pop.serviciodecorreo-1.es\msgFilterRules.dat,Mail/pop.serviciodecorreo-1.es,BRIDGE,yes,337,Move to folder,BRIDGESTONE,"OR (from,is,BridgestoneAttCliente@bridgestone.eu) OR (from,is,info.facturas@bridgestone.eu)",2,from,is
C:\Users\gines\AppData\Roaming\Thunderbird\Profiles\i2blparj.default\Mail\pop.serviciodecorreo-1.es\msgFilterRules.dat,Mail/pop.serviciodecorreo-1.es,CECAUTO,yes,337,Move to folder,CECAUTO,"AND (from,ends with,@cecauto.com)",1,from,ends with
C:\Users\gines\AppData\Roaming\Thunderbird\Profiles\i2blparj.default\Mail\pop.serviciodecorreo-1.es\msgFilterRules.dat,Mail/pop.serviciodecorreo-1.es,MKD,yes,337,Move to folder,MKD RECAMBIOS,"OR (from,ends with,@mkdrecambios.com) OR (from,ends with,@mkdautomotive.com) OR (from,ends with,@grupomobius.com)",3,from,ends with
C:\Users\gines\AppData\Roaming\Thunderbird\Profiles\i2blparj.default\Mail\pop.serviciodecorreo-1.es\msgFilterRules.dat,Mail/pop.serviciodecorreo-1.es,NERTOR,yes,337,Move to folder,NER-TOR,"AND (from,ends with,@nertor.com)",1,from,ends with
C:\Users\gines\AppData\Roaming\Thunderbird\Profiles\i2blparj.default\Mail\pop.serviciodecorreo-1.es\msgFilterRules.dat,Mail/pop.serviciodecorreo-1.es,CRUZBER,yes,337,Move to folder,CRUZBER,"AND (from,ends with,@cruzber.com)",1,from,ends with
C:\Users\gines\AppData\Roaming\Thunderbird\Profiles\i2blparj.default\Mail\pop.serviciodecorreo-1.es\msgFilterRules.dat,Mail/pop.serviciodecorreo-1.es,CONTICORR,yes,337,Move to folder,CONTINENTAL CORREAS,"OR (from,ends with,@france.contitech.de) OR (from,ends with,@contitech.es)",2,from,ends with
C:\Users\gines\AppData\Roaming\Thunderbird\Profiles\i2blparj.default\Mail\pop.serviciodecorreo-1.es\msgFilterRules.dat,Mail/pop.serviciodecorreo-1.es,PEMEBLA,yes,337,Move to folder,PEMEBLA,"AND (from,ends with,postventa@pemebla.com)",1,from,ends with
C:\Users\gines\AppData\Roaming\Thunderbird\Profiles\i2blparj.default\Mail\pop.serviciodecorreo-1.es\msgFilterRules.dat,Mail/pop.serviciodecorreo-1.es,IPARLUX,yes,17,Move to folder,IPARLUX,"AND (from,ends with,@iparlux.es)",1,from,ends with
C:\Users\gines\AppData\Roaming\Thunderbird\Profiles\i2blparj.default\Mail\pop.serviciodecorreo-1.es\msgFilterRules.dat,Mail/pop.serviciodecorreo-1.es,Remitente contiene: @quimicar.es,yes,273,Move to folder,QUIMICAR,"OR (from,contains,@quimicar.es)",1,from,contains
C:\Users\gines\AppData\Roaming\Thunderbird\Profiles\i2blparj.default\Mail\pop.serviciodecorreo-1.es\msgFilterRules.dat,Mail/pop.serviciodecorreo-1.es,TOP,yes,273,Move to folder,TOP RECAMBIOS,"OR (from,is,garantias@toprecambios.com) OR (from,ends with,@toprecambios.com)",2,from,ends with;is
C:\Users\gines\AppData\Roaming\Thunderbird\Profiles\i2blparj.default\Mail\pop.serviciodecorreo-1.es\msgFilterRules.dat,Mail/pop.serviciodecorreo-1.es,ALKAR,yes,337,Move to folder,ALKAR,"AND (from,contains,@alkar.es)",1,from,contains
C:\Users\gines\AppData\Roaming\Thunderbird\Profiles\i2blparj.default\Mail\pop.serviciodecorreo-1.es\msgFilterRules.dat,Mail/pop.serviciodecorreo-1.es,SERNE,yes,337,Move to folder,SERNESA,"OR (from,ends with,@sernesa.com)",1,from,ends with
C:\Users\gines\AppData\Roaming\Thunderbird\Profiles\i2blparj.default\Mail\pop.serviciodecorreo-1.es\msgFilterRules.dat,Mail/pop.serviciodecorreo-1.es,TECCOM,yes,17,Move to folder,TECCOM,"AND (from,is,info@info.tecalliance.net)",1,from,is
C:\Users\gines\AppData\Roaming\Thunderbird\Profiles\i2blparj.default\Mail\pop.serviciodecorreo-1.es\msgFilterRules.dat,Mail/pop.serviciodecorreo-1.es,OPTIMAL,yes,337,Move to folder,OPTIMAL,"AND (from,ends with,@optimal-spain.com)",1,from,ends with
C:\Users\gines\AppData\Roaming\Thunderbird\Profiles\i2blparj.default\Mail\pop.serviciodecorreo-1.es\msgFilterRules.dat,Mail/pop.serviciodecorreo-1.es,NRF,yes,337,Move to folder,NRF,"AND (from,ends with,@nrf.eu)",1,from,ends with
C:\Users\gines\AppData\Roaming\Thunderbird\Profiles\i2blparj.default\Mail\pop.serviciodecorreo-1.es\msgFilterRules.dat,Mail/pop.serviciodecorreo-1.es,ANDRES,yes,337,Move to folder,NEUMATICOS ANDRES,"OR (from,is,blascima@grupoandres.com) OR (from,contains,@grupoandres.com)",2,from,contains;is
C:\Users\gines\AppData\Roaming\Thunderbird\Profiles\i2blparj.default\Mail\pop.serviciodecorreo-1.es\msgFilterRules.dat,Mail/pop.serviciodecorreo-1.es,EACLIMA,yes,337,Move to folder,EACLIMA,"OR (from,is,m.gonzalez@teasa.net) OR (from,contains,Electro Auto) OR (from,ends with,@eaclima.es)",3,from,contains;ends with;is
C:\Users\gines\AppData\Roaming\Thunderbird\Profiles\i2blparj.default\Mail\pop.serviciodecorreo-1.es\msgFilterRules.dat,Mail/pop.serviciodecorreo-1.es,Remitente termina con: @fare-auto.com,yes,17,Move to folder,FARE,"AND (from,ends with,@fare-auto.com)",1,from,ends with
C:\Users\gines\AppData\Roaming\Thunderbird\Profiles\i2blparj.default\Mail\pop.serviciodecorreo-1.es\msgFilterRules.dat,Mail/pop.serviciodecorreo-1.es,Remitente termina con: @frigair-iberia.com,yes,17,Move to folder,FRIG AIR,"AND (from,ends with,@frigair-iberia.com)",1,from,ends with
C:\Users\gines\AppData\Roaming\Thunderbird\Profiles\i2blparj.default\Mail\pop.serviciodecorreo-1.es\msgFilterRules.dat,Mail/pop.serviciodecorreo-1.es,Remitente es: javireal@toprecambios.com,yes,17,Move to folder,TOP RECAMBIOS/INFORMATICA,"AND (from,is,javireal@toprecambios.com)",1,from,is
C:\Users\gines\AppData\Roaming\Thunderbird\Profiles\i2blparj.default\Mail\pop.serviciodecorreo-1.es\msgFilterRules.dat,Mail/pop.serviciodecorreo-1.es,Remitente termina con: @gira.net,yes,17,Move to folder,GIRA,"AND (from,ends with,@gira.net)",1,from,ends with
C:\Users\gines\AppData\Roaming\Thunderbird\Profiles\i2blparj.default\Mail\pop.serviciodecorreo-1.es\msgFilterRules.dat,Mail/pop.serviciodecorreo-1.es,Remitente termina con: @absoal.com,yes,17,Move to folder,ABSOAL,"AND (from,ends with,@absoal.com)",1,from,ends with
C:\Users\gines\AppData\Roaming\Thunderbird\Profiles\i2blparj.default\Mail\pop.serviciodecorreo-1.es\msgFilterRules.dat,Mail/pop.serviciodecorreo-1.es,Remitente es: joselopez.iveco@hotmail.com,yes,17,Move to folder,AUTOMECANICA ALBOX TURISMO,"AND (from,is,joselopez.iveco@hotmail.com)",1,from,is
C:\Users\gines\AppData\Roaming\Thunderbird\Profiles\i2blparj.default\Mail\pop.serviciodecorreo-1.es\msgFilterRules.dat,Mail/pop.serviciodecorreo-1.es,Remitente termina con: @rztools.com,yes,17,Move to folder,RZTOOLS,"AND (from,ends with,@rztools.com)",1,from,ends with
C:\Users\gines\AppData\Roaming\Thunderbird\Profiles\i2blparj.default\Mail\pop.serviciodecorreo-1.es\msgFilterRules.dat,Mail/pop.serviciodecorreo-1.es,Remitente es: cr@rodamientos.net,yes,17,Move to folder,ROYSE,"AND (from,is,cr@rodamientos.net)",1,from,is
C:\Users\gines\AppData\Roaming\Thunderbird\Profiles\i2blparj.default\Mail\pop.serviciodecorreo-1.es\msgFilterRules.dat,Mail/pop.serviciodecorreo-1.es,Remitente termina con: @sesametime.com,yes,17,Move to folder,SESAME,"AND (from,ends with,@sesametime.com)",1,from,ends with
C:\Users\gines\AppData\Roaming\Thunderbird\Profiles\i2blparj.default\Mail\pop.serviciodecorreo-1.es\msgFilterRules.dat,Mail/pop.serviciodecorreo-1.es,Remitente es: mariano@exclusivasbcn.com,yes,17,Move to folder,EXCLUSIVAS BCN,"AND (from,ends with,@exclusivasbcn.com)",1,from,ends with
C:\Users\gines\AppData\Roaming\Thunderbird\Profiles\i2blparj.default\Mail\pop.serviciodecorreo-1.es\msgFilterRules.dat,Mail/pop.serviciodecorreo-1.es,Remitente es: facturacion@grupoandres.com,yes,17,Move to folder,NEUMATICOS ANDRES,"AND (from,is,facturacion@grupoandres.com)",1,from,is
C:\Users\gines\AppData\Roaming\Thunderbird\Profiles\i2blparj.default\Mail\pop.serviciodecorreo-1.es\msgFilterRules.dat,Mail/pop.serviciodecorreo-1.es,Remitente es: ventas2@evergreen.com.es,yes,273,Move to folder,EVERGREEN,"OR (from,is,ventas2@evergreen.com.es) OR (from,is,documentos@evergreen.com.es)",2,from,is
C:\Users\gines\AppData\Roaming\Thunderbird\Profiles\i2blparj.default\Mail\pop.serviciodecorreo-1.es\msgFilterRules.dat,Mail/pop.serviciodecorreo-1.es,Remitente es: administracion@bilsteingroup.com,yes,337,Move to folder,BLISTEIN - SWAG,"OR (from,is,administracion@bilsteingroup.com) OR (from,ends with,@Bilsteingroup.com)",2,from,ends with;is
C:\Users\gines\AppData\Roaming\Thunderbird\Profiles\i2blparj.default\Mail\pop.serviciodecorreo-1.es\msgFilterRules.dat,Mail/pop.serviciodecorreo-1.es,Remitente es: info@frigair-iberia.com,yes,17,Move to folder,FRIG AIR,"OR (from,is,info@frigair-iberia.com) OR (from,is,invoices@frigair-iberia.com)",2,from,is
C:\Users\gines\AppData\Roaming\Thunderbird\Profiles\i2blparj.default\Mail\pop.serviciodecorreo-1.es\msgFilterRules.dat,Mail/pop.serviciodecorreo-1.es,Remitente es: saphelpdesk@driv.com,yes,17,Move to folder,FEDERAL MOGUL,"OR (from,is,saphelpdesk@driv.com) OR (from,ends with,@driv.com)",2,from,ends with;is
C:\Users\gines\AppData\Roaming\Thunderbird\Profiles\i2blparj.default\Mail\pop.serviciodecorreo-1.es\msgFilterRules.dat,Mail/pop.serviciodecorreo-1.es,Remitente es: info@suminesa.com,yes,17,Move to folder,SUMINESA,"AND (from,is,info@suminesa.com)",1,from,is
C:\Users\gines\AppData\Roaming\Thunderbird\Profiles\i2blparj.default\Mail\pop.serviciodecorreo-1.es\msgFilterRules.dat,Mail/pop.serviciodecorreo-1.es,Remitente es: manad@amolux.net,yes,17,Move to folder,AMOLUX - MANAD,"AND (from,is,manad@amolux.net)",1,from,is
C:\Users\gines\AppData\Roaming\Thunderbird\Profiles\i2blparj.default\Mail\pop.serviciodecorreo-1.es\msgFilterRules.dat,Mail/pop.serviciodecorreo-1.es,Remitente es: gines@jgpsl.com,yes,17,Move to folder,FERREVERA,"AND (from,is,gines@jgpsl.com)",1,from,is
C:\Users\gines\AppData\Roaming\Thunderbird\Profiles\i2blparj.default\Mail\pop.serviciodecorreo-1.es\msgFilterRules.dat,Mail/pop.serviciodecorreo-1.es,Remitente es: BCNEXPEDICIONES@FEYC.ES,yes,17,Move to folder,RODAMIENTOS FEYC,"AND (from,is,BCNEXPEDICIONES@FEYC.ES)",1,from,is
C:\Users\gines\AppData\Roaming\Thunderbird\Profiles\i2blparj.default\Mail\pop.serviciodecorreo-1.es\msgFilterRules.dat,Mail/pop.serviciodecorreo-1.es,Remitente es: nita@delinmitel.com,yes,17,Move to folder,DELINMITEL,"AND (from,is,nita@delinmitel.com)",1,from,is
C:\Users\gines\AppData\Roaming\Thunderbird\Profiles\i2blparj.default\Mail\pop.serviciodecorreo-1.es\msgFilterRules.dat,Mail/pop.serviciodecorreo-1.es,Remitente es: administracion@euromaquinas.com,yes,17,Move to folder,EUROMAQUINARIAS HISPANIDAD,"AND (from,is,administracion@euromaquinas.com)",1,from,is
C:\Users\gines\AppData\Roaming\Thunderbird\Profiles\i2blparj.default\Mail\pop.serviciodecorreo-1.es\msgFilterRules.dat,Mail/pop.serviciodecorreo-1.es,Remitente es: hogar1@poessa.com,yes,17,Move to folder,POESSA,"AND (from,is,hogar1@poessa.com)",1,from,is
C:\Users\gines\AppData\Roaming\Thunderbird\Profiles\i2blparj.default\Mail\pop.serviciodecorreo-1.es\msgFilterRules.dat,Mail/pop.serviciodecorreo-1.es,Remitente es: info@dogaparts.es,yes,17,Move to folder,DOGA,"OR (from,is,info@dogaparts.es) OR (from,ends with,@dogaparts.es)",2,from,ends with;is
C:\Users\gines\AppData\Roaming\Thunderbird\Profiles\i2blparj.default\Mail\pop.serviciodecorreo-1.es\msgFilterRules.dat,Mail/pop.serviciodecorreo-1.es,Remitente es: mecavera@mecavera.redpeugeot.com,yes,17,Move to folder,MECAVERA,"AND (from,is,mecavera@mecavera.redpeugeot.com)",1,from,is
C:\Users\gines\AppData\Roaming\Thunderbird\Profiles\i2blparj.default\Mail\pop.serviciodecorreo-1.es\msgFilterRules.dat,Mail/pop.serviciodecorreo-1.es,Remitente es: admon@carpriss.com,yes,17,Move to folder,CARPRISS,"OR (from,is,admon@carpriss.com) OR (from,ends with,@carpriss.com)",2,from,ends with;is
C:\Users\gines\AppData\Roaming\Thunderbird\Profiles\i2blparj.default\Mail\pop.serviciodecorreo-1.es\msgFilterRules.dat,Mail/pop.serviciodecorreo-1.es,Remitente es: facturacion@samoaindustrial.com,yes,17,Move to folder,SAMOA,"AND (from,is,facturacion@samoaindustrial.com)",1,from,is
C:\Users\gines\AppData\Roaming\Thunderbird\Profiles\i2blparj.default\Mail\pop.serviciodecorreo-1.es\msgFilterRules.dat,Mail/pop.serviciodecorreo-1.es,Remitente es: Administracion@multirecambioshm.com,yes,273,Move to folder,MULTIRECAMBIOS HM,"OR (from,is,Administracion@multirecambioshm.com) OR (from,ends with,@multirecambioshm.com)",2,from,ends with;is
C:\Users\gines\AppData\Roaming\Thunderbird\Profiles\i2blparj.default\Mail\pop.serviciodecorreo-1.es\msgFilterRules.dat,Mail/pop.serviciodecorreo-1.es,Remitente es: facturacion@recambiosasiaticos.com,yes,17,Move to folder,RECAMBIOS ASIATICOS,"OR (from,is,facturacion@recambiosasiaticos.com) OR (from,ends with,@recambiosasiaticos.com)",2,from,ends with;is
C:\Users\gines\AppData\Roaming\Thunderbird\Profiles\i2blparj.default\Mail\pop.serviciodecorreo-1.es\msgFilterRules.dat,Mail/pop.serviciodecorreo-1.es,Remitente es: administracion@febestiberica.com,yes,17,Move to folder,FEBEST - RUMBO NORTE,"AND (from,is,administracion@febestiberica.com)",1,from,is
C:\Users\gines\AppData\Roaming\Thunderbird\Profiles\i2blparj.default\Mail\pop.serviciodecorreo-1.es\msgFilterRules.dat,Mail/pop.serviciodecorreo-1.es,Remitente es: escribano@pinchazosvargas.com,yes,17,Move to folder,PINCHAZOS VARGAS,"AND (from,is,escribano@pinchazosvargas.com)",1,from,is
C:\Users\gines\AppData\Roaming\Thunderbird\Profiles\i2blparj.default\Mail\pop.serviciodecorreo-1.es\msgFilterRules.dat,Mail/pop.serviciodecorreo-1.es,Remitente es: autosys@henkel.com,yes,17,Move to folder,HENKEL,"OR (from,is,autosys@henkel.com) OR (from,ends with,@henkel.com)",2,from,ends with;is
C:\Users\gines\AppData\Roaming\Thunderbird\Profiles\i2blparj.default\Mail\pop.serviciodecorreo-1.es\msgFilterRules.dat,Mail/pop.serviciodecorreo-1.es,Remitente es: pedidos.tork@essity.com,yes,17,Move to folder,ESSITY - TORK,"AND (from,is,pedidos.tork@essity.com)",1,from,is
C:\Users\gines\AppData\Roaming\Thunderbird\Profiles\i2blparj.default\Mail\pop.serviciodecorreo-1.es\msgFilterRules.dat,Mail/pop.serviciodecorreo-1.es,COMPRAS VARIAS,yes,273,Move to folder,COMPRAS VARIAS,"OR (from,is,info@42kshop.com) OR (from,is,pedidos@pccomponentes.com) OR (from,is,noreply@pccomponentes.com) OR (from,ends with,@pccomponentes.com) OR (from,is,verametal2015@gmail.com) OR (subject,contains,PcComponentes)",6,from;subject,contains;ends with;is
C:\Users\gines\AppData\Roaming\Thunderbird\Profiles\i2blparj.default\Mail\pop.serviciodecorreo-1.es\msgFilterRules.dat,Mail/pop.serviciodecorreo-1.es,Remitente es: lydia.bartolome@euromaster.com,yes,17,Move to folder,EUROMASTER,"OR (from,is,lydia.bartolome@euromaster.com) OR (from,ends with,@euromaster.com)",2,from,ends with;is
C:\Users\gines\AppData\Roaming\Thunderbird\Profiles\i2blparj.default\Mail\pop.serviciodecorreo-1.es\msgFilterRules.dat,Mail/pop.serviciodecorreo-1.es,Remitente es: portal@rema-tiptop.es,yes,17,Move to folder,Trash/TIP-TOP,"AND (from,is,portal@rema-tiptop.es)",1,from,is
C:\Users\gines\AppData\Roaming\Thunderbird\Profiles\i2blparj.default\Mail\pop.serviciodecorreo-1.es\msgFilterRules.dat,Mail/pop.serviciodecorreo-1.es,Remitente es: ecommerce@rema-tiptop.es,yes,337,Move to folder,Trash/TIP-TOP,"OR (from,is,ecommerce@rema-tiptop.es) OR (from,is,portal@rema-tiptop.es) OR (from,is,facturacion@rema-tiptop.es) OR (from,ends with,@rema-tiptop.es)",4,from,ends with;is
C:\Users\gines\AppData\Roaming\Thunderbird\Profiles\i2blparj.default\Mail\pop.serviciodecorreo-1.es\msgFilterRules.dat,Mail/pop.serviciodecorreo-1.es,Remitente es: n.mihai@kyb-europe.com,yes,17,Move to folder,KYB,"OR (from,is,n.mihai@kyb-europe.com) OR (from,ends with,kyb-europe.com)",2,from,ends with;is
C:\Users\gines\AppData\Roaming\Thunderbird\Profiles\i2blparj.default\Mail\pop.serviciodecorreo-1.es\msgFilterRules.dat,Mail/pop.serviciodecorreo-1.es,Remitente es: duerto@duerto.com,yes,17,Move to folder,DUERTO,"AND (from,is,duerto@duerto.com)",1,from,is
C:\Users\gines\AppData\Roaming\Thunderbird\Profiles\i2blparj.default\Mail\pop.serviciodecorreo-1.es\msgFilterRules.dat,Mail/pop.serviciodecorreo-1.es,Remitente es: iliana.el.youjili@continental.com,yes,17,Move to folder,CONTINENTAL CORREAS,"OR (from,is,iliana.el.youjili@continental.com) OR (from,ends with,@continental.com)",2,from,ends with;is
C:\Users\gines\AppData\Roaming\Thunderbird\Profiles\i2blparj.default\Mail\pop.serviciodecorreo-1.es\msgFilterRules.dat,Mail/pop.serviciodecorreo-1.es,Remitente es: contact@mecafilter-info.com,yes,17,Move to folder,MECAFILTER,"AND (from,is,contact@mecafilter-info.com)",1,from,is
C:\Users\gines\AppData\Roaming\Thunderbird\Profiles\i2blparj.default\Mail\pop.serviciodecorreo-1.es\msgFilterRules.dat,Mail/pop.serviciodecorreo-1.es,Remitente es: comercial@transmisiones-cardiberica.com,yes,17,Move to folder,CARDIBERICA,"AND (from,is,comercial@transmisiones-cardiberica.com)",1,from,is
C:\Users\gines\AppData\Roaming\Thunderbird\Profiles\i2blparj.default\Mail\pop.serviciodecorreo-1.es\msgFilterRules.dat,Mail/pop.serviciodecorreo-1.es,Remitente es: facturacion@iparlux.es,yes,17,Move to folder,IPARLUX,"AND (from,is,facturacion@iparlux.es)",1,from,is
C:\Users\gines\AppData\Roaming\Thunderbird\Profiles\i2blparj.default\Mail\pop.serviciodecorreo-1.es\msgFilterRules.dat,Mail/pop.serviciodecorreo-1.es,Remitente es: BremboDispatcher@lutech.it,yes,337,Move to folder,BREMBO,"OR (from,is,BremboDispatcher@lutech.it) OR (from,is,JoseAntonio_Bailo@brembo.es) OR (from,ends with,@brembo.es)",3,from,ends with;is
C:\Users\gines\AppData\Roaming\Thunderbird\Profiles\i2blparj.default\Mail\pop.serviciodecorreo-1.es\msgFilterRules.dat,Mail/pop.serviciodecorreo-1.es,Remitente es: e-invoicing@ptg.contitech.de,yes,17,Move to folder,CONTINENTAL CORREAS,"AND (from,is,e-invoicing@ptg.contitech.de)",1,from,is
C:\Users\gines\AppData\Roaming\Thunderbird\Profiles\i2blparj.default\Mail\pop.serviciodecorreo-1.es\msgFilterRules.dat,Mail/pop.serviciodecorreo-1.es,Remitente es: administracion@meat-doria.es,yes,17,Move to folder,MEAT-DORIA,"OR (from,is,administracion@meat-doria.es) OR (from,is,facturacion@meat-doria.es) OR (from,ends with,@meat-doria.es)",3,from,ends with;is
C:\Users\gines\AppData\Roaming\Thunderbird\Profiles\i2blparj.default\Mail\pop.serviciodecorreo-1.es\msgFilterRules.dat,Mail/pop.serviciodecorreo-1.es,Remitente es: noreply@toprecambios.com,yes,17,Move to folder,TOP RECAMBIOS,"AND (from,is,noreply@toprecambios.com)",1,from,is
C:\Users\gines\AppData\Roaming\Thunderbird\Profiles\i2blparj.default\Mail\pop.serviciodecorreo-1.es\msgFilterRules.dat,Mail/pop.serviciodecorreo-1.es,Remitente es: barralautofordcoslada@gmail.com,yes,17,Move to folder,BARRAL AUTO,"AND (from,is,barralautofordcoslada@gmail.com)",1,from,is
C:\Users\gines\AppData\Roaming\Thunderbird\Profiles\i2blparj.default\Mail\pop.serviciodecorreo-1.es\msgFilterRules.dat,Mail/pop.serviciodecorreo-1.es,Remitente es: administracion@rolmovil.net,yes,17,Move to folder,POOL LINE,"OR (from,is,administracion@rolmovil.net) OR (from,is,pedidos@pool-line.com) OR (from,ends with,@pool-line.com)",3,from,ends with;is
C:\Users\gines\AppData\Roaming\Thunderbird\Profiles\i2blparj.default\Mail\pop.serviciodecorreo-1.es\msgFilterRules.dat,Mail/pop.serviciodecorreo-1.es,Remitente es: admin@toprecambios.com,yes,17,Move to folder,TOP RECAMBIOS,"AND (from,is,admin@toprecambios.com)",1,from,is
C:\Users\gines\AppData\Roaming\Thunderbird\Profiles\i2blparj.default\Mail\pop.serviciodecorreo-1.es\msgFilterRules.dat,Mail/pop.serviciodecorreo-1.es,Remitente es: talleres.automecanica-albox@rediveco.com,yes,17,Move to folder,AUTOMECANICA ALBOX TURISMO,"AND (from,is,talleres.automecanica-albox@rediveco.com)",1,from,is
C:\Users\gines\AppData\Roaming\Thunderbird\Profiles\i2blparj.default\Mail\pop.serviciodecorreo-1.es\msgFilterRules.dat,Mail/pop.serviciodecorreo-1.es,Remitente es: pedidos2@toprecambios.com,yes,17,Move to folder,TOP RECAMBIOS,"AND (from,is,pedidos2@toprecambios.com)",1,from,is
C:\Users\gines\AppData\Roaming\Thunderbird\Profiles\i2blparj.default\Mail\pop.serviciodecorreo-1.es\msgFilterRules.dat,Mail/pop.serviciodecorreo-1.es,Remitente es: infoenvios@mail.seur.info,yes,17,Move to folder,SEUR,"AND (from,is,infoenvios@mail.seur.info)",1,from,is
C:\Users\gines\AppData\Roaming\Thunderbird\Profiles\i2blparj.default\Mail\pop.serviciodecorreo-1.es\msgFilterRules.dat,Mail/pop.serviciodecorreo-1.es,Remitente es: almacenlucena@gmail.com,yes,337,Move to folder,NEUMATICOS LUCENA,"OR (from,is,almacenlucena@gmail.com) OR (from,is,administracion@neumaticoslucena.com) OR (from,is,neumaticoslucenasl@gmail.com) OR (from,ends with,@neumaticoslucena.com)",4,from,ends with;is
C:\Users\gines\AppData\Roaming\Thunderbird\Profiles\i2blparj.default\Mail\pop.serviciodecorreo-1.es\msgFilterRules.dat,Mail/pop.serviciodecorreo-1.es,Remitente es: marta.buceta@contitech.es,yes,337,Move to folder,CONTINENTAL CORREAS,"OR (from,is,marta.buceta@contitech.es) OR (from,ends with,@contitech.es)",2,from,ends with;is
C:\Users\gines\AppData\Roaming\Thunderbird\Profiles\i2blparj.default\Mail\pop.serviciodecorreo-1.es\msgFilterRules.dat,Mail/pop.serviciodecorreo-1.es,Remitente es: gachino@algogroup.net,yes,273,Move to folder,ALGO GROUP,"OR (from,is,gachino@algogroup.net) OR (from,ends with,@algogroup.net)",2,from,ends with;is
C:\Users\gines\AppData\Roaming\Thunderbird\Profiles\i2blparj.default\Mail\pop.serviciodecorreo-1.es\msgFilterRules.dat,Mail/pop.serviciodecorreo-1.es,Remitente contiene: @asysum.com,yes,17,Move to folder,ASYSUM,"AND (from,contains,@asysum.com)",1,from,contains
C:\Users\gines\AppData\Roaming\Thunderbird\Profiles\i2blparj.default\Mail\pop.serviciodecorreo-1.es\msgFilterRules.dat,Mail/pop.serviciodecorreo-1.es,Remitente contiene: facturacion@serca.es,yes,273,Move to folder,SERCA FACTURACION,"OR (from,contains,facturacion@serca.es) OR (from,contains,eduard.calpe@serca.es) OR (from,contains,proveedores@serca.es) OR (from,contains,sergio.gonzalez@serca.es) OR (subject,contains,VETURILO)",5,from;subject,contains
C:\Users\gines\AppData\Roaming\Thunderbird\Profiles\i2blparj.default\Mail\pop.serviciodecorreo-1.es\msgFilterRules.dat,Mail/pop.serviciodecorreo-1.es,Remitente es: facturas@toprecambios.com,yes,17,Move to folder,TOP RECAMBIOS,"AND (from,is,facturas@toprecambios.com)",1,from,is
C:\Users\gines\AppData\Roaming\Thunderbird\Profiles\i2blparj.default\Mail\pop.serviciodecorreo-1.es\msgFilterRules.dat,Mail/pop.serviciodecorreo-1.es,Remitente es: facturacion@toprecambios.com,yes,273,Move to folder,TOP RECAMBIOS,"AND (from,is,facturacion@toprecambios.com)",1,from,is
C:\Users\gines\AppData\Roaming\Thunderbird\Profiles\i2blparj.default\Mail\pop.serviciodecorreo-1.es\msgFilterRules.dat,Mail/pop.serviciodecorreo-1.es,Remitente es: atencionalcliente@pulpiautomocion.com,yes,17,Move to folder,PULPI AUTOMOCION,"AND (from,is,atencionalcliente@pulpiautomocion.com)",1,from,is
C:\Users\gines\AppData\Roaming\Thunderbird\Profiles\i2blparj.default\Mail\pop.serviciodecorreo-1.es\msgFilterRules.dat,Mail/pop.serviciodecorreo-1.es,Remitente es: harrywalker@harrywalker.net,yes,17,Move to folder,HARRY WALKER RODAMIENTOS,"AND (from,is,harrywalker@harrywalker.net)",1,from,is
C:\Users\gines\AppData\Roaming\Thunderbird\Profiles\i2blparj.default\Mail\pop.serviciodecorreo-1.es\msgFilterRules.dat,Mail/pop.serviciodecorreo-1.es,Remitente es: adm.spj@spj.es,yes,17,Move to folder,SPJ0f44851e,"AND (from,is,adm.spj@spj.es)",1,from,is
C:\Users\gines\AppData\Roaming\Thunderbird\Profiles\i2blparj.default\Mail\pop.serviciodecorreo-1.es\msgFilterRules.dat,Mail/pop.serviciodecorreo-1.es,Remitente termina con: @htlubricantoils.com,yes,17,Move to folder,HTLO LUBRICANTES,"AND (from,ends with,@htlubricantoils.com)",1,from,ends with
C:\Users\gines\AppData\Roaming\Thunderbird\Profiles\i2blparj.default\Mail\pop.serviciodecorreo-1.es\msgFilterRules.dat,Mail/pop.serviciodecorreo-1.es,Remitente es: facturacionferrevera@gmail.com,yes,17,Move to folder,FERREVERA,"AND (from,is,facturacionferrevera@gmail.com)",1,from,is
C:\Users\gines\AppData\Roaming\Thunderbird\Profiles\i2blparj.default\Mail\pop.serviciodecorreo-1.es\msgFilterRules.dat,Mail/pop.serviciodecorreo-1.es,Remitente es: administracion@rztools.com,yes,17,Move to folder,RZTOOLS,"AND (from,is,administracion@rztools.com)",1,from,is
C:\Users\gines\AppData\Roaming\Thunderbird\Profiles\i2blparj.default\Mail\pop.serviciodecorreo-1.es\msgFilterRules.dat,Mail/pop.serviciodecorreo-1.es,Remitente es: facturacion.almeria@seur.net,yes,17,Move to folder,SEUR,"AND (from,is,facturacion.almeria@seur.net)",1,from,is
C:\Users\gines\AppData\Roaming\Thunderbird\Profiles\i2blparj.default\Mail\pop.serviciodecorreo-1.es\msgFilterRules.dat,Mail/pop.serviciodecorreo-1.es,Remitente es: erp@cecauto.com,yes,17,Move to folder,CECAUTO,"AND (from,is,erp@cecauto.com)",1,from,is
C:\Users\gines\AppData\Roaming\Thunderbird\Profiles\i2blparj.default\Mail\pop.serviciodecorreo-1.es\msgFilterRules.dat,Mail/pop.serviciodecorreo-1.es,Remitente es: elisa.franceschini@airtopitalia.eu,yes,17,Move to folder,AIRTOP ITALIA,"AND (from,is,elisa.franceschini@airtopitalia.eu)",1,from,is
C:\Users\gines\AppData\Roaming\Thunderbird\Profiles\i2blparj.default\Mail\pop.serviciodecorreo-1.es\msgFilterRules.dat,Mail/pop.serviciodecorreo-1.es,Remitente es: es.prometeon.i.sdd@prometeon.com,yes,17,Move to folder,PROMETEON,"AND (from,ends with,@prometeon.com)",1,from,ends with
C:\Users\gines\AppData\Roaming\Thunderbird\Profiles\i2blparj.default\Mail\pop.serviciodecorreo-1.es\msgFilterRules.dat,Mail/pop.serviciodecorreo-1.es,Remitente termina con: @ams-osram.com,yes,273,Move to folder,OSRAM,"OR (from,ends with,@ams-osram.com) OR (from,ends with,@osram.com)",2,from,ends with
C:\Users\gines\AppData\Roaming\Thunderbird\Profiles\i2blparj.default\Mail\pop.serviciodecorreo-1.es\msgFilterRules.dat,Mail/pop.serviciodecorreo-1.es,Remitente es: sonia@amolux.net,yes,17,Move to folder,AMOLUX,"AND (from,is,sonia@amolux.net)",1,from,is
C:\Users\gines\AppData\Roaming\Thunderbird\Profiles\i2blparj.default\Mail\pop.serviciodecorreo-1.es\msgFilterRules.dat,Mail/pop.serviciodecorreo-1.es,Remitente es: nissens@nissens.com,yes,17,Move to folder,NISSENS,"AND (from,is,nissens@nissens.com)",1,from,is
C:\Users\gines\AppData\Roaming\Thunderbird\Profiles\i2blparj.default\Mail\pop.serviciodecorreo-1.es\msgFilterRules.dat,Mail/pop.serviciodecorreo-1.es,Remitente contiene: @danazaragoza.com,yes,273,Move to folder,DANA AUTOMOCION,"OR (from,is,facturacion@danazaragoza.com) OR (from,ends with,@dana.com)",2,from,ends with;is
C:\Users\gines\AppData\Roaming\Thunderbird\Profiles\i2blparj.default\Mail\pop.serviciodecorreo-1.es\msgFilterRules.dat,Mail/pop.serviciodecorreo-1.es,Remitente es: Facturacion@barralauto.com,yes,273,Move to folder,BARRAL AUTO,"OR (from,is,Facturacion@barralauto.com) OR (subject,contains,barral auto) OR (from,contains,barral auto)",3,from;subject,contains;is
C:\Users\gines\AppData\Roaming\Thunderbird\Profiles\i2blparj.default\Mail\pop.serviciodecorreo-1.es\msgFilterRules.dat,Mail/pop.serviciodecorreo-1.es,Remitente termina con: @as-sl.com,yes,17,Move to folder,AS,"AND (from,ends with,@as-sl.com)",1,from,ends with
C:\Users\gines\AppData\Roaming\Thunderbird\Profiles\i2blparj.default\Mail\pop.serviciodecorreo-1.es\msgFilterRules.dat,Mail/pop.serviciodecorreo-1.es,Remitente es: sash@lubricantes-sash.com,yes,17,Move to folder,ACEITES Y LUBRICANTES SASH,"AND (from,ends with,@lubricantes-sash.com)",1,from,ends with
C:\Users\gines\AppData\Roaming\Thunderbird\Profiles\i2blparj.default\Mail\pop.serviciodecorreo-1.es\msgFilterRules.dat,Mail/pop.serviciodecorreo-1.es,Remitente es: facturacion@alcaner.com,yes,17,Move to folder,ALCANER 2000,"AND (from,is,facturacion@alcaner.com)",1,from,is
C:\Users\gines\AppData\Roaming\Thunderbird\Profiles\i2blparj.default\Mail\pop.serviciodecorreo-1.es\msgFilterRules.dat,Mail/pop.serviciodecorreo-1.es,Remitente es: javi@liv-indurain.com,yes,17,Move to folder,PRODUCTOS LIV610ec48b,"AND (from,ends with,@liv-indurain.com)",1,from,ends with
C:\Users\gines\AppData\Roaming\Thunderbird\Profiles\i2blparj.default\Mail\pop.serviciodecorreo-1.es\msgFilterRules.dat,Mail/pop.serviciodecorreo-1.es,Remitente es: noreply@nex.es,yes,17,Move to folder,NEX TYRES,"AND (from,is,noreply@nex.es)",1,from,is
C:\Users\gines\AppData\Roaming\Thunderbird\Profiles\i2blparj.default\Mail\pop.serviciodecorreo-1.es\msgFilterRules.dat,Mail/pop.serviciodecorreo-1.es,Remitente es: grupo@holyauto.com,yes,17,Move to folder,HOLY AUTO,"AND (from,is,grupo@holyauto.com)",1,from,is
C:\Users\gines\AppData\Roaming\Thunderbird\Profiles\i2blparj.default\Mail\pop.serviciodecorreo-1.es\msgFilterRules.dat,Mail/pop.serviciodecorreo-1.es,Remitente es: m.gonzalez@eaclima.es,yes,17,Move to folder,EACLIMA,"AND (from,is,m.gonzalez@eaclima.es)",1,from,is
C:\Users\gines\AppData\Roaming\Thunderbird\Profiles\i2blparj.default\Mail\pop.serviciodecorreo-1.es\msgFilterRules.dat,Mail/pop.serviciodecorreo-1.es,Remitente es: ecommerce2.aarm@dk.bosch.com,yes,17,Move to folder,HC-CARGO,"AND (from,is,ecommerce2.aarm@dk.bosch.com)",1,from,is
C:\Users\gines\AppData\Roaming\Thunderbird\Profiles\i2blparj.default\Mail\pop.serviciodecorreo-1.es\msgFilterRules.dat,Mail/pop.serviciodecorreo-1.es,Remitente es: mailer_sap@ajusa.es,yes,17,Move to folder,AJUSA,"AND (from,is,mailer_sap@ajusa.es)",1,from,is
C:\Users\gines\AppData\Roaming\Thunderbird\Profiles\i2blparj.default\Mail\pop.serviciodecorreo-1.es\msgFilterRules.dat,Mail/pop.serviciodecorreo-1.es,Remitente contiene: totalenergies,yes,273,Move to folder,TOTAL,"AND (from,contains,totalenergies)",1,from,contains
C:\Users\gines\AppData\Roaming\Thunderbird\Profiles\i2blparj.default\Mail\pop.serviciodecorreo-1.es\msgFilterRules.dat,Mail/pop.serviciodecorreo-1.es,Remitente es: goyra@ofiexperts.es,yes,17,Move to folder,GOYRA,"OR (from,is,goyra@ofiexperts.es) OR (from,is,goyraofii@gmail.com)",2,from,is
C:\Users\gines\AppData\Roaming\Thunderbird\Profiles\i2blparj.default\Mail\pop.serviciodecorreo-1.es\msgFilterRules.dat,Mail/pop.serviciodecorreo-1.es,Remitente es: lucia@ceapi.es,yes,17,Move to folder,CEAPI,"AND (from,is,lucia@ceapi.es)",1,from,is
C:\Users\gines\AppData\Roaming\Thunderbird\Profiles\i2blparj.default\Mail\pop.serviciodecorreo-1.es\msgFilterRules.dat,Mail/pop.serviciodecorreo-1.es,Remitente es: atencionalcliente@ita-rotomatic.com,yes,17,Move to folder,ITA-ROTOMATIC,"OR (from,is,atencionalcliente@ita-rotomatic.com) OR (from,ends with,ita-rotomatic.com) OR (from,ends with,oficinaitarotomatic@gmail.com)",3,from,ends with;is
C:\Users\gines\AppData\Roaming\Thunderbird\Profiles\i2blparj.default\Mail\pop.serviciodecorreo-1.es\msgFilterRules.dat,Mail/pop.serviciodecorreo-1.es,Remitente es: administracion@amosan.es,yes,17,Move to folder,AMOSAN,"AND (from,is,administracion@amosan.es)",1,from,is
C:\Users\gines\AppData\Roaming\Thunderbird\Profiles\i2blparj.default\Mail\pop.serviciodecorreo-1.es\msgFilterRules.dat,Mail/pop.serviciodecorreo-1.es,Remitente es: admin@msmc.es,yes,17,Move to folder,MSMC4f5fc55b,"AND (from,is,admin@msmc.es)",1,from,is
C:\Users\gines\AppData\Roaming\Thunderbird\Profiles\i2blparj.default\Mail\pop.serviciodecorreo-1.es\msgFilterRules.dat,Mail/pop.serviciodecorreo-1.es,Remitente es: facturacioncartes@grupocartes.es,yes,17,Move to folder,FILTROS CARTES,"AND (from,is,facturacioncartes@grupocartes.es)",1,from,is
C:\Users\gines\AppData\Roaming\Thunderbird\Profiles\i2blparj.default\Mail\pop.serviciodecorreo-1.es\msgFilterRules.dat,Mail/pop.serviciodecorreo-1.es,Remitente es: contabilidad@pemebla.com,yes,17,Move to folder,PEMEBLA,"AND (from,is,contabilidad@pemebla.com)",1,from,is
C:\Users\gines\AppData\Roaming\Thunderbird\Profiles\i2blparj.default\Mail\pop.serviciodecorreo-1.es\msgFilterRules.dat,Mail/pop.serviciodecorreo-1.es,Remitente es: efactura@exclusivasbcn.com,yes,17,Move to folder,EXCLUSIVAS BCN,"AND (from,is,efactura@exclusivasbcn.com)",1,from,is
C:\Users\gines\AppData\Roaming\Thunderbird\Profiles\i2blparj.default\Mail\pop.serviciodecorreo-1.es\msgFilterRules.dat,Mail/pop.serviciodecorreo-1.es,Remitente es: BremboDispatcher@DISC.it,yes,17,Move to folder,BREMBO,"AND (from,is,BremboDispatcher@DISC.it)",1,from,is
C:\Users\gines\AppData\Roaming\Thunderbird\Profiles\i2blparj.default\Mail\pop.serviciodecorreo-1.es\msgFilterRules.dat,Mail/pop.serviciodecorreo-1.es,Remitente es: marta@exclusivasbcn.com,yes,337,Move to folder,EXCLUSIVAS BCN,"AND (from,is,marta@exclusivasbcn.com)",1,from,is
C:\Users\gines\AppData\Roaming\Thunderbird\Profiles\i2blparj.default\Mail\pop.serviciodecorreo-1.es\msgFilterRules.dat,Mail/pop.serviciodecorreo-1.es,Remitente es: administracio@jbmcamp.com,yes,17,Move to folder,JBM,"AND (from,is,administracio@jbmcamp.com)",1,from,is
C:\Users\gines\AppData\Roaming\Thunderbird\Profiles\i2blparj.default\Mail\pop.serviciodecorreo-1.es\msgFilterRules.dat,Mail/pop.serviciodecorreo-1.es,Remitente es: contabilidad@fare-auto.com,yes,337,Move to folder,FARE,"AND (from,is,contabilidad@fare-auto.com)",1,from,is
C:\Users\gines\AppData\Roaming\Thunderbird\Profiles\i2blparj.default\Mail\pop.serviciodecorreo-1.es\msgFilterRules.dat,Mail/pop.serviciodecorreo-1.es,Remitente es: pedidos@acps-automotive.com,yes,17,Move to folder,ACPS AUTOMOTIVE,"OR (from,is,pedidos@acps-automotive.com) OR (from,is,javier.lorenzo@acps-automotive.com) OR (from,ends with,@acps-automotive.com)",3,from,ends with;is
C:\Users\gines\AppData\Roaming\Thunderbird\Profiles\i2blparj.default\Mail\pop.serviciodecorreo-1.es\msgFilterRules.dat,Mail/pop.serviciodecorreo-1.es,Remitente es: optimal@optimal-spain.com,yes,337,Move to folder,OPTIMAL,"OR (from,is,optimal@optimal-spain.com) OR (from,is,xavi@optimal-spain.com) OR (from,ends with,@optimal-spain.com)",3,from,ends with;is
C:\Users\gines\AppData\Roaming\Thunderbird\Profiles\i2blparj.default\Mail\pop.serviciodecorreo-1.es\msgFilterRules.dat,Mail/pop.serviciodecorreo-1.es,Remitente es: r.delgado@kyb-europe.com,yes,17,Move to folder,KYB,"AND (from,is,r.delgado@kyb-europe.com)",1,from,is
C:\Users\gines\AppData\Roaming\Thunderbird\Profiles\i2blparj.default\Mail\pop.serviciodecorreo-1.es\msgFilterRules.dat,Mail/pop.serviciodecorreo-1.es,Remitente es: m.gonzalez@teasa.net,yes,337,Move to folder,EACLIMA,"AND (from,is,m.gonzalez@teasa.net)",1,from,is
C:\Users\gines\AppData\Roaming\Thunderbird\Profiles\i2blparj.default\Mail\pop.serviciodecorreo-1.es\msgFilterRules.dat,Mail/pop.serviciodecorreo-1.es,Remitente es: tallerbayra@gmail.com,yes,337,Move to folder,TALLERES BAYRA,"AND (from,is,tallerbayra@gmail.com)",1,from,is
C:\Users\gines\AppData\Roaming\Thunderbird\Profiles\i2blparj.default\Mail\pop.serviciodecorreo-1.es\msgFilterRules.dat,Mail/pop.serviciodecorreo-1.es,Remitente es: administracion@recambiosjesus.com,yes,337,Move to folder,RECAMBIOS JESUS,"OR (from,is,administracion@recambiosjesus.com) OR (from,ends with,@recambiosjesus.com) OR (from,is,facturacion@recambiosjesus.com)",3,from,ends with;is
C:\Users\gines\AppData\Roaming\Thunderbird\Profiles\i2blparj.default\Mail\pop.serviciodecorreo-1.es\msgFilterRules.dat,Mail/pop.serviciodecorreo-1.es,Remitente es: albox@chemaneumaticos.es,yes,337,Move to folder,CHEMA NEUMATICOS,"AND (from,is,albox@chemaneumaticos.es)",1,from,is
C:\Users\gines\AppData\Roaming\Thunderbird\Profiles\i2blparj.default\Mail\pop.serviciodecorreo-1.es\msgFilterRules.dat,Mail/pop.serviciodecorreo-1.es,Remitente es: ita-rotomatic@cecot.es,yes,273,Move to folder,ITA-ROTOMATIC,"AND (from,is,ita-rotomatic@cecot.es)",1,from,is
C:\Users\gines\AppData\Roaming\Thunderbird\Profiles\i2blparj.default\Mail\pop.serviciodecorreo-1.es\msgFilterRules.dat,Mail/pop.serviciodecorreo-1.es,Remitente termina con: @mahle.com,yes,337,Move to folder,MAHLE,"OR (from,ends with,@mahle.com) OR (subject,contains,MAHLE Aftermarket S.L.U)",2,from;subject,contains;ends with
C:\Users\gines\AppData\Roaming\Thunderbird\Profiles\i2blparj.default\Mail\pop.serviciodecorreo-1.es\msgFilterRules.dat,Mail/pop.serviciodecorreo-1.es,Remitente contiene: ICR-reporting@ppg.com,yes,273,Move to folder,ICR IBERICA,"OR (from,contains,ICR-reporting@ppg.com) OR (subject,contains,ICR IBERICA)",2,from;subject,contains
C:\Users\gines\AppData\Roaming\Thunderbird\Profiles\i2blparj.default\Mail\pop.serviciodecorreo-1.es\msgFilterRules.dat,Mail/pop.serviciodecorreo-1.es,Asunto contiene: anydesk,yes,273,Move to folder,ANYDESK,"OR (subject,contains,anydesk) OR (from,contains,support@anydesk.com)",2,from;subject,contains
C:\Users\gines\AppData\Roaming\Thunderbird\Profiles\i2blparj.default\Mail\pop.serviciodecorreo-1.es\msgFilterRules.dat,Mail/pop.serviciodecorreo-1.es,Remitente es: factura@cevamiberica.com,yes,273,Move to folder,CEVAM,"OR (from,is,factura@cevamiberica.com) OR (all addresses,contains,ramon.hernandez.cevamiberica.com) OR (from,is,almacen@cevamiberica.com) OR (from,contains,@cevamiberica.com) OR (from,ends with,@cevam.com)",5,all addresses;from,contains;ends with;is
C:\Users\gines\AppData\Roaming\Thunderbird\Profiles\i2blparj.default\Mail\pop.serviciodecorreo-1.es\msgFilterRules.dat,Mail/pop.serviciodecorreo-1.es,Remitente termina con: @solaufil.com,yes,17,Move to folder,MECAFILTER,"AND (from,ends with,@solaufil.com)",1,from,ends with
C:\Users\gines\AppData\Roaming\Thunderbird\Profiles\i2blparj.default\Mail\pop.serviciodecorreo-1.es\msgFilterRules.dat,Mail/pop.serviciodecorreo-1.es,Remitente es: pmancebo@gira.net,yes,17,Move to folder,GIRA,"AND (from,is,pmancebo@gira.net)",1,from,is
C:\Users\gines\AppData\Roaming\Thunderbird\Profiles\i2blparj.default\Mail\pop.serviciodecorreo-1.es\msgFilterRules.dat,Mail/pop.serviciodecorreo-1.es,Remitente es: vs-madrid-pedidos@valeo.com,yes,17,Move to folder,VALEO,"AND (from,is,vs-madrid-pedidos@valeo.com)",1,from,is
C:\Users\gines\AppData\Roaming\Thunderbird\Profiles\i2blparj.default\Mail\pop.serviciodecorreo-1.es\msgFilterRules.dat,Mail/pop.serviciodecorreo-1.es,borg & beck,yes,337,Move to folder,BB - BORG & BECK(2),"AND (from,ends with,@borgandbeck.com)",1,from,ends with
C:\Users\gines\AppData\Roaming\Thunderbird\Profiles\i2blparj.default\Mail\pop.serviciodecorreo-1.es\msgFilterRules.dat,Mail/pop.serviciodecorreo-1.es,estanfi,yes,337,Move to folder,ESTANFI,"AND (from,is,admin02@estanfi.com)",1,from,is
C:\Users\gines\AppData\Roaming\Thunderbird\Profiles\i2blparj.default\Mail\pop.serviciodecorreo-1.es\msgFilterRules.dat,Mail/pop.serviciodecorreo-1.es,Remitente termina con: @filtroscartes.net,yes,337,Move to folder,FILTROS CARTES,"AND (from,ends with,@filtroscartes.net)",1,from,ends with
C:\Users\gines\AppData\Roaming\Thunderbird\Profiles\i2blparj.default\Mail\pop.serviciodecorreo-1.es\msgFilterRules.dat,Mail/pop.serviciodecorreo-1.es,Remitente termina con: @esneagri.com,yes,337,Move to folder,ESNEAGRI,"AND (from,ends with,@esneagri.com)",1,from,ends with
C:\Users\gines\AppData\Roaming\Thunderbird\Profiles\i2blparj.default\Mail\pop.serviciodecorreo-1.es\msgFilterRules.dat,Mail/pop.serviciodecorreo-1.es,nertor,yes,337,Move to folder,NER-TOR,"AND (from,ends with,@nertor.com)",1,from,ends with
C:\Users\gines\AppData\Roaming\Thunderbird\Profiles\i2blparj.default\Mail\pop.serviciodecorreo-1.es\msgFilterRules.dat,Mail/pop.serviciodecorreo-1.es,Remitente es: pedidos@fmg-eu.com,yes,337,Move to folder,RH,"AND (from,is,pedidos@fmg-eu.com)",1,from,is
C:\Users\gines\AppData\Roaming\Thunderbird\Profiles\i2blparj.default\Mail\pop.serviciodecorreo-1.es\msgFilterRules.dat,Mail/pop.serviciodecorreo-1.es,Remitente es: mbernal@azurglobal.es,yes,337,Move to folder,AZUR GLOBAL,"AND (from,is,mbernal@azurglobal.es)",1,from,is
C:\Users\gines\AppData\Roaming\Thunderbird\Profiles\i2blparj.default\Mail\pop.serviciodecorreo-1.es\msgFilterRules.dat,Mail/pop.serviciodecorreo-1.es,Remitente es: spain@nrf.eu,yes,337,Move to folder,NRF,"AND (from,is,spain@nrf.eu)",1,from,is
C:\Users\gines\AppData\Roaming\Thunderbird\Profiles\i2blparj.default\Mail\pop.serviciodecorreo-1.es\msgFilterRules.dat,Mail/pop.serviciodecorreo-1.es,DAISA,yes,337,Move to folder,DAISA - VARTA,"AND (from,ends with,@daisa.es)",1,from,ends with
C:\Users\gines\AppData\Roaming\Thunderbird\Profiles\i2blparj.default\Mail\pop.serviciodecorreo-1.es\msgFilterRules.dat,Mail/pop.serviciodecorreo-1.es,FEBEST,yes,337,Move to folder,FEBEST - RUMBO NORTE,"AND (from,ends with,@rumbonorterecambios.com)",1,from,ends with
C:\Users\gines\AppData\Roaming\Thunderbird\Profiles\i2blparj.default\Mail\pop.serviciodecorreo-1.es\msgFilterRules.dat,Mail/pop.serviciodecorreo-1.es,CHEMA,yes,321,Move to folder,CHEMA NEUMATICOS,"AND (from,contains,@gruposalasaguila.es)",1,from,contains
C:\Users\gines\AppData\Roaming\Thunderbird\Profiles\i2blparj.default\Mail\pop.serviciodecorreo-1.es\msgFilterRules.dat,Mail/pop.serviciodecorreo-1.es,ARVERA,yes,337,Move to folder,ARVERA12ef9588,"OR (from,is,antonioarvera@serca.es) OR (from,is,joseagr80@gmail.com) OR (from,is,castellano@serca.es) OR (from,is,jantonioarvera@serca.es) OR (from,is,cayuela@serca.es)",5,from,is
C:\Users\gines\AppData\Roaming\Thunderbird\Profiles\i2blparj.default\Mail\pop.serviciodecorreo-1.es\msgFilterRules.dat,Mail/pop.serviciodecorreo-1.es,EXIDE,yes,321,Move to folder,EXIDE,"AND (from,contains,@exidegroup.com)",1,from,contains
C:\Users\gines\AppData\Roaming\Thunderbird\Profiles\i2blparj.default\Mail\pop.serviciodecorreo.es\msgFilterRules.dat,Mail/pop.serviciodecorreo.es,Remitente es: silvia@logistik-re.com,yes,273,Move to folder,LOGISTIK,"OR (from,is,silvia@logistik-re.com) OR (from,ends with,@logistik-re.com)",2,from,ends with;is
C:\Users\gines\AppData\Roaming\Thunderbird\Profiles\i2blparj.default\Mail\pop.serviciodecorreo.es\msgFilterRules.dat,Mail/pop.serviciodecorreo.es,Remitente es: silvia@logistik-re.com,yes,273,Move to folder,LOGISTIK,"OR (from,is,silvia@logistik-re.com) OR (from,ends with,@logistik-re.com)",2,from,ends with;is
C:\Users\gines\AppData\Roaming\Thunderbird\Profiles\i2blparj.default\Mail\pop.serviciodecorreo.es\msgFilterRules.dat,Mail/pop.serviciodecorreo.es,Remitente termina con: @repuestosalmanzora.es,yes,273,Move to folder,REPUESTOS ALMANZORA,"OR (from,ends with,@repuestosalmanzora.es)",1,from,ends with
C:\Users\gines\AppData\Roaming\Thunderbird\Profiles\i2blparj.default\Mail\pop.serviciodecorreo.es\msgFilterRules.dat,Mail/pop.serviciodecorreo.es,Remitente termina con: @nex.es,yes,273,Move to folder,NEX TYRES,"OR (from,ends with,@nex.es)",1,from,ends with
C:\Users\gines\AppData\Roaming\Thunderbird\Profiles\i2blparj.default\Mail\pop.serviciodecorreo.es\msgFilterRules.dat,Mail/pop.serviciodecorreo.es,Asunto contiene: Schaeffler Vehicle Lifetime ,yes,273,Move to folder,LUK,"AND (subject,contains,Schaeffler Vehicle Lifetime )",1,subject,contains
C:\Users\gines\AppData\Roaming\Thunderbird\Profiles\i2blparj.default\Mail\pop.serviciodecorreo.es\msgFilterRules.dat,Mail/pop.serviciodecorreo.es,Remitente es: a.rojas@dapeugeot.net,yes,273,Move to folder,DAMIAN GOMEZ,"AND (from,is,a.rojas@dapeugeot.net)",1,from,is
C:\Users\gines\AppData\Roaming\Thunderbird\Profiles\i2blparj.default\Mail\pop.serviciodecorreo.es\msgFilterRules.dat,Mail/pop.serviciodecorreo.es,Remitente es: @dapeugeot.net,yes,273,Move to folder,DAMIAN GOMEZ,"OR (from,is,@dapeugeot.net)",1,from,is
C:\Users\gines\AppData\Roaming\Thunderbird\Profiles\i2blparj.default\Mail\pop.serviciodecorreo.es\msgFilterRules.dat,Mail/pop.serviciodecorreo.es,Remitente termina con: @sogefigroup.com,yes,273,Move to folder,PURFLUX,"OR (from,ends with,@sogefigroup.com)",1,from,ends with
C:\Users\gines\AppData\Roaming\Thunderbird\Profiles\i2blparj.default\Mail\pop.serviciodecorreo.es\msgFilterRules.dat,Mail/pop.serviciodecorreo.es,Remitente termina con: @superplaque.es,yes,273,Move to folder,SUPERPLAQUE,"OR (from,ends with,@superplaque.es)",1,from,ends with
C:\Users\gines\AppData\Roaming\Thunderbird\Profiles\i2blparj.default\Mail\pop.serviciodecorreo.es\msgFilterRules.dat,Mail/pop.serviciodecorreo.es,Remitente termina con: @deldo.com,yes,273,Move to folder,DELDO,"AND (from,ends with,@deldo.com)",1,from,ends with
C:\Users\gines\AppData\Roaming\Thunderbird\Profiles\i2blparj.default\Mail\pop.serviciodecorreo.es\msgFilterRules.dat,Mail/pop.serviciodecorreo.es,Remitente es: administracion@productosliv.com,yes,17,Move to folder,PRODUCTOS LIV610ec48b,"OR (from,is,administracion@productosliv.com) OR (from,ends with,@productosliv.com)",2,from,ends with;is
C:\Users\gines\AppData\Roaming\Thunderbird\Profiles\i2blparj.default\Mail\pop.serviciodecorreo.es\msgFilterRules.dat,Mail/pop.serviciodecorreo.es,Remitente es: e-factura@fibraya.es,yes,17,Move to folder,INSTELNET,"AND (from,is,e-factura@fibraya.es)",1,from,is
C:\Users\gines\AppData\Roaming\Thunderbird\Profiles\i2blparj.default\Mail\pop.serviciodecorreo.es\msgFilterRules.dat,Mail/pop.serviciodecorreo.es,Remitente es: rlesaoplubesnacional@repsol.com,yes,17,Move to folder,REPSOL,"OR (from,is,rlesaoplubesnacional@repsol.com) OR (from,ends with,@repsol.com)",2,from,ends with;is
C:\Users\gines\AppData\Roaming\Thunderbird\Profiles\i2blparj.default\Mail\pop.serviciodecorreo.es\msgFilterRules.dat,Mail/pop.serviciodecorreo.es,Remitente termina con: @dakolub.com,yes,273,Move to folder,DAKOLUB,"OR (from,ends with,@dakolub.com) OR (from,is,proveedores@dakolub.com)",2,from,ends with;is
C:\Users\gines\AppData\Roaming\Thunderbird\Profiles\i2blparj.default\Mail\pop.serviciodecorreo.es\msgFilterRules.dat,Mail/pop.serviciodecorreo.es,Remitente es: contabilidad@lizarte.onmicrosoft.com,yes,273,Move to folder,LIZARTE,"AND (from,is,contabilidad@lizarte.onmicrosoft.com)",1,from,is
C:\Users\gines\AppData\Roaming\Thunderbird\Profiles\i2blparj.default\Mail\pop.serviciodecorreo.es\msgFilterRules.dat,Mail/pop.serviciodecorreo.es,Remitente es: administracion@amadini.net,yes,273,Move to folder,AMADINI,"OR (from,is,administracion@amadini.net) OR (from,ends with,@amadini.net)",2,from,ends with;is
C:\Users\gines\AppData\Roaming\Thunderbird\Profiles\i2blparj.default\Mail\pop.serviciodecorreo.es\msgFilterRules.dat,Mail/pop.serviciodecorreo.es,Remitente es: factura@logistica.com,yes,273,Move to folder,LOGISTICA,"OR (from,is,factura@logistica.com) OR (from,ends with,@logistica.com)",2,from,ends with;is
C:\Users\gines\AppData\Roaming\Thunderbird\Profiles\i2blparj.default\Mail\pop.serviciodecorreo.es\msgFilterRules.dat,Mail/pop.serviciodecorreo.es,Remitente es: noresponder@inter-matic.com,yes,273,Move to folder,ASYSUM,"OR (from,is,noresponder@inter-matic.com) OR (from,ends with,@inter-matic.com)",2,from,ends with;is
C:\Users\gines\AppData\Roaming\Thunderbird\Profiles\i2blparj.default\Mail\pop.serviciodecorreo.es\msgFilterRules.dat,Mail/pop.serviciodecorreo.es,Remitente termina con: nex.com,yes,273,Move to folder,NEX TYRES,"OR (from,ends with,nex.com)",1,from,ends with
C:\Users\gines\AppData\Roaming\Thunderbird\Profiles\i2blparj.default\Mail\pop.serviciodecorreo.es\msgFilterRules.dat,Mail/pop.serviciodecorreo.es,Remitente es: noreply@turbosbcn.es,yes,273,Move to folder,TURBOS BCN,"OR (from,is,noreply@turbosbcn.es) OR (from,ends with,@turbosbcn.es)",2,from,ends with;is
C:\Users\gines\AppData\Roaming\Thunderbird\Profiles\i2blparj.default\Mail\pop.serviciodecorreo.es\msgFilterRules.dat,Mail/pop.serviciodecorreo.es,Remitente es: noreply@gruposyrsa.com,yes,273,Move to folder,SYRSA,"OR (from,is,noreply@gruposyrsa.com) OR (from,ends with,@gruposyrsa.com) OR (from,contains,syrsa)",3,from,contains;ends with;is
C:\Users\gines\AppData\Roaming\Thunderbird\Profiles\i2blparj.default\Mail\pop.serviciodecorreo.es\msgFilterRules.dat,Mail/pop.serviciodecorreo.es,Remitente es: aplicacion@cooper2010.es,yes,273,Move to folder,REPUESTOS COOPER,"OR (from,is,aplicacion@cooper2010.es) OR (from,ends with,@cooper2010.es)",2,from,ends with;is
C:\Users\gines\AppData\Roaming\Thunderbird\Profiles\i2blparj.default\Mail\pop.serviciodecorreo.es\msgFilterRules.dat,Mail/pop.serviciodecorreo.es,Remitente es: postmaster@imasaf.eu,yes,17,Move to folder,IMASAF PRO,"OR (from,is,postmaster@imasaf.eu) OR (from,ends with,@imasaf.eu)",2,from,ends with;is
C:\Users\gines\AppData\Roaming\Thunderbird\Profiles\i2blparj.default\Mail\pop.serviciodecorreo.es\msgFilterRules.dat,Mail/pop.serviciodecorreo.es,Remitente es: ewaldner@airtopitalia.eu,yes,273,Move to folder,AIRTOP ITALIA,"OR (from,is,ewaldner@airtopitalia.eu) OR (from,ends with,@airtopitalia.eu)",2,from,ends with;is
C:\Users\gines\AppData\Roaming\Thunderbird\Profiles\i2blparj.default\Mail\pop.serviciodecorreo.es\msgFilterRules.dat,Mail/pop.serviciodecorreo.es,Remitente es: clientes@reynasa.com,yes,273,Move to folder,REYNASA,"OR (from,is,clientes@reynasa.com) OR (from,ends with,@reynasa.com)",2,from,ends with;is
C:\Users\gines\AppData\Roaming\Thunderbird\Profiles\i2blparj.default\Mail\pop.serviciodecorreo.es\msgFilterRules.dat,Mail/pop.serviciodecorreo.es,admin@arvera.es Â» Bandeja de entrada,yes,273,Move to folder,FILTROS CARTES,"OR (from,contains,facturacion@grupocartes.es) OR (to,contains,facturacion@grupocartes.es)",2,from;to,contains
C:\Users\gines\AppData\Roaming\Thunderbird\Profiles\i2blparj.default\Mail\pop.serviciodecorreo.es\msgFilterRules.dat,Mail/pop.serviciodecorreo.es,Asunto contiene: noreply@Invoice.tecalliance.net,yes,17,Move to folder,LUK,"AND (subject,contains,\"" Schaeffler Automotive Aftermarket\"")",1,subject,contains
C:\Users\gines\AppData\Roaming\Thunderbird\Profiles\i2blparj.default\Mail\pop.serviciodecorreo.es\msgFilterRules.dat,Mail/pop.serviciodecorreo.es,Remitente termina con: @skrit.es,yes,273,Move to folder,SKRIT INFORMATICA,"OR (from,ends with,@skrit.es)",1,from,ends with
C:\Users\gines\AppData\Roaming\Thunderbird\Profiles\i2blparj.default\Mail\pop.serviciodecorreo.es\msgFilterRules.dat,Mail/pop.serviciodecorreo.es,Remitente contiene: joaquin.carretero@rema-tiptop.es,yes,273,Move to folder,TIP-TOP,"OR (from,contains,joaquin.carretero@rema-tiptop.es) OR (from,ends with,@rema-tiptop.es)",2,from,contains;ends with
C:\Users\gines\AppData\Roaming\Thunderbird\Profiles\i2blparj.default\Mail\pop.serviciodecorreo.es\msgFilterRules.dat,Mail/pop.serviciodecorreo.es,Remitente es: facturacion@ascauto.com,yes,273,Move to folder,ASCAUTO,"AND (from,is,facturacion@ascauto.com)",1,from,is
C:\Users\gines\AppData\Roaming\Thunderbird\Profiles\i2blparj.default\Mail\pop.serviciodecorreo.es\msgFilterRules.dat,Mail/pop.serviciodecorreo.es,Remitente es: docs-faib@frigair.com,yes,273,Move to folder,FRIG AIR,"AND (from,is,docs-faib@frigair.com)",1,from,is
C:\Users\gines\AppData\Roaming\Thunderbird\Profiles\i2blparj.default\Mail\pop.serviciodecorreo.es\msgFilterRules.dat,Mail/pop.serviciodecorreo.es,Remitente es: administracion@automecanicaalmanzora.com,yes,273,Move to folder,AUTOMECANICA ALMANZORA,"AND (from,is,administracion@automecanicaalmanzora.com)",1,from,is
C:\Users\gines\AppData\Roaming\Thunderbird\Profiles\i2blparj.default\Mail\pop.serviciodecorreo.es\msgFilterRules.dat,Mail/pop.serviciodecorreo.es,Remitente es: postventa01@estanfi.com,yes,273,Move to folder,ESTANFI,"AND (from,ends with,@estanfi.com)",1,from,ends with
C:\Users\gines\AppData\Roaming\Thunderbird\Profiles\i2blparj.default\Mail\pop.serviciodecorreo.es\msgFilterRules.dat,Mail/pop.serviciodecorreo.es,BUZON DE ENTRADA Â» EUROMAQUINARIAS HISPANIDAD,yes,273,Move to folder,EUROMAQUINARIAS HISPANIDAD,"OR (from,contains,jm01@euromaquinas.com) OR (to,contains,jm01@euromaquinas.com)",2,from;to,contains
C:\Users\gines\AppData\Roaming\Thunderbird\Profiles\i2blparj.default\Mail\pop.serviciodecorreo.es\msgFilterRules.dat,Mail/pop.serviciodecorreo.es,Remitente contiene: @tecnodieselmurcia.com,yes,273,Move to folder,TECNODIESEL,"AND (from,contains,@tecnodieselmurcia.com)",1,from,contains
C:\Users\gines\AppData\Roaming\Thunderbird\Profiles\i2blparj.default\Mail\pop.serviciodecorreo.es\msgFilterRules.dat,Mail/pop.serviciodecorreo.es,Remitente contiene: rsenosiain@lizarte.com,yes,17,Move to folder,LIZARTE,"AND (from,contains,@lizarte.com)",1,from,contains
C:\Users\gines\AppData\Roaming\Thunderbird\Profiles\i2blparj.default\Mail\pop.serviciodecorreo.es\msgFilterRules.dat,Mail/pop.serviciodecorreo.es,Remitente termina con: @rodamientos.net,yes,273,Move to folder,ROYSE,"AND (from,ends with,@rodamientos.net)",1,from,ends with
C:\Users\gines\AppData\Roaming\Thunderbird\Profiles\i2blparj.default\Mail\pop.serviciodecorreo.es\msgFilterRules.dat,Mail/pop.serviciodecorreo.es,Asunto contiene: Logiscenter,yes,273,Move to folder,LOGISCENTER,"AND (subject,contains,Logiscenter)",1,subject,contains
C:\Users\gines\AppData\Roaming\Thunderbird\Profiles\i2blparj.default\Mail\pop.serviciodecorreo.es\msgFilterRules.dat,Mail/pop.serviciodecorreo.es,Remitente es: plataformadanielvicente@gmail.com,yes,17,Move to folder,DANIEL VICENTE,"AND (from,is,plataformadanielvicente@gmail.com)",1,from,is
C:\Users\gines\AppData\Roaming\Thunderbird\Profiles\i2blparj.default\Mail\pop.serviciodecorreo.es\msgFilterRules.dat,Mail/pop.serviciodecorreo.es,Remitente contiene: @es.rheinmetall.com,yes,273,Move to folder,MS MOTORSERVICE,"AND (from,contains,@es.rheinmetall.com)",1,from,contains
C:\Users\gines\AppData\Roaming\Thunderbird\Profiles\i2blparj.default\Mail\pop.serviciodecorreo.es\msgFilterRules.dat,Mail/pop.serviciodecorreo.es,Remitente termina con: @rhernandez.com,yes,17,Move to folder,REPRESENTACIONES HERNANDEZ,"AND (from,ends with,@rhernandez.com)",1,from,ends with
C:\Users\gines\AppData\Roaming\Thunderbird\Profiles\i2blparj.default\Mail\pop.serviciodecorreo.es\msgFilterRules.dat,Mail/pop.serviciodecorreo.es,Remitente contiene: COFAN,yes,17,Move to folder,COFAN,"AND (from,contains,COFAN)",1,from,contains
C:\Users\gines\AppData\Roaming\Thunderbird\Profiles\i2blparj.default\Mail\pop.serviciodecorreo.es\msgFilterRules.dat,Mail/pop.serviciodecorreo.es,Remitente termina con: @victyres.es,yes,273,Move to folder,VICTYRES,"AND (from,ends with,@victyres.es)",1,from,ends with
C:\Users\gines\AppData\Roaming\Thunderbird\Profiles\i2blparj.default\Mail\pop.serviciodecorreo.es\msgFilterRules.dat,Mail/pop.serviciodecorreo.es,Remitente termina con: @metalcaucho.com,yes,273,Move to folder,METALCAUCHO,"AND (from,ends with,@metalcaucho.com)",1,from,ends with
C:\Users\gines\AppData\Roaming\Thunderbird\Profiles\i2blparj.default\Mail\pop.serviciodecorreo.es\msgFilterRules.dat,Mail/pop.serviciodecorreo.es,Remitente contiene: info@grupoveraimport.es,yes,273,Move to folder,VERA IMPORT,"OR (from,contains,info@grupoveraimport.es)",1,from,contains
C:\Users\gines\AppData\Roaming\Thunderbird\Profiles\i2blparj.default\Mail\pop.serviciodecorreo.es\msgFilterRules.dat,Mail/pop.serviciodecorreo.es,Remitente es: comercial@snaeurope.com,yes,17,Move to folder,SNA EUROPE,"OR (from,is,comercial@snaeurope.com)",1,from,is
C:\Users\gines\AppData\Roaming\Thunderbird\Profiles\i2blparj.default\Mail\pop.serviciodecorreo.es\msgFilterRules.dat,Mail/pop.serviciodecorreo.es,Remitente termina con: @medinabi.es,yes,337,Move to folder,ITAL RECAMBIOS,"OR (from,is,medinabi@medinabi.es)",1,from,is
C:\Users\gines\AppData\Roaming\Thunderbird\Profiles\i2blparj.default\Mail\pop.serviciodecorreo.es\msgFilterRules.dat,Mail/pop.serviciodecorreo.es,Remitente termina con: @gruposaveres.com,yes,337,Move to folder,SAVERES,"OR (from,ends with,@gruposaveres.com)",1,from,ends with
C:\Users\gines\AppData\Roaming\Thunderbird\Profiles\i2blparj.default\Mail\pop.serviciodecorreo.es\msgFilterRules.dat,Mail/pop.serviciodecorreo.es,Remitente termina con: @comlineiberica.com,yes,17,Move to folder,COMLINE,"AND (from,ends with,@comlineiberica.com)",1,from,ends with
C:\Users\gines\AppData\Roaming\Thunderbird\Profiles\i2blparj.default\Mail\pop.serviciodecorreo.es\msgFilterRules.dat,Mail/pop.serviciodecorreo.es,TALOSA,yes,337,Move to folder,TALOSA,"AND (from,ends with,@talosa.com)",1,from,ends with
C:\Users\gines\AppData\Roaming\Thunderbird\Profiles\i2blparj.default\Mail\pop.serviciodecorreo.es\msgFilterRules.dat,Mail/pop.serviciodecorreo.es,Remitente es: remanmotorparts@gmail.com,yes,273,Move to folder,REMAN MOTOR,"AND (from,is,remanmotorparts@gmail.com)",1,from,is
C:\Users\gines\AppData\Roaming\Thunderbird\Profiles\i2blparj.default\Mail\pop.serviciodecorreo.es\msgFilterRules.dat,Mail/pop.serviciodecorreo.es,Remitente es: facturacion@jumasa.es,yes,17,Move to folder,JUMASA,"OR (from,is,facturacion@jumasa.es) OR (from,ends with,@jumasa.es)",2,from,ends with;is
C:\Users\gines\AppData\Roaming\Thunderbird\Profiles\i2blparj.default\Mail\pop.serviciodecorreo.es\msgFilterRules.dat,Mail/pop.serviciodecorreo.es,Remitente termina con: @autocristalsevilla.com,yes,17,Move to folder,AUTOCRISTAL SEVILLA,"AND (from,ends with,@autocristalsevilla.com)",1,from,ends with
C:\Users\gines\AppData\Roaming\Thunderbird\Profiles\i2blparj.default\Mail\pop.serviciodecorreo.es\msgFilterRules.dat,Mail/pop.serviciodecorreo.es,Remitente termina con: @pool-line.com.es,yes,17,Move to folder,POOL LINE,"AND (from,ends with,@pool-line.com.es)",1,from,ends with
C:\Users\gines\AppData\Roaming\Thunderbird\Profiles\i2blparj.default\Mail\pop.serviciodecorreo.es\msgFilterRules.dat,Mail/pop.serviciodecorreo.es,Remitente termina con: @azurglobal.es,yes,17,Move to folder,AZUR GLOBAL,"AND (from,ends with,@azurglobal.es)",1,from,ends with
C:\Users\gines\AppData\Roaming\Thunderbird\Profiles\i2blparj.default\Mail\pop.serviciodecorreo.es\msgFilterRules.dat,Mail/pop.serviciodecorreo.es,Remitente es: dani.vicente@meat-doria.es,yes,17,Move to folder,MEAT-DORIA,"OR (from,is,dani.vicente@meat-doria.es) OR (from,ends with,@meat-doria.es)",2,from,ends with;is
C:\Users\gines\AppData\Roaming\Thunderbird\Profiles\i2blparj.default\Mail\pop.serviciodecorreo.es\msgFilterRules.dat,Mail/pop.serviciodecorreo.es,Remitente es: soporte@sesametime.com,yes,17,Move to folder,SESAME,"OR (from,is,soporte@sesametime.com) OR (from,ends with,@sesametime.com) OR (from,ends with,@sesamehr.com) OR (from,ends with,support@sesametime.com.hs-inbox.com) OR (from,contains,sesame)",5,from,contains;ends with;is
C:\Users\gines\AppData\Roaming\Thunderbird\Profiles\i2blparj.default\Mail\pop.serviciodecorreo.es\msgFilterRules.dat,Mail/pop.serviciodecorreo.es,Remitente es: kike@multirecambioshm.com,yes,17,Move to folder,MULTIRECAMBIOS HM,"OR (from,is,kike@multirecambioshm.com) OR (from,ends with,@multirecambioshm.com)",2,from,ends with;is
C:\Users\gines\AppData\Roaming\Thunderbird\Profiles\i2blparj.default\Mail\pop.serviciodecorreo.es\msgFilterRules.dat,Mail/pop.serviciodecorreo.es,Remitente es: SGonzalez@solaufil.com,yes,17,Move to folder,MECAFILTER,"OR (from,is,SGonzalez@solaufil.com) OR (from,is,contact@mecafilter-info.com) OR (from,ends with,@mecafilter-info.com)",3,from,ends with;is
C:\Users\gines\AppData\Roaming\Thunderbird\Profiles\i2blparj.default\Mail\pop.serviciodecorreo.es\msgFilterRules.dat,Mail/pop.serviciodecorreo.es,Remitente es: invoices@frigair-iberia.com,yes,17,Move to folder,FRIG AIR,"OR (from,is,invoices@frigair-iberia.com) OR (from,ends with,@frigair-iberia.com)",2,from,ends with;is
C:\Users\gines\AppData\Roaming\Thunderbird\Profiles\i2blparj.default\Mail\pop.serviciodecorreo.es\msgFilterRules.dat,Mail/pop.serviciodecorreo.es,Remitente termina con: sjurado@absoal.com,yes,17,Move to folder,ABSOAL,"AND (from,ends with,sjurado@absoal.com)",1,from,ends with
C:\Users\gines\AppData\Roaming\Thunderbird\Profiles\i2blparj.default\Mail\pop.serviciodecorreo.es\msgFilterRules.dat,Mail/pop.serviciodecorreo.es,Remitente es: ignacio.gutierrez@exidegroup.com,yes,17,Move to folder,EXIDE,"AND (from,is,ignacio.gutierrez@exidegroup.com)",1,from,is
C:\Users\gines\AppData\Roaming\Thunderbird\Profiles\i2blparj.default\Mail\pop.serviciodecorreo.es\msgFilterRules.dat,Mail/pop.serviciodecorreo.es,FARE,yes,337,Move to folder,FARE,"AND (from,ends with,@fare-auto.com)",1,from,ends with
C:\Users\gines\AppData\Roaming\Thunderbird\Profiles\i2blparj.default\Mail\pop.serviciodecorreo.es\msgFilterRules.dat,Mail/pop.serviciodecorreo.es,Remitente termina con: @ceapi.es,yes,337,Move to folder,CEAPI,"AND (from,ends with,@ceapi.es)",1,from,ends with
C:\Users\gines\AppData\Roaming\Thunderbird\Profiles\i2blparj.default\Mail\pop.serviciodecorreo.es\msgFilterRules.dat,Mail/pop.serviciodecorreo.es,ngl,yes,337,Move to folder,NGK,"AND (from,ends with,@ngk.es)",1,from,ends with
C:\Users\gines\AppData\Roaming\Thunderbird\Profiles\i2blparj.default\Mail\pop.serviciodecorreo.es\msgFilterRules.dat,Mail/pop.serviciodecorreo.es,Remitente termina con: @exclusivasbcn.com,yes,337,Move to folder,EXCLUSIVAS BCN,"AND (from,ends with,@exclusivasbcn.com)",1,from,ends with
C:\Users\gines\AppData\Roaming\Thunderbird\Profiles\i2blparj.default\Mail\pop.serviciodecorreo.es\msgFilterRules.dat,Mail/pop.serviciodecorreo.es,Remitente es: facturacion@filtroscartes.net,yes,337,Move to folder,FILTROS CARTES,"AND (from,is,facturacion@filtroscartes.net)",1,from,is
C:\Users\gines\AppData\Roaming\Thunderbird\Profiles\i2blparj.default\Mail\pop.serviciodecorreo.es\msgFilterRules.dat,Mail/pop.serviciodecorreo.es,Remitente termina con: @valeo.com,yes,337,Move to folder,VALEO,"AND (from,ends with,@valeo.com)",1,from,ends with
C:\Users\gines\AppData\Roaming\Thunderbird\Profiles\i2blparj.default\Mail\pop.serviciodecorreo.es\msgFilterRules.dat,Mail/pop.serviciodecorreo.es,hernandez,yes,17,Move to folder,REPRESENTACIONES HERNANDEZ,"AND (from,ends with,@rhernandez.com)",1,from,ends with
C:\Users\gines\AppData\Roaming\Thunderbird\Profiles\i2blparj.default\Mail\pop.serviciodecorreo.es\msgFilterRules.dat,Mail/pop.serviciodecorreo.es,SWAG,yes,17,Move to folder,BLISTEIN - SWAG,"AND (from,ends with,@bilsteingroup.com)",1,from,ends with
C:\Users\gines\AppData\Roaming\Thunderbird\Profiles\i2blparj.default\Mail\pop.serviciodecorreo.es\msgFilterRules.dat,Mail/pop.serviciodecorreo.es,Remitente termina con: @michelin.com,yes,337,Move to folder,MICHELIN,"AND (from,ends with,@michelin.com)",1,from,ends with
C:\Users\gines\AppData\Roaming\Thunderbird\Profiles\i2blparj.default\Mail\pop.serviciodecorreo.es\msgFilterRules.dat,Mail/pop.serviciodecorreo.es,SASH,yes,337,Move to folder,SASH51a13cd2,"AND (from,ends with,@lubricantes-sash.com)",1,from,ends with
C:\Users\gines\AppData\Roaming\Thunderbird\Profiles\i2blparj.default\Mail\pop.serviciodecorreo.es\msgFilterRules.dat,Mail/pop.serviciodecorreo.es,BRIDGE,yes,337,Move to folder,BRIDGESTONE,"OR (from,is,BridgestoneAttCliente@bridgestone.eu) OR (from,is,info.facturas@bridgestone.eu)",2,from,is
C:\Users\gines\AppData\Roaming\Thunderbird\Profiles\i2blparj.default\Mail\pop.serviciodecorreo.es\msgFilterRules.dat,Mail/pop.serviciodecorreo.es,CECAUTO,yes,337,Move to folder,CECAUTO,"AND (from,ends with,@cecauto.com)",1,from,ends with
C:\Users\gines\AppData\Roaming\Thunderbird\Profiles\i2blparj.default\Mail\pop.serviciodecorreo.es\msgFilterRules.dat,Mail/pop.serviciodecorreo.es,MKD,yes,337,Move to folder,MKD RECAMBIOS,"OR (from,ends with,@mkdrecambios.com) OR (from,ends with,@mkdautomotive.com) OR (from,ends with,@grupomobius.com)",3,from,ends with
C:\Users\gines\AppData\Roaming\Thunderbird\Profiles\i2blparj.default\Mail\pop.serviciodecorreo.es\msgFilterRules.dat,Mail/pop.serviciodecorreo.es,NERTOR,yes,337,Move to folder,NER-TOR,"AND (from,ends with,@nertor.com)",1,from,ends with
C:\Users\gines\AppData\Roaming\Thunderbird\Profiles\i2blparj.default\Mail\pop.serviciodecorreo.es\msgFilterRules.dat,Mail/pop.serviciodecorreo.es,CRUZBER,yes,337,Move to folder,CRUZBER,"AND (from,ends with,@cruzber.com)",1,from,ends with
C:\Users\gines\AppData\Roaming\Thunderbird\Profiles\i2blparj.default\Mail\pop.serviciodecorreo.es\msgFilterRules.dat,Mail/pop.serviciodecorreo.es,CONTICORR,yes,337,Move to folder,CONTINENTAL CORREAS,"OR (from,ends with,@france.contitech.de) OR (from,ends with,@contitech.es)",2,from,ends with
C:\Users\gines\AppData\Roaming\Thunderbird\Profiles\i2blparj.default\Mail\pop.serviciodecorreo.es\msgFilterRules.dat,Mail/pop.serviciodecorreo.es,PEMEBLA,yes,337,Move to folder,PEMEBLA,"AND (from,ends with,postventa@pemebla.com)",1,from,ends with
C:\Users\gines\AppData\Roaming\Thunderbird\Profiles\i2blparj.default\Mail\pop.serviciodecorreo.es\msgFilterRules.dat,Mail/pop.serviciodecorreo.es,IPARLUX,yes,17,Move to folder,IPARLUX,"AND (from,ends with,@iparlux.es)",1,from,ends with
C:\Users\gines\AppData\Roaming\Thunderbird\Profiles\i2blparj.default\Mail\pop.serviciodecorreo.es\msgFilterRules.dat,Mail/pop.serviciodecorreo.es,Remitente contiene: @quimicar.es,yes,273,Move to folder,QUIMICAR,"OR (from,contains,@quimicar.es)",1,from,contains
C:\Users\gines\AppData\Roaming\Thunderbird\Profiles\i2blparj.default\Mail\pop.serviciodecorreo.es\msgFilterRules.dat,Mail/pop.serviciodecorreo.es,TOP,yes,273,Move to folder,TOP RECAMBIOS,"OR (from,is,garantias@toprecambios.com) OR (from,ends with,@toprecambios.com)",2,from,ends with;is
C:\Users\gines\AppData\Roaming\Thunderbird\Profiles\i2blparj.default\Mail\pop.serviciodecorreo.es\msgFilterRules.dat,Mail/pop.serviciodecorreo.es,ALKAR,yes,337,Move to folder,ALKAR,"AND (from,contains,@alkar.es)",1,from,contains
C:\Users\gines\AppData\Roaming\Thunderbird\Profiles\i2blparj.default\Mail\pop.serviciodecorreo.es\msgFilterRules.dat,Mail/pop.serviciodecorreo.es,SERNE,yes,337,Move to folder,SERNESA,"OR (from,ends with,@sernesa.com)",1,from,ends with
C:\Users\gines\AppData\Roaming\Thunderbird\Profiles\i2blparj.default\Mail\pop.serviciodecorreo.es\msgFilterRules.dat,Mail/pop.serviciodecorreo.es,TECCOM,yes,17,Move to folder,TECCOM,"AND (from,is,info@info.tecalliance.net)",1,from,is
C:\Users\gines\AppData\Roaming\Thunderbird\Profiles\i2blparj.default\Mail\pop.serviciodecorreo.es\msgFilterRules.dat,Mail/pop.serviciodecorreo.es,OPTIMAL,yes,337,Move to folder,OPTIMAL,"AND (from,ends with,@optimal-spain.com)",1,from,ends with
C:\Users\gines\AppData\Roaming\Thunderbird\Profiles\i2blparj.default\Mail\pop.serviciodecorreo.es\msgFilterRules.dat,Mail/pop.serviciodecorreo.es,NRF,yes,337,Move to folder,NRF,"AND (from,ends with,@nrf.eu)",1,from,ends with
C:\Users\gines\AppData\Roaming\Thunderbird\Profiles\i2blparj.default\Mail\pop.serviciodecorreo.es\msgFilterRules.dat,Mail/pop.serviciodecorreo.es,ANDRES,yes,337,Move to folder,NEUMATICOS ANDRES,"OR (from,is,blascima@grupoandres.com) OR (from,contains,@grupoandres.com)",2,from,contains;is
C:\Users\gines\AppData\Roaming\Thunderbird\Profiles\i2blparj.default\Mail\pop.serviciodecorreo.es\msgFilterRules.dat,Mail/pop.serviciodecorreo.es,EACLIMA,yes,337,Move to folder,EACLIMA,"OR (from,is,m.gonzalez@teasa.net) OR (from,contains,Electro Auto) OR (from,ends with,@eaclima.es)",3,from,contains;ends with;is
C:\Users\gines\AppData\Roaming\Thunderbird\Profiles\i2blparj.default\Mail\pop.serviciodecorreo.es\msgFilterRules.dat,Mail/pop.serviciodecorreo.es,Remitente termina con: @fare-auto.com,yes,17,Move to folder,FARE,"AND (from,ends with,@fare-auto.com)",1,from,ends with
C:\Users\gines\AppData\Roaming\Thunderbird\Profiles\i2blparj.default\Mail\pop.serviciodecorreo.es\msgFilterRules.dat,Mail/pop.serviciodecorreo.es,Remitente termina con: @frigair-iberia.com,yes,17,Move to folder,FRIG AIR,"AND (from,ends with,@frigair-iberia.com)",1,from,ends with
C:\Users\gines\AppData\Roaming\Thunderbird\Profiles\i2blparj.default\Mail\pop.serviciodecorreo.es\msgFilterRules.dat,Mail/pop.serviciodecorreo.es,Remitente es: javireal@toprecambios.com,yes,17,Move to folder,TOP RECAMBIOS/INFORMATICA,"AND (from,is,javireal@toprecambios.com)",1,from,is
C:\Users\gines\AppData\Roaming\Thunderbird\Profiles\i2blparj.default\Mail\pop.serviciodecorreo.es\msgFilterRules.dat,Mail/pop.serviciodecorreo.es,Remitente termina con: @gira.net,yes,17,Move to folder,GIRA,"AND (from,ends with,@gira.net)",1,from,ends with
C:\Users\gines\AppData\Roaming\Thunderbird\Profiles\i2blparj.default\Mail\pop.serviciodecorreo.es\msgFilterRules.dat,Mail/pop.serviciodecorreo.es,Remitente termina con: @absoal.com,yes,17,Move to folder,ABSOAL,"AND (from,ends with,@absoal.com)",1,from,ends with
C:\Users\gines\AppData\Roaming\Thunderbird\Profiles\i2blparj.default\Mail\pop.serviciodecorreo.es\msgFilterRules.dat,Mail/pop.serviciodecorreo.es,Remitente es: joselopez.iveco@hotmail.com,yes,17,Move to folder,AUTOMECANICA ALBOX TURISMO,"AND (from,is,joselopez.iveco@hotmail.com)",1,from,is
C:\Users\gines\AppData\Roaming\Thunderbird\Profiles\i2blparj.default\Mail\pop.serviciodecorreo.es\msgFilterRules.dat,Mail/pop.serviciodecorreo.es,Remitente termina con: @rztools.com,yes,17,Move to folder,RZTOOLS,"AND (from,ends with,@rztools.com)",1,from,ends with
C:\Users\gines\AppData\Roaming\Thunderbird\Profiles\i2blparj.default\Mail\pop.serviciodecorreo.es\msgFilterRules.dat,Mail/pop.serviciodecorreo.es,Remitente es: cr@rodamientos.net,yes,17,Move to folder,ROYSE,"AND (from,is,cr@rodamientos.net)",1,from,is
C:\Users\gines\AppData\Roaming\Thunderbird\Profiles\i2blparj.default\Mail\pop.serviciodecorreo.es\msgFilterRules.dat,Mail/pop.serviciodecorreo.es,Remitente termina con: @sesametime.com,yes,17,Move to folder,SESAME,"AND (from,ends with,@sesametime.com)",1,from,ends with
C:\Users\gines\AppData\Roaming\Thunderbird\Profiles\i2blparj.default\Mail\pop.serviciodecorreo.es\msgFilterRules.dat,Mail/pop.serviciodecorreo.es,Remitente es: mariano@exclusivasbcn.com,yes,17,Move to folder,EXCLUSIVAS BCN,"AND (from,ends with,@exclusivasbcn.com)",1,from,ends with
C:\Users\gines\AppData\Roaming\Thunderbird\Profiles\i2blparj.default\Mail\pop.serviciodecorreo.es\msgFilterRules.dat,Mail/pop.serviciodecorreo.es,Remitente es: facturacion@grupoandres.com,yes,17,Move to folder,NEUMATICOS ANDRES,"AND (from,is,facturacion@grupoandres.com)",1,from,is
C:\Users\gines\AppData\Roaming\Thunderbird\Profiles\i2blparj.default\Mail\pop.serviciodecorreo.es\msgFilterRules.dat,Mail/pop.serviciodecorreo.es,Remitente es: ventas2@evergreen.com.es,yes,273,Move to folder,EVERGREEN,"OR (from,is,ventas2@evergreen.com.es) OR (from,is,documentos@evergreen.com.es)",2,from,is
C:\Users\gines\AppData\Roaming\Thunderbird\Profiles\i2blparj.default\Mail\pop.serviciodecorreo.es\msgFilterRules.dat,Mail/pop.serviciodecorreo.es,Remitente es: administracion@bilsteingroup.com,yes,337,Move to folder,BLISTEIN - SWAG,"OR (from,is,administracion@bilsteingroup.com) OR (from,ends with,@Bilsteingroup.com)",2,from,ends with;is
C:\Users\gines\AppData\Roaming\Thunderbird\Profiles\i2blparj.default\Mail\pop.serviciodecorreo.es\msgFilterRules.dat,Mail/pop.serviciodecorreo.es,Remitente es: info@frigair-iberia.com,yes,17,Move to folder,FRIG AIR,"OR (from,is,info@frigair-iberia.com) OR (from,is,invoices@frigair-iberia.com)",2,from,is
C:\Users\gines\AppData\Roaming\Thunderbird\Profiles\i2blparj.default\Mail\pop.serviciodecorreo.es\msgFilterRules.dat,Mail/pop.serviciodecorreo.es,Remitente es: saphelpdesk@driv.com,yes,17,Move to folder,FEDERAL MOGUL,"OR (from,is,saphelpdesk@driv.com) OR (from,ends with,@driv.com)",2,from,ends with;is
C:\Users\gines\AppData\Roaming\Thunderbird\Profiles\i2blparj.default\Mail\pop.serviciodecorreo.es\msgFilterRules.dat,Mail/pop.serviciodecorreo.es,Remitente es: info@suminesa.com,yes,17,Move to folder,SUMINESA,"AND (from,is,info@suminesa.com)",1,from,is
C:\Users\gines\AppData\Roaming\Thunderbird\Profiles\i2blparj.default\Mail\pop.serviciodecorreo.es\msgFilterRules.dat,Mail/pop.serviciodecorreo.es,Remitente es: manad@amolux.net,yes,17,Move to folder,AMOLUX - MANAD,"AND (from,is,manad@amolux.net)",1,from,is
C:\Users\gines\AppData\Roaming\Thunderbird\Profiles\i2blparj.default\Mail\pop.serviciodecorreo.es\msgFilterRules.dat,Mail/pop.serviciodecorreo.es,Remitente es: gines@jgpsl.com,yes,17,Move to folder,FERREVERA,"AND (from,is,gines@jgpsl.com)",1,from,is
C:\Users\gines\AppData\Roaming\Thunderbird\Profiles\i2blparj.default\Mail\pop.serviciodecorreo.es\msgFilterRules.dat,Mail/pop.serviciodecorreo.es,Remitente es: BCNEXPEDICIONES@FEYC.ES,yes,17,Move to folder,RODAMIENTOS FEYC,"AND (from,is,BCNEXPEDICIONES@FEYC.ES)",1,from,is
C:\Users\gines\AppData\Roaming\Thunderbird\Profiles\i2blparj.default\Mail\pop.serviciodecorreo.es\msgFilterRules.dat,Mail/pop.serviciodecorreo.es,Remitente es: nita@delinmitel.com,yes,17,Move to folder,DELINMITEL,"AND (from,is,nita@delinmitel.com)",1,from,is
C:\Users\gines\AppData\Roaming\Thunderbird\Profiles\i2blparj.default\Mail\pop.serviciodecorreo.es\msgFilterRules.dat,Mail/pop.serviciodecorreo.es,Remitente es: administracion@euromaquinas.com,yes,17,Move to folder,EUROMAQUINARIAS HISPANIDAD,"AND (from,is,administracion@euromaquinas.com)",1,from,is
C:\Users\gines\AppData\Roaming\Thunderbird\Profiles\i2blparj.default\Mail\pop.serviciodecorreo.es\msgFilterRules.dat,Mail/pop.serviciodecorreo.es,Remitente es: hogar1@poessa.com,yes,17,Move to folder,POESSA,"AND (from,is,hogar1@poessa.com)",1,from,is
C:\Users\gines\AppData\Roaming\Thunderbird\Profiles\i2blparj.default\Mail\pop.serviciodecorreo.es\msgFilterRules.dat,Mail/pop.serviciodecorreo.es,Remitente es: info@dogaparts.es,yes,17,Move to folder,DOGA,"OR (from,is,info@dogaparts.es) OR (from,ends with,@dogaparts.es)",2,from,ends with;is
C:\Users\gines\AppData\Roaming\Thunderbird\Profiles\i2blparj.default\Mail\pop.serviciodecorreo.es\msgFilterRules.dat,Mail/pop.serviciodecorreo.es,Remitente es: mecavera@mecavera.redpeugeot.com,yes,17,Move to folder,MECAVERA,"AND (from,is,mecavera@mecavera.redpeugeot.com)",1,from,is
C:\Users\gines\AppData\Roaming\Thunderbird\Profiles\i2blparj.default\Mail\pop.serviciodecorreo.es\msgFilterRules.dat,Mail/pop.serviciodecorreo.es,Remitente es: admon@carpriss.com,yes,17,Move to folder,CARPRISS,"OR (from,is,admon@carpriss.com) OR (from,ends with,@carpriss.com)",2,from,ends with;is
C:\Users\gines\AppData\Roaming\Thunderbird\Profiles\i2blparj.default\Mail\pop.serviciodecorreo.es\msgFilterRules.dat,Mail/pop.serviciodecorreo.es,Remitente es: facturacion@samoaindustrial.com,yes,17,Move to folder,SAMOA,"AND (from,is,facturacion@samoaindustrial.com)",1,from,is
C:\Users\gines\AppData\Roaming\Thunderbird\Profiles\i2blparj.default\Mail\pop.serviciodecorreo.es\msgFilterRules.dat,Mail/pop.serviciodecorreo.es,Remitente es: Administracion@multirecambioshm.com,yes,273,Move to folder,MULTIRECAMBIOS HM,"OR (from,is,Administracion@multirecambioshm.com) OR (from,ends with,@multirecambioshm.com)",2,from,ends with;is
C:\Users\gines\AppData\Roaming\Thunderbird\Profiles\i2blparj.default\Mail\pop.serviciodecorreo.es\msgFilterRules.dat,Mail/pop.serviciodecorreo.es,Remitente es: facturacion@recambiosasiaticos.com,yes,17,Move to folder,RECAMBIOS ASIATICOS,"OR (from,is,facturacion@recambiosasiaticos.com) OR (from,ends with,@recambiosasiaticos.com)",2,from,ends with;is
C:\Users\gines\AppData\Roaming\Thunderbird\Profiles\i2blparj.default\Mail\pop.serviciodecorreo.es\msgFilterRules.dat,Mail/pop.serviciodecorreo.es,Remitente es: administracion@febestiberica.com,yes,17,Move to folder,FEBEST - RUMBO NORTE,"AND (from,is,administracion@febestiberica.com)",1,from,is
C:\Users\gines\AppData\Roaming\Thunderbird\Profiles\i2blparj.default\Mail\pop.serviciodecorreo.es\msgFilterRules.dat,Mail/pop.serviciodecorreo.es,Remitente es: escribano@pinchazosvargas.com,yes,17,Move to folder,PINCHAZOS VARGAS,"AND (from,is,escribano@pinchazosvargas.com)",1,from,is
C:\Users\gines\AppData\Roaming\Thunderbird\Profiles\i2blparj.default\Mail\pop.serviciodecorreo.es\msgFilterRules.dat,Mail/pop.serviciodecorreo.es,Remitente es: autosys@henkel.com,yes,17,Move to folder,HENKEL,"OR (from,is,autosys@henkel.com) OR (from,ends with,@henkel.com)",2,from,ends with;is
C:\Users\gines\AppData\Roaming\Thunderbird\Profiles\i2blparj.default\Mail\pop.serviciodecorreo.es\msgFilterRules.dat,Mail/pop.serviciodecorreo.es,Remitente es: pedidos.tork@essity.com,yes,17,Move to folder,ESSITY - TORK,"AND (from,is,pedidos.tork@essity.com)",1,from,is
C:\Users\gines\AppData\Roaming\Thunderbird\Profiles\i2blparj.default\Mail\pop.serviciodecorreo.es\msgFilterRules.dat,Mail/pop.serviciodecorreo.es,COMPRAS VARIAS,yes,273,Move to folder,COMPRAS VARIAS,"OR (from,is,info@42kshop.com) OR (from,is,pedidos@pccomponentes.com) OR (from,is,noreply@pccomponentes.com) OR (from,ends with,@pccomponentes.com) OR (from,is,verametal2015@gmail.com) OR (subject,contains,PcComponentes)",6,from;subject,contains;ends with;is
C:\Users\gines\AppData\Roaming\Thunderbird\Profiles\i2blparj.default\Mail\pop.serviciodecorreo.es\msgFilterRules.dat,Mail/pop.serviciodecorreo.es,Remitente es: lydia.bartolome@euromaster.com,yes,17,Move to folder,EUROMASTER,"OR (from,is,lydia.bartolome@euromaster.com) OR (from,ends with,@euromaster.com)",2,from,ends with;is
C:\Users\gines\AppData\Roaming\Thunderbird\Profiles\i2blparj.default\Mail\pop.serviciodecorreo.es\msgFilterRules.dat,Mail/pop.serviciodecorreo.es,Remitente es: portal@rema-tiptop.es,yes,17,Move to folder,Trash/TIP-TOP,"AND (from,is,portal@rema-tiptop.es)",1,from,is
C:\Users\gines\AppData\Roaming\Thunderbird\Profiles\i2blparj.default\Mail\pop.serviciodecorreo.es\msgFilterRules.dat,Mail/pop.serviciodecorreo.es,Remitente es: ecommerce@rema-tiptop.es,yes,337,Move to folder,Trash/TIP-TOP,"OR (from,is,ecommerce@rema-tiptop.es) OR (from,is,portal@rema-tiptop.es) OR (from,is,facturacion@rema-tiptop.es) OR (from,ends with,@rema-tiptop.es)",4,from,ends with;is
C:\Users\gines\AppData\Roaming\Thunderbird\Profiles\i2blparj.default\Mail\pop.serviciodecorreo.es\msgFilterRules.dat,Mail/pop.serviciodecorreo.es,Remitente es: n.mihai@kyb-europe.com,yes,17,Move to folder,KYB,"OR (from,is,n.mihai@kyb-europe.com) OR (from,ends with,kyb-europe.com)",2,from,ends with;is
C:\Users\gines\AppData\Roaming\Thunderbird\Profiles\i2blparj.default\Mail\pop.serviciodecorreo.es\msgFilterRules.dat,Mail/pop.serviciodecorreo.es,Remitente es: duerto@duerto.com,yes,17,Move to folder,DUERTO,"AND (from,is,duerto@duerto.com)",1,from,is
C:\Users\gines\AppData\Roaming\Thunderbird\Profiles\i2blparj.default\Mail\pop.serviciodecorreo.es\msgFilterRules.dat,Mail/pop.serviciodecorreo.es,Remitente es: iliana.el.youjili@continental.com,yes,17,Move to folder,CONTINENTAL CORREAS,"OR (from,is,iliana.el.youjili@continental.com) OR (from,ends with,@continental.com)",2,from,ends with;is
C:\Users\gines\AppData\Roaming\Thunderbird\Profiles\i2blparj.default\Mail\pop.serviciodecorreo.es\msgFilterRules.dat,Mail/pop.serviciodecorreo.es,Remitente es: contact@mecafilter-info.com,yes,17,Move to folder,MECAFILTER,"AND (from,is,contact@mecafilter-info.com)",1,from,is
C:\Users\gines\AppData\Roaming\Thunderbird\Profiles\i2blparj.default\Mail\pop.serviciodecorreo.es\msgFilterRules.dat,Mail/pop.serviciodecorreo.es,Remitente es: comercial@transmisiones-cardiberica.com,yes,17,Move to folder,CARDIBERICA,"AND (from,is,comercial@transmisiones-cardiberica.com)",1,from,is
C:\Users\gines\AppData\Roaming\Thunderbird\Profiles\i2blparj.default\Mail\pop.serviciodecorreo.es\msgFilterRules.dat,Mail/pop.serviciodecorreo.es,Remitente es: facturacion@iparlux.es,yes,17,Move to folder,IPARLUX,"AND (from,is,facturacion@iparlux.es)",1,from,is
C:\Users\gines\AppData\Roaming\Thunderbird\Profiles\i2blparj.default\Mail\pop.serviciodecorreo.es\msgFilterRules.dat,Mail/pop.serviciodecorreo.es,Remitente es: BremboDispatcher@lutech.it,yes,337,Move to folder,BREMBO,"OR (from,is,BremboDispatcher@lutech.it) OR (from,is,JoseAntonio_Bailo@brembo.es) OR (from,ends with,@brembo.es)",3,from,ends with;is
C:\Users\gines\AppData\Roaming\Thunderbird\Profiles\i2blparj.default\Mail\pop.serviciodecorreo.es\msgFilterRules.dat,Mail/pop.serviciodecorreo.es,Remitente es: e-invoicing@ptg.contitech.de,yes,17,Move to folder,CONTINENTAL CORREAS,"AND (from,is,e-invoicing@ptg.contitech.de)",1,from,is
C:\Users\gines\AppData\Roaming\Thunderbird\Profiles\i2blparj.default\Mail\pop.serviciodecorreo.es\msgFilterRules.dat,Mail/pop.serviciodecorreo.es,Remitente es: administracion@meat-doria.es,yes,17,Move to folder,MEAT-DORIA,"OR (from,is,administracion@meat-doria.es) OR (from,is,facturacion@meat-doria.es) OR (from,ends with,@meat-doria.es)",3,from,ends with;is
C:\Users\gines\AppData\Roaming\Thunderbird\Profiles\i2blparj.default\Mail\pop.serviciodecorreo.es\msgFilterRules.dat,Mail/pop.serviciodecorreo.es,Remitente es: noreply@toprecambios.com,yes,17,Move to folder,TOP RECAMBIOS,"AND (from,is,noreply@toprecambios.com)",1,from,is
C:\Users\gines\AppData\Roaming\Thunderbird\Profiles\i2blparj.default\Mail\pop.serviciodecorreo.es\msgFilterRules.dat,Mail/pop.serviciodecorreo.es,Remitente es: barralautofordcoslada@gmail.com,yes,17,Move to folder,BARRAL AUTO,"AND (from,is,barralautofordcoslada@gmail.com)",1,from,is
C:\Users\gines\AppData\Roaming\Thunderbird\Profiles\i2blparj.default\Mail\pop.serviciodecorreo.es\msgFilterRules.dat,Mail/pop.serviciodecorreo.es,Remitente es: administracion@rolmovil.net,yes,17,Move to folder,POOL LINE,"OR (from,is,administracion@rolmovil.net) OR (from,is,pedidos@pool-line.com) OR (from,ends with,@pool-line.com)",3,from,ends with;is
C:\Users\gines\AppData\Roaming\Thunderbird\Profiles\i2blparj.default\Mail\pop.serviciodecorreo.es\msgFilterRules.dat,Mail/pop.serviciodecorreo.es,Remitente es: admin@toprecambios.com,yes,17,Move to folder,TOP RECAMBIOS,"AND (from,is,admin@toprecambios.com)",1,from,is
C:\Users\gines\AppData\Roaming\Thunderbird\Profiles\i2blparj.default\Mail\pop.serviciodecorreo.es\msgFilterRules.dat,Mail/pop.serviciodecorreo.es,Remitente es: talleres.automecanica-albox@rediveco.com,yes,17,Move to folder,AUTOMECANICA ALBOX TURISMO,"AND (from,is,talleres.automecanica-albox@rediveco.com)",1,from,is
C:\Users\gines\AppData\Roaming\Thunderbird\Profiles\i2blparj.default\Mail\pop.serviciodecorreo.es\msgFilterRules.dat,Mail/pop.serviciodecorreo.es,Remitente es: pedidos2@toprecambios.com,yes,17,Move to folder,TOP RECAMBIOS,"AND (from,is,pedidos2@toprecambios.com)",1,from,is
C:\Users\gines\AppData\Roaming\Thunderbird\Profiles\i2blparj.default\Mail\pop.serviciodecorreo.es\msgFilterRules.dat,Mail/pop.serviciodecorreo.es,Remitente es: infoenvios@mail.seur.info,yes,17,Move to folder,SEUR,"AND (from,is,infoenvios@mail.seur.info)",1,from,is
C:\Users\gines\AppData\Roaming\Thunderbird\Profiles\i2blparj.default\Mail\pop.serviciodecorreo.es\msgFilterRules.dat,Mail/pop.serviciodecorreo.es,Remitente es: almacenlucena@gmail.com,yes,337,Move to folder,NEUMATICOS LUCENA,"OR (from,is,almacenlucena@gmail.com) OR (from,is,administracion@neumaticoslucena.com) OR (from,is,neumaticoslucenasl@gmail.com) OR (from,ends with,@neumaticoslucena.com)",4,from,ends with;is
C:\Users\gines\AppData\Roaming\Thunderbird\Profiles\i2blparj.default\Mail\pop.serviciodecorreo.es\msgFilterRules.dat,Mail/pop.serviciodecorreo.es,Remitente es: marta.buceta@contitech.es,yes,337,Move to folder,CONTINENTAL CORREAS,"OR (from,is,marta.buceta@contitech.es) OR (from,ends with,@contitech.es)",2,from,ends with;is
C:\Users\gines\AppData\Roaming\Thunderbird\Profiles\i2blparj.default\Mail\pop.serviciodecorreo.es\msgFilterRules.dat,Mail/pop.serviciodecorreo.es,Remitente es: gachino@algogroup.net,yes,273,Move to folder,ALGO GROUP,"OR (from,is,gachino@algogroup.net) OR (from,ends with,@algogroup.net)",2,from,ends with;is
C:\Users\gines\AppData\Roaming\Thunderbird\Profiles\i2blparj.default\Mail\pop.serviciodecorreo.es\msgFilterRules.dat,Mail/pop.serviciodecorreo.es,Remitente contiene: @asysum.com,yes,17,Move to folder,ASYSUM,"AND (from,contains,@asysum.com)",1,from,contains
C:\Users\gines\AppData\Roaming\Thunderbird\Profiles\i2blparj.default\Mail\pop.serviciodecorreo.es\msgFilterRules.dat,Mail/pop.serviciodecorreo.es,Remitente contiene: facturacion@serca.es,yes,273,Move to folder,SERCA FACTURACION,"OR (from,contains,facturacion@serca.es) OR (from,contains,eduard.calpe@serca.es) OR (from,contains,proveedores@serca.es) OR (from,contains,sergio.gonzalez@serca.es) OR (subject,contains,VETURILO)",5,from;subject,contains
C:\Users\gines\AppData\Roaming\Thunderbird\Profiles\i2blparj.default\Mail\pop.serviciodecorreo.es\msgFilterRules.dat,Mail/pop.serviciodecorreo.es,Remitente es: facturas@toprecambios.com,yes,17,Move to folder,TOP RECAMBIOS,"AND (from,is,facturas@toprecambios.com)",1,from,is
C:\Users\gines\AppData\Roaming\Thunderbird\Profiles\i2blparj.default\Mail\pop.serviciodecorreo.es\msgFilterRules.dat,Mail/pop.serviciodecorreo.es,Remitente es: facturacion@toprecambios.com,yes,273,Move to folder,TOP RECAMBIOS,"AND (from,is,facturacion@toprecambios.com)",1,from,is
C:\Users\gines\AppData\Roaming\Thunderbird\Profiles\i2blparj.default\Mail\pop.serviciodecorreo.es\msgFilterRules.dat,Mail/pop.serviciodecorreo.es,Remitente es: atencionalcliente@pulpiautomocion.com,yes,17,Move to folder,PULPI AUTOMOCION,"AND (from,is,atencionalcliente@pulpiautomocion.com)",1,from,is
C:\Users\gines\AppData\Roaming\Thunderbird\Profiles\i2blparj.default\Mail\pop.serviciodecorreo.es\msgFilterRules.dat,Mail/pop.serviciodecorreo.es,Remitente es: harrywalker@harrywalker.net,yes,17,Move to folder,HARRY WALKER RODAMIENTOS,"AND (from,is,harrywalker@harrywalker.net)",1,from,is
C:\Users\gines\AppData\Roaming\Thunderbird\Profiles\i2blparj.default\Mail\pop.serviciodecorreo.es\msgFilterRules.dat,Mail/pop.serviciodecorreo.es,Remitente es: adm.spj@spj.es,yes,17,Move to folder,SPJ0f44851e,"AND (from,is,adm.spj@spj.es)",1,from,is
C:\Users\gines\AppData\Roaming\Thunderbird\Profiles\i2blparj.default\Mail\pop.serviciodecorreo.es\msgFilterRules.dat,Mail/pop.serviciodecorreo.es,Remitente termina con: @htlubricantoils.com,yes,17,Move to folder,HTLO LUBRICANTES,"AND (from,ends with,@htlubricantoils.com)",1,from,ends with
C:\Users\gines\AppData\Roaming\Thunderbird\Profiles\i2blparj.default\Mail\pop.serviciodecorreo.es\msgFilterRules.dat,Mail/pop.serviciodecorreo.es,Remitente es: facturacionferrevera@gmail.com,yes,17,Move to folder,FERREVERA,"AND (from,is,facturacionferrevera@gmail.com)",1,from,is
C:\Users\gines\AppData\Roaming\Thunderbird\Profiles\i2blparj.default\Mail\pop.serviciodecorreo.es\msgFilterRules.dat,Mail/pop.serviciodecorreo.es,Remitente es: administracion@rztools.com,yes,17,Move to folder,RZTOOLS,"AND (from,is,administracion@rztools.com)",1,from,is
C:\Users\gines\AppData\Roaming\Thunderbird\Profiles\i2blparj.default\Mail\pop.serviciodecorreo.es\msgFilterRules.dat,Mail/pop.serviciodecorreo.es,Remitente es: facturacion.almeria@seur.net,yes,17,Move to folder,SEUR,"AND (from,is,facturacion.almeria@seur.net)",1,from,is
C:\Users\gines\AppData\Roaming\Thunderbird\Profiles\i2blparj.default\Mail\pop.serviciodecorreo.es\msgFilterRules.dat,Mail/pop.serviciodecorreo.es,Remitente es: erp@cecauto.com,yes,17,Move to folder,CECAUTO,"AND (from,is,erp@cecauto.com)",1,from,is
C:\Users\gines\AppData\Roaming\Thunderbird\Profiles\i2blparj.default\Mail\pop.serviciodecorreo.es\msgFilterRules.dat,Mail/pop.serviciodecorreo.es,Remitente es: elisa.franceschini@airtopitalia.eu,yes,17,Move to folder,AIRTOP ITALIA,"AND (from,is,elisa.franceschini@airtopitalia.eu)",1,from,is
C:\Users\gines\AppData\Roaming\Thunderbird\Profiles\i2blparj.default\Mail\pop.serviciodecorreo.es\msgFilterRules.dat,Mail/pop.serviciodecorreo.es,Remitente es: es.prometeon.i.sdd@prometeon.com,yes,17,Move to folder,PROMETEON,"AND (from,ends with,@prometeon.com)",1,from,ends with
C:\Users\gines\AppData\Roaming\Thunderbird\Profiles\i2blparj.default\Mail\pop.serviciodecorreo.es\msgFilterRules.dat,Mail/pop.serviciodecorreo.es,Remitente termina con: @ams-osram.com,yes,273,Move to folder,OSRAM,"OR (from,ends with,@ams-osram.com) OR (from,ends with,@osram.com)",2,from,ends with
C:\Users\gines\AppData\Roaming\Thunderbird\Profiles\i2blparj.default\Mail\pop.serviciodecorreo.es\msgFilterRules.dat,Mail/pop.serviciodecorreo.es,Remitente es: sonia@amolux.net,yes,17,Move to folder,AMOLUX,"AND (from,is,sonia@amolux.net)",1,from,is
C:\Users\gines\AppData\Roaming\Thunderbird\Profiles\i2blparj.default\Mail\pop.serviciodecorreo.es\msgFilterRules.dat,Mail/pop.serviciodecorreo.es,Remitente es: nissens@nissens.com,yes,17,Move to folder,NISSENS,"AND (from,is,nissens@nissens.com)",1,from,is
C:\Users\gines\AppData\Roaming\Thunderbird\Profiles\i2blparj.default\Mail\pop.serviciodecorreo.es\msgFilterRules.dat,Mail/pop.serviciodecorreo.es,Remitente contiene: @danazaragoza.com,yes,273,Move to folder,DANA AUTOMOCION,"OR (from,is,facturacion@danazaragoza.com) OR (from,ends with,@dana.com)",2,from,ends with;is
C:\Users\gines\AppData\Roaming\Thunderbird\Profiles\i2blparj.default\Mail\pop.serviciodecorreo.es\msgFilterRules.dat,Mail/pop.serviciodecorreo.es,Remitente es: Facturacion@barralauto.com,yes,273,Move to folder,BARRAL AUTO,"OR (from,is,Facturacion@barralauto.com) OR (subject,contains,barral auto) OR (from,contains,barral auto)",3,from;subject,contains;is
C:\Users\gines\AppData\Roaming\Thunderbird\Profiles\i2blparj.default\Mail\pop.serviciodecorreo.es\msgFilterRules.dat,Mail/pop.serviciodecorreo.es,Remitente termina con: @as-sl.com,yes,17,Move to folder,AS,"AND (from,ends with,@as-sl.com)",1,from,ends with
C:\Users\gines\AppData\Roaming\Thunderbird\Profiles\i2blparj.default\Mail\pop.serviciodecorreo.es\msgFilterRules.dat,Mail/pop.serviciodecorreo.es,Remitente es: sash@lubricantes-sash.com,yes,17,Move to folder,ACEITES Y LUBRICANTES SASH,"AND (from,ends with,@lubricantes-sash.com)",1,from,ends with
C:\Users\gines\AppData\Roaming\Thunderbird\Profiles\i2blparj.default\Mail\pop.serviciodecorreo.es\msgFilterRules.dat,Mail/pop.serviciodecorreo.es,Remitente es: facturacion@alcaner.com,yes,17,Move to folder,ALCANER 2000,"AND (from,is,facturacion@alcaner.com)",1,from,is
C:\Users\gines\AppData\Roaming\Thunderbird\Profiles\i2blparj.default\Mail\pop.serviciodecorreo.es\msgFilterRules.dat,Mail/pop.serviciodecorreo.es,Remitente es: javi@liv-indurain.com,yes,17,Move to folder,PRODUCTOS LIV610ec48b,"AND (from,ends with,@liv-indurain.com)",1,from,ends with
C:\Users\gines\AppData\Roaming\Thunderbird\Profiles\i2blparj.default\Mail\pop.serviciodecorreo.es\msgFilterRules.dat,Mail/pop.serviciodecorreo.es,Remitente es: noreply@nex.es,yes,17,Move to folder,NEX TYRES,"AND (from,is,noreply@nex.es)",1,from,is
C:\Users\gines\AppData\Roaming\Thunderbird\Profiles\i2blparj.default\Mail\pop.serviciodecorreo.es\msgFilterRules.dat,Mail/pop.serviciodecorreo.es,Remitente es: grupo@holyauto.com,yes,17,Move to folder,HOLY AUTO,"AND (from,is,grupo@holyauto.com)",1,from,is
C:\Users\gines\AppData\Roaming\Thunderbird\Profiles\i2blparj.default\Mail\pop.serviciodecorreo.es\msgFilterRules.dat,Mail/pop.serviciodecorreo.es,Remitente es: m.gonzalez@eaclima.es,yes,17,Move to folder,EACLIMA,"AND (from,is,m.gonzalez@eaclima.es)",1,from,is
C:\Users\gines\AppData\Roaming\Thunderbird\Profiles\i2blparj.default\Mail\pop.serviciodecorreo.es\msgFilterRules.dat,Mail/pop.serviciodecorreo.es,Remitente es: ecommerce2.aarm@dk.bosch.com,yes,17,Move to folder,HC-CARGO,"AND (from,is,ecommerce2.aarm@dk.bosch.com)",1,from,is
C:\Users\gines\AppData\Roaming\Thunderbird\Profiles\i2blparj.default\Mail\pop.serviciodecorreo.es\msgFilterRules.dat,Mail/pop.serviciodecorreo.es,Remitente es: mailer_sap@ajusa.es,yes,17,Move to folder,AJUSA,"AND (from,is,mailer_sap@ajusa.es)",1,from,is
C:\Users\gines\AppData\Roaming\Thunderbird\Profiles\i2blparj.default\Mail\pop.serviciodecorreo.es\msgFilterRules.dat,Mail/pop.serviciodecorreo.es,Remitente contiene: totalenergies,yes,273,Move to folder,TOTAL,"AND (from,contains,totalenergies)",1,from,contains
C:\Users\gines\AppData\Roaming\Thunderbird\Profiles\i2blparj.default\Mail\pop.serviciodecorreo.es\msgFilterRules.dat,Mail/pop.serviciodecorreo.es,Remitente es: goyra@ofiexperts.es,yes,17,Move to folder,GOYRA,"OR (from,is,goyra@ofiexperts.es) OR (from,is,goyraofii@gmail.com)",2,from,is
C:\Users\gines\AppData\Roaming\Thunderbird\Profiles\i2blparj.default\Mail\pop.serviciodecorreo.es\msgFilterRules.dat,Mail/pop.serviciodecorreo.es,Remitente es: lucia@ceapi.es,yes,17,Move to folder,CEAPI,"AND (from,is,lucia@ceapi.es)",1,from,is
C:\Users\gines\AppData\Roaming\Thunderbird\Profiles\i2blparj.default\Mail\pop.serviciodecorreo.es\msgFilterRules.dat,Mail/pop.serviciodecorreo.es,Remitente es: atencionalcliente@ita-rotomatic.com,yes,17,Move to folder,ITA-ROTOMATIC,"OR (from,is,atencionalcliente@ita-rotomatic.com) OR (from,ends with,ita-rotomatic.com) OR (from,ends with,oficinaitarotomatic@gmail.com)",3,from,ends with;is
C:\Users\gines\AppData\Roaming\Thunderbird\Profiles\i2blparj.default\Mail\pop.serviciodecorreo.es\msgFilterRules.dat,Mail/pop.serviciodecorreo.es,Remitente es: administracion@amosan.es,yes,17,Move to folder,AMOSAN,"AND (from,is,administracion@amosan.es)",1,from,is
C:\Users\gines\AppData\Roaming\Thunderbird\Profiles\i2blparj.default\Mail\pop.serviciodecorreo.es\msgFilterRules.dat,Mail/pop.serviciodecorreo.es,Remitente es: admin@msmc.es,yes,17,Move to folder,MSMC4f5fc55b,"AND (from,is,admin@msmc.es)",1,from,is
C:\Users\gines\AppData\Roaming\Thunderbird\Profiles\i2blparj.default\Mail\pop.serviciodecorreo.es\msgFilterRules.dat,Mail/pop.serviciodecorreo.es,Remitente es: facturacioncartes@grupocartes.es,yes,17,Move to folder,FILTROS CARTES,"AND (from,is,facturacioncartes@grupocartes.es)",1,from,is
C:\Users\gines\AppData\Roaming\Thunderbird\Profiles\i2blparj.default\Mail\pop.serviciodecorreo.es\msgFilterRules.dat,Mail/pop.serviciodecorreo.es,Remitente es: contabilidad@pemebla.com,yes,17,Move to folder,PEMEBLA,"AND (from,is,contabilidad@pemebla.com)",1,from,is
C:\Users\gines\AppData\Roaming\Thunderbird\Profiles\i2blparj.default\Mail\pop.serviciodecorreo.es\msgFilterRules.dat,Mail/pop.serviciodecorreo.es,Remitente es: efactura@exclusivasbcn.com,yes,17,Move to folder,EXCLUSIVAS BCN,"AND (from,is,efactura@exclusivasbcn.com)",1,from,is
C:\Users\gines\AppData\Roaming\Thunderbird\Profiles\i2blparj.default\Mail\pop.serviciodecorreo.es\msgFilterRules.dat,Mail/pop.serviciodecorreo.es,Remitente es: BremboDispatcher@DISC.it,yes,17,Move to folder,BREMBO,"AND (from,is,BremboDispatcher@DISC.it)",1,from,is
C:\Users\gines\AppData\Roaming\Thunderbird\Profiles\i2blparj.default\Mail\pop.serviciodecorreo.es\msgFilterRules.dat,Mail/pop.serviciodecorreo.es,Remitente es: marta@exclusivasbcn.com,yes,337,Move to folder,EXCLUSIVAS BCN,"AND (from,is,marta@exclusivasbcn.com)",1,from,is
C:\Users\gines\AppData\Roaming\Thunderbird\Profiles\i2blparj.default\Mail\pop.serviciodecorreo.es\msgFilterRules.dat,Mail/pop.serviciodecorreo.es,Remitente es: administracio@jbmcamp.com,yes,17,Move to folder,JBM,"AND (from,is,administracio@jbmcamp.com)",1,from,is
C:\Users\gines\AppData\Roaming\Thunderbird\Profiles\i2blparj.default\Mail\pop.serviciodecorreo.es\msgFilterRules.dat,Mail/pop.serviciodecorreo.es,Remitente es: contabilidad@fare-auto.com,yes,337,Move to folder,FARE,"AND (from,is,contabilidad@fare-auto.com)",1,from,is
C:\Users\gines\AppData\Roaming\Thunderbird\Profiles\i2blparj.default\Mail\pop.serviciodecorreo.es\msgFilterRules.dat,Mail/pop.serviciodecorreo.es,Remitente es: pedidos@acps-automotive.com,yes,17,Move to folder,ACPS AUTOMOTIVE,"OR (from,is,pedidos@acps-automotive.com) OR (from,is,javier.lorenzo@acps-automotive.com) OR (from,ends with,@acps-automotive.com)",3,from,ends with;is
C:\Users\gines\AppData\Roaming\Thunderbird\Profiles\i2blparj.default\Mail\pop.serviciodecorreo.es\msgFilterRules.dat,Mail/pop.serviciodecorreo.es,Remitente es: optimal@optimal-spain.com,yes,337,Move to folder,OPTIMAL,"OR (from,is,optimal@optimal-spain.com) OR (from,is,xavi@optimal-spain.com) OR (from,ends with,@optimal-spain.com)",3,from,ends with;is
C:\Users\gines\AppData\Roaming\Thunderbird\Profiles\i2blparj.default\Mail\pop.serviciodecorreo.es\msgFilterRules.dat,Mail/pop.serviciodecorreo.es,Remitente es: r.delgado@kyb-europe.com,yes,17,Move to folder,KYB,"AND (from,is,r.delgado@kyb-europe.com)",1,from,is
C:\Users\gines\AppData\Roaming\Thunderbird\Profiles\i2blparj.default\Mail\pop.serviciodecorreo.es\msgFilterRules.dat,Mail/pop.serviciodecorreo.es,Remitente es: m.gonzalez@teasa.net,yes,337,Move to folder,EACLIMA,"AND (from,is,m.gonzalez@teasa.net)",1,from,is
C:\Users\gines\AppData\Roaming\Thunderbird\Profiles\i2blparj.default\Mail\pop.serviciodecorreo.es\msgFilterRules.dat,Mail/pop.serviciodecorreo.es,Remitente es: tallerbayra@gmail.com,yes,337,Move to folder,TALLERES BAYRA,"AND (from,is,tallerbayra@gmail.com)",1,from,is
C:\Users\gines\AppData\Roaming\Thunderbird\Profiles\i2blparj.default\Mail\pop.serviciodecorreo.es\msgFilterRules.dat,Mail/pop.serviciodecorreo.es,Remitente es: administracion@recambiosjesus.com,yes,337,Move to folder,RECAMBIOS JESUS,"OR (from,is,administracion@recambiosjesus.com) OR (from,ends with,@recambiosjesus.com) OR (from,is,facturacion@recambiosjesus.com)",3,from,ends with;is
C:\Users\gines\AppData\Roaming\Thunderbird\Profiles\i2blparj.default\Mail\pop.serviciodecorreo.es\msgFilterRules.dat,Mail/pop.serviciodecorreo.es,Remitente es: albox@chemaneumaticos.es,yes,337,Move to folder,CHEMA NEUMATICOS,"AND (from,is,albox@chemaneumaticos.es)",1,from,is
C:\Users\gines\AppData\Roaming\Thunderbird\Profiles\i2blparj.default\Mail\pop.serviciodecorreo.es\msgFilterRules.dat,Mail/pop.serviciodecorreo.es,Remitente es: ita-rotomatic@cecot.es,yes,273,Move to folder,ITA-ROTOMATIC,"AND (from,is,ita-rotomatic@cecot.es)",1,from,is
C:\Users\gines\AppData\Roaming\Thunderbird\Profiles\i2blparj.default\Mail\pop.serviciodecorreo.es\msgFilterRules.dat,Mail/pop.serviciodecorreo.es,Remitente termina con: @mahle.com,yes,337,Move to folder,MAHLE,"OR (from,ends with,@mahle.com) OR (subject,contains,MAHLE Aftermarket S.L.U)",2,from;subject,contains;ends with
C:\Users\gines\AppData\Roaming\Thunderbird\Profiles\i2blparj.default\Mail\pop.serviciodecorreo.es\msgFilterRules.dat,Mail/pop.serviciodecorreo.es,Remitente contiene: ICR-reporting@ppg.com,yes,273,Move to folder,ICR IBERICA,"OR (from,contains,ICR-reporting@ppg.com) OR (subject,contains,ICR IBERICA)",2,from;subject,contains
C:\Users\gines\AppData\Roaming\Thunderbird\Profiles\i2blparj.default\Mail\pop.serviciodecorreo.es\msgFilterRules.dat,Mail/pop.serviciodecorreo.es,Asunto contiene: anydesk,yes,273,Move to folder,ANYDESK,"OR (subject,contains,anydesk) OR (from,contains,support@anydesk.com)",2,from;subject,contains
C:\Users\gines\AppData\Roaming\Thunderbird\Profiles\i2blparj.default\Mail\pop.serviciodecorreo.es\msgFilterRules.dat,Mail/pop.serviciodecorreo.es,Remitente es: factura@cevamiberica.com,yes,273,Move to folder,CEVAM,"OR (from,is,factura@cevamiberica.com) OR (all addresses,contains,ramon.hernandez.cevamiberica.com) OR (from,is,almacen@cevamiberica.com) OR (from,contains,@cevamiberica.com) OR (from,ends with,@cevam.com)",5,all addresses;from,contains;ends with;is
C:\Users\gines\AppData\Roaming\Thunderbird\Profiles\i2blparj.default\Mail\pop.serviciodecorreo.es\msgFilterRules.dat,Mail/pop.serviciodecorreo.es,Remitente termina con: @solaufil.com,yes,17,Move to folder,MECAFILTER,"AND (from,ends with,@solaufil.com)",1,from,ends with
C:\Users\gines\AppData\Roaming\Thunderbird\Profiles\i2blparj.default\Mail\pop.serviciodecorreo.es\msgFilterRules.dat,Mail/pop.serviciodecorreo.es,Remitente es: pmancebo@gira.net,yes,17,Move to folder,GIRA,"AND (from,is,pmancebo@gira.net)",1,from,is
C:\Users\gines\AppData\Roaming\Thunderbird\Profiles\i2blparj.default\Mail\pop.serviciodecorreo.es\msgFilterRules.dat,Mail/pop.serviciodecorreo.es,Remitente es: vs-madrid-pedidos@valeo.com,yes,17,Move to folder,VALEO,"AND (from,is,vs-madrid-pedidos@valeo.com)",1,from,is
C:\Users\gines\AppData\Roaming\Thunderbird\Profiles\i2blparj.default\Mail\pop.serviciodecorreo.es\msgFilterRules.dat,Mail/pop.serviciodecorreo.es,borg & beck,yes,337,Move to folder,BB - BORG & BECK(2),"AND (from,ends with,@borgandbeck.com)",1,from,ends with
C:\Users\gines\AppData\Roaming\Thunderbird\Profiles\i2blparj.default\Mail\pop.serviciodecorreo.es\msgFilterRules.dat,Mail/pop.serviciodecorreo.es,estanfi,yes,337,Move to folder,ESTANFI,"AND (from,is,admin02@estanfi.com)",1,from,is
C:\Users\gines\AppData\Roaming\Thunderbird\Profiles\i2blparj.default\Mail\pop.serviciodecorreo.es\msgFilterRules.dat,Mail/pop.serviciodecorreo.es,Remitente termina con: @filtroscartes.net,yes,337,Move to folder,FILTROS CARTES,"AND (from,ends with,@filtroscartes.net)",1,from,ends with
C:\Users\gines\AppData\Roaming\Thunderbird\Profiles\i2blparj.default\Mail\pop.serviciodecorreo.es\msgFilterRules.dat,Mail/pop.serviciodecorreo.es,Remitente termina con: @esneagri.com,yes,337,Move to folder,ESNEAGRI,"AND (from,ends with,@esneagri.com)",1,from,ends with
C:\Users\gines\AppData\Roaming\Thunderbird\Profiles\i2blparj.default\Mail\pop.serviciodecorreo.es\msgFilterRules.dat,Mail/pop.serviciodecorreo.es,nertor,yes,337,Move to folder,NER-TOR,"AND (from,ends with,@nertor.com)",1,from,ends with
C:\Users\gines\AppData\Roaming\Thunderbird\Profiles\i2blparj.default\Mail\pop.serviciodecorreo.es\msgFilterRules.dat,Mail/pop.serviciodecorreo.es,Remitente es: pedidos@fmg-eu.com,yes,337,Move to folder,RH,"AND (from,is,pedidos@fmg-eu.com)",1,from,is
C:\Users\gines\AppData\Roaming\Thunderbird\Profiles\i2blparj.default\Mail\pop.serviciodecorreo.es\msgFilterRules.dat,Mail/pop.serviciodecorreo.es,Remitente es: mbernal@azurglobal.es,yes,337,Move to folder,AZUR GLOBAL,"AND (from,is,mbernal@azurglobal.es)",1,from,is
C:\Users\gines\AppData\Roaming\Thunderbird\Profiles\i2blparj.default\Mail\pop.serviciodecorreo.es\msgFilterRules.dat,Mail/pop.serviciodecorreo.es,Remitente es: spain@nrf.eu,yes,337,Move to folder,NRF,"AND (from,is,spain@nrf.eu)",1,from,is
C:\Users\gines\AppData\Roaming\Thunderbird\Profiles\i2blparj.default\Mail\pop.serviciodecorreo.es\msgFilterRules.dat,Mail/pop.serviciodecorreo.es,DAISA,yes,337,Move to folder,DAISA - VARTA,"AND (from,ends with,@daisa.es)",1,from,ends with
C:\Users\gines\AppData\Roaming\Thunderbird\Profiles\i2blparj.default\Mail\pop.serviciodecorreo.es\msgFilterRules.dat,Mail/pop.serviciodecorreo.es,FEBEST,yes,337,Move to folder,FEBEST - RUMBO NORTE,"AND (from,ends with,@rumbonorterecambios.com)",1,from,ends with
C:\Users\gines\AppData\Roaming\Thunderbird\Profiles\i2blparj.default\Mail\pop.serviciodecorreo.es\msgFilterRules.dat,Mail/pop.serviciodecorreo.es,CHEMA,yes,321,Move to folder,CHEMA NEUMATICOS,"AND (from,contains,@gruposalasaguila.es)",1,from,contains
C:\Users\gines\AppData\Roaming\Thunderbird\Profiles\i2blparj.default\Mail\pop.serviciodecorreo.es\msgFilterRules.dat,Mail/pop.serviciodecorreo.es,ARVERA,yes,337,Move to folder,ARVERA12ef9588,"OR (from,is,antonioarvera@serca.es) OR (from,is,joseagr80@gmail.com) OR (from,is,castellano@serca.es) OR (from,is,jantonioarvera@serca.es) OR (from,is,cayuela@serca.es)",5,from,is
C:\Users\gines\AppData\Roaming\Thunderbird\Profiles\i2blparj.default\Mail\pop.serviciodecorreo.es\msgFilterRules.dat,Mail/pop.serviciodecorreo.es,EXIDE,yes,321,Move to folder,EXIDE,"AND (from,contains,@exidegroup.com)",1,from,contains
C:\Users\gines\AppData\Roaming\Thunderbird\Profiles\i2blparj.default\Mail\pop.serviciodecorreo.es\msgFilterRules.dat,Mail/pop.serviciodecorreo.es,Remitente es: @dapeugeot.net,yes,273,Move to folder,DAMIAN GOMEZ,"OR (from,is,@dapeugeot.net)",1,from,is
C:\Users\gines\AppData\Roaming\Thunderbird\Profiles\i2blparj.default\Mail\pop.serviciodecorreo.es\msgFilterRules.dat,Mail/pop.serviciodecorreo.es,Remitente es: factura@logistica.com,yes,273,Move to folder,LOGISTICA,"OR (from,is,factura@logistica.com) OR (from,ends with,@logistica.com)",2,from,ends with;is
C:\Users\gines\AppData\Roaming\Thunderbird\Profiles\i2blparj.default\Mail\pop.serviciodecorreo.es\msgFilterRules.dat,Mail/pop.serviciodecorreo.es,Remitente es: noresponder@inter-matic.com,yes,273,Move to folder,ASYSUM,"OR (from,is,noresponder@inter-matic.com) OR (from,ends with,@inter-matic.com)",2,from,ends with;is
C:\Users\gines\AppData\Roaming\Thunderbird\Profiles\i2blparj.default\Mail\pop.serviciodecorreo.es\msgFilterRules.dat,Mail/pop.serviciodecorreo.es,Remitente termina con: nex.com,yes,273,Move to folder,NEX TYRES,"OR (from,ends with,nex.com)",1,from,ends with
C:\Users\gines\AppData\Roaming\Thunderbird\Profiles\i2blparj.default\Mail\pop.serviciodecorreo.es\msgFilterRules.dat,Mail/pop.serviciodecorreo.es,Remitente es: noreply@turbosbcn.es,yes,273,Move to folder,TURBOS BCN,"OR (from,is,noreply@turbosbcn.es) OR (from,ends with,@turbosbcn.es)",2,from,ends with;is
C:\Users\gines\AppData\Roaming\Thunderbird\Profiles\i2blparj.default\Mail\pop.serviciodecorreo.es\msgFilterRules.dat,Mail/pop.serviciodecorreo.es,Remitente es: noreply@gruposyrsa.com,yes,273,Move to folder,SYRSA,"OR (from,is,noreply@gruposyrsa.com) OR (from,ends with,@gruposyrsa.com)",2,from,ends with;is
C:\Users\gines\AppData\Roaming\Thunderbird\Profiles\i2blparj.default\Mail\pop.serviciodecorreo.es\msgFilterRules.dat,Mail/pop.serviciodecorreo.es,Remitente es: aplicacion@cooper2010.es,yes,273,Move to folder,REPUESTOS COOPER,"OR (from,is,aplicacion@cooper2010.es) OR (from,ends with,@cooper2010.es)",2,from,ends with;is
C:\Users\gines\AppData\Roaming\Thunderbird\Profiles\i2blparj.default\Mail\pop.serviciodecorreo.es\msgFilterRules.dat,Mail/pop.serviciodecorreo.es,Remitente es: postmaster@imasaf.eu,yes,17,Move to folder,IMASAF PRO,"OR (from,is,postmaster@imasaf.eu) OR (from,ends with,@imasaf.eu)",2,from,ends with;is
C:\Users\gines\AppData\Roaming\Thunderbird\Profiles\i2blparj.default\Mail\pop.serviciodecorreo.es\msgFilterRules.dat,Mail/pop.serviciodecorreo.es,Remitente es: ewaldner@airtopitalia.eu,yes,273,Move to folder,AIRTOP ITALIA,"OR (from,is,ewaldner@airtopitalia.eu) OR (from,ends with,@airtopitalia.eu)",2,from,ends with;is
C:\Users\gines\AppData\Roaming\Thunderbird\Profiles\i2blparj.default\Mail\pop.serviciodecorreo.es\msgFilterRules.dat,Mail/pop.serviciodecorreo.es,Remitente es: clientes@reynasa.com,yes,273,Move to folder,REYNASA,"OR (from,is,clientes@reynasa.com) OR (from,ends with,@reynasa.com)",2,from,ends with;is
C:\Users\gines\AppData\Roaming\Thunderbird\Profiles\i2blparj.default\Mail\pop.serviciodecorreo.es\msgFilterRules.dat,Mail/pop.serviciodecorreo.es,admin@arvera.es Â» Bandeja de entrada,yes,273,Move to folder,FILTROS CARTES,"OR (from,contains,facturacion@grupocartes.es) OR (to,contains,facturacion@grupocartes.es)",2,from;to,contains
C:\Users\gines\AppData\Roaming\Thunderbird\Profiles\i2blparj.default\Mail\pop.serviciodecorreo.es\msgFilterRules.dat,Mail/pop.serviciodecorreo.es,Asunto contiene: noreply@Invoice.tecalliance.net,yes,17,Move to folder,LUK,"AND (subject,contains,\"" Schaeffler Automotive Aftermarket\"")",1,subject,contains
C:\Users\gines\AppData\Roaming\Thunderbird\Profiles\i2blparj.default\Mail\pop.serviciodecorreo.es\msgFilterRules.dat,Mail/pop.serviciodecorreo.es,Remitente termina con: @skrit.es,yes,273,Move to folder,SKRIT INFORMATICA,"OR (from,ends with,@skrit.es)",1,from,ends with
C:\Users\gines\AppData\Roaming\Thunderbird\Profiles\i2blparj.default\Mail\pop.serviciodecorreo.es\msgFilterRules.dat,Mail/pop.serviciodecorreo.es,Remitente contiene: joaquin.carretero@rema-tiptop.es,yes,273,Move to folder,TIP-TOP,"OR (from,contains,joaquin.carretero@rema-tiptop.es) OR (from,ends with,@rema-tiptop.es)",2,from,contains;ends with
C:\Users\gines\AppData\Roaming\Thunderbird\Profiles\i2blparj.default\Mail\pop.serviciodecorreo.es\msgFilterRules.dat,Mail/pop.serviciodecorreo.es,Remitente es: facturacion@ascauto.com,yes,273,Move to folder,ASCAUTO,"AND (from,is,facturacion@ascauto.com)",1,from,is
C:\Users\gines\AppData\Roaming\Thunderbird\Profiles\i2blparj.default\Mail\pop.serviciodecorreo.es\msgFilterRules.dat,Mail/pop.serviciodecorreo.es,Remitente es: docs-faib@frigair.com,yes,273,Move to folder,FRIG AIR,"AND (from,is,docs-faib@frigair.com)",1,from,is
C:\Users\gines\AppData\Roaming\Thunderbird\Profiles\i2blparj.default\Mail\pop.serviciodecorreo.es\msgFilterRules.dat,Mail/pop.serviciodecorreo.es,Remitente es: administracion@automecanicaalmanzora.com,yes,273,Move to folder,AUTOMECANICA ALMANZORA,"AND (from,is,administracion@automecanicaalmanzora.com)",1,from,is
C:\Users\gines\AppData\Roaming\Thunderbird\Profiles\i2blparj.default\Mail\pop.serviciodecorreo.es\msgFilterRules.dat,Mail/pop.serviciodecorreo.es,Remitente es: postventa01@estanfi.com,yes,273,Move to folder,ESTANFI,"AND (from,ends with,@estanfi.com)",1,from,ends with
C:\Users\gines\AppData\Roaming\Thunderbird\Profiles\i2blparj.default\Mail\pop.serviciodecorreo.es\msgFilterRules.dat,Mail/pop.serviciodecorreo.es,BUZON DE ENTRADA Â» EUROMAQUINARIAS HISPANIDAD,yes,273,Move to folder,EUROMAQUINARIAS HISPANIDAD,"OR (from,contains,jm01@euromaquinas.com) OR (to,contains,jm01@euromaquinas.com)",2,from;to,contains
C:\Users\gines\AppData\Roaming\Thunderbird\Profiles\i2blparj.default\Mail\pop.serviciodecorreo.es\msgFilterRules.dat,Mail/pop.serviciodecorreo.es,Remitente contiene: @tecnodieselmurcia.com,yes,273,Move to folder,TECNODIESEL,"AND (from,contains,@tecnodieselmurcia.com)",1,from,contains
C:\Users\gines\AppData\Roaming\Thunderbird\Profiles\i2blparj.default\Mail\pop.serviciodecorreo.es\msgFilterRules.dat,Mail/pop.serviciodecorreo.es,Remitente contiene: rsenosiain@lizarte.com,yes,17,Move to folder,LIZARTE,"AND (from,contains,@lizarte.com)",1,from,contains
C:\Users\gines\AppData\Roaming\Thunderbird\Profiles\i2blparj.default\Mail\pop.serviciodecorreo.es\msgFilterRules.dat,Mail/pop.serviciodecorreo.es,Remitente termina con: @rodamientos.net,yes,273,Move to folder,ROYSE,"AND (from,ends with,@rodamientos.net)",1,from,ends with
C:\Users\gines\AppData\Roaming\Thunderbird\Profiles\i2blparj.default\Mail\pop.serviciodecorreo.es\msgFilterRules.dat,Mail/pop.serviciodecorreo.es,Asunto contiene: Logiscenter,yes,273,Move to folder,LOGISCENTER,"AND (subject,contains,Logiscenter)",1,subject,contains
C:\Users\gines\AppData\Roaming\Thunderbird\Profiles\i2blparj.default\Mail\pop.serviciodecorreo.es\msgFilterRules.dat,Mail/pop.serviciodecorreo.es,Remitente es: plataformadanielvicente@gmail.com,yes,17,Move to folder,DANIEL VICENTE,"AND (from,is,plataformadanielvicente@gmail.com)",1,from,is
C:\Users\gines\AppData\Roaming\Thunderbird\Profiles\i2blparj.default\Mail\pop.serviciodecorreo.es\msgFilterRules.dat,Mail/pop.serviciodecorreo.es,Remitente contiene: @es.rheinmetall.com,yes,273,Move to folder,MS MOTORSERVICE,"AND (from,contains,@es.rheinmetall.com)",1,from,contains
C:\Users\gines\AppData\Roaming\Thunderbird\Profiles\i2blparj.default\Mail\pop.serviciodecorreo.es\msgFilterRules.dat,Mail/pop.serviciodecorreo.es,Remitente termina con: @rhernandez.com,yes,17,Move to folder,REPRESENTACIONES HERNANDEZ,"AND (from,ends with,@rhernandez.com)",1,from,ends with
C:\Users\gines\AppData\Roaming\Thunderbird\Profiles\i2blparj.default\Mail\pop.serviciodecorreo.es\msgFilterRules.dat,Mail/pop.serviciodecorreo.es,Remitente contiene: COFAN,yes,17,Move to folder,COFAN,"AND (from,contains,COFAN)",1,from,contains
C:\Users\gines\AppData\Roaming\Thunderbird\Profiles\i2blparj.default\Mail\pop.serviciodecorreo.es\msgFilterRules.dat,Mail/pop.serviciodecorreo.es,Remitente termina con: @victyres.es,yes,273,Move to folder,VICTYRES,"AND (from,ends with,@victyres.es)",1,from,ends with
C:\Users\gines\AppData\Roaming\Thunderbird\Profiles\i2blparj.default\Mail\pop.serviciodecorreo.es\msgFilterRules.dat,Mail/pop.serviciodecorreo.es,Remitente termina con: @metalcaucho.com,yes,273,Move to folder,METALCAUCHO,"AND (from,ends with,@metalcaucho.com)",1,from,ends with
C:\Users\gines\AppData\Roaming\Thunderbird\Profiles\i2blparj.default\Mail\pop.serviciodecorreo.es\msgFilterRules.dat,Mail/pop.serviciodecorreo.es,Remitente contiene: info@grupoveraimport.es,yes,273,Move to folder,VERA IMPORT,"OR (from,contains,info@grupoveraimport.es)",1,from,contains
C:\Users\gines\AppData\Roaming\Thunderbird\Profiles\i2blparj.default\Mail\pop.serviciodecorreo.es\msgFilterRules.dat,Mail/pop.serviciodecorreo.es,Remitente es: comercial@snaeurope.com,yes,17,Move to folder,SNA EUROPE,"OR (from,is,comercial@snaeurope.com)",1,from,is
C:\Users\gines\AppData\Roaming\Thunderbird\Profiles\i2blparj.default\Mail\pop.serviciodecorreo.es\msgFilterRules.dat,Mail/pop.serviciodecorreo.es,Remitente termina con: @medinabi.es,yes,337,Move to folder,ITAL RECAMBIOS,"OR (from,is,medinabi@medinabi.es)",1,from,is
C:\Users\gines\AppData\Roaming\Thunderbird\Profiles\i2blparj.default\Mail\pop.serviciodecorreo.es\msgFilterRules.dat,Mail/pop.serviciodecorreo.es,Remitente termina con: @gruposaveres.com,yes,337,Move to folder,SAVERES,"OR (from,ends with,@gruposaveres.com)",1,from,ends with
C:\Users\gines\AppData\Roaming\Thunderbird\Profiles\i2blparj.default\Mail\pop.serviciodecorreo.es\msgFilterRules.dat,Mail/pop.serviciodecorreo.es,Remitente termina con: @comlineiberica.com,yes,17,Move to folder,COMLINE,"AND (from,ends with,@comlineiberica.com)",1,from,ends with
C:\Users\gines\AppData\Roaming\Thunderbird\Profiles\i2blparj.default\Mail\pop.serviciodecorreo.es\msgFilterRules.dat,Mail/pop.serviciodecorreo.es,TALOSA,yes,337,Move to folder,TALOSA,"AND (from,ends with,@talosa.com)",1,from,ends with
C:\Users\gines\AppData\Roaming\Thunderbird\Profiles\i2blparj.default\Mail\pop.serviciodecorreo.es\msgFilterRules.dat,Mail/pop.serviciodecorreo.es,Remitente es: remanmotorparts@gmail.com,yes,273,Move to folder,REMAN MOTOR,"AND (from,is,remanmotorparts@gmail.com)",1,from,is
C:\Users\gines\AppData\Roaming\Thunderbird\Profiles\i2blparj.default\Mail\pop.serviciodecorreo.es\msgFilterRules.dat,Mail/pop.serviciodecorreo.es,Remitente es: facturacion@jumasa.es,yes,17,Move to folder,JUMASA,"OR (from,is,facturacion@jumasa.es) OR (from,ends with,@jumasa.es)",2,from,ends with;is
C:\Users\gines\AppData\Roaming\Thunderbird\Profiles\i2blparj.default\Mail\pop.serviciodecorreo.es\msgFilterRules.dat,Mail/pop.serviciodecorreo.es,Remitente termina con: @autocristalsevilla.com,yes,17,Move to folder,AUTOCRISTAL SEVILLA,"AND (from,ends with,@autocristalsevilla.com)",1,from,ends with
C:\Users\gines\AppData\Roaming\Thunderbird\Profiles\i2blparj.default\Mail\pop.serviciodecorreo.es\msgFilterRules.dat,Mail/pop.serviciodecorreo.es,Remitente termina con: @pool-line.com.es,yes,17,Move to folder,POOL LINE,"AND (from,ends with,@pool-line.com.es)",1,from,ends with
C:\Users\gines\AppData\Roaming\Thunderbird\Profiles\i2blparj.default\Mail\pop.serviciodecorreo.es\msgFilterRules.dat,Mail/pop.serviciodecorreo.es,Remitente termina con: @azurglobal.es,yes,17,Move to folder,AZUR GLOBAL,"AND (from,ends with,@azurglobal.es)",1,from,ends with
C:\Users\gines\AppData\Roaming\Thunderbird\Profiles\i2blparj.default\Mail\pop.serviciodecorreo.es\msgFilterRules.dat,Mail/pop.serviciodecorreo.es,Remitente es: dani.vicente@meat-doria.es,yes,17,Move to folder,MEAT-DORIA,"OR (from,is,dani.vicente@meat-doria.es) OR (from,ends with,@meat-doria.es)",2,from,ends with;is
C:\Users\gines\AppData\Roaming\Thunderbird\Profiles\i2blparj.default\Mail\pop.serviciodecorreo.es\msgFilterRules.dat,Mail/pop.serviciodecorreo.es,Remitente es: soporte@sesametime.com,yes,17,Move to folder,SESAME,"OR (from,is,soporte@sesametime.com) OR (from,ends with,@sesametime.com) OR (from,ends with,@sesamehr.com) OR (from,ends with,support@sesametime.com.hs-inbox.com) OR (from,contains,sesame)",5,from,contains;ends with;is
C:\Users\gines\AppData\Roaming\Thunderbird\Profiles\i2blparj.default\Mail\pop.serviciodecorreo.es\msgFilterRules.dat,Mail/pop.serviciodecorreo.es,Remitente es: kike@multirecambioshm.com,yes,17,Move to folder,MULTIRECAMBIOS HM,"OR (from,is,kike@multirecambioshm.com) OR (from,ends with,@multirecambioshm.com)",2,from,ends with;is
C:\Users\gines\AppData\Roaming\Thunderbird\Profiles\i2blparj.default\Mail\pop.serviciodecorreo.es\msgFilterRules.dat,Mail/pop.serviciodecorreo.es,Remitente es: SGonzalez@solaufil.com,yes,17,Move to folder,MECAFILTER,"OR (from,is,SGonzalez@solaufil.com) OR (from,is,contact@mecafilter-info.com) OR (from,ends with,@mecafilter-info.com)",3,from,ends with;is
C:\Users\gines\AppData\Roaming\Thunderbird\Profiles\i2blparj.default\Mail\pop.serviciodecorreo.es\msgFilterRules.dat,Mail/pop.serviciodecorreo.es,Remitente es: invoices@frigair-iberia.com,yes,17,Move to folder,FRIG AIR,"OR (from,is,invoices@frigair-iberia.com) OR (from,ends with,@frigair-iberia.com)",2,from,ends with;is
C:\Users\gines\AppData\Roaming\Thunderbird\Profiles\i2blparj.default\Mail\pop.serviciodecorreo.es\msgFilterRules.dat,Mail/pop.serviciodecorreo.es,Remitente termina con: sjurado@absoal.com,yes,17,Move to folder,ABSOAL,"AND (from,ends with,sjurado@absoal.com)",1,from,ends with
C:\Users\gines\AppData\Roaming\Thunderbird\Profiles\i2blparj.default\Mail\pop.serviciodecorreo.es\msgFilterRules.dat,Mail/pop.serviciodecorreo.es,Remitente es: ignacio.gutierrez@exidegroup.com,yes,17,Move to folder,EXIDE,"AND (from,is,ignacio.gutierrez@exidegroup.com)",1,from,is
C:\Users\gines\AppData\Roaming\Thunderbird\Profiles\i2blparj.default\Mail\pop.serviciodecorreo.es\msgFilterRules.dat,Mail/pop.serviciodecorreo.es,FARE,yes,337,Move to folder,FARE,"AND (from,ends with,@fare-auto.com)",1,from,ends with
C:\Users\gines\AppData\Roaming\Thunderbird\Profiles\i2blparj.default\Mail\pop.serviciodecorreo.es\msgFilterRules.dat,Mail/pop.serviciodecorreo.es,Remitente termina con: @ceapi.es,yes,337,Move to folder,CEAPI,"AND (from,ends with,@ceapi.es)",1,from,ends with
C:\Users\gines\AppData\Roaming\Thunderbird\Profiles\i2blparj.default\Mail\pop.serviciodecorreo.es\msgFilterRules.dat,Mail/pop.serviciodecorreo.es,ngl,yes,337,Move to folder,NGK,"AND (from,ends with,@ngk.es)",1,from,ends with
C:\Users\gines\AppData\Roaming\Thunderbird\Profiles\i2blparj.default\Mail\pop.serviciodecorreo.es\msgFilterRules.dat,Mail/pop.serviciodecorreo.es,Remitente termina con: @exclusivasbcn.com,yes,337,Move to folder,EXCLUSIVAS BCN,"AND (from,ends with,@exclusivasbcn.com)",1,from,ends with
C:\Users\gines\AppData\Roaming\Thunderbird\Profiles\i2blparj.default\Mail\pop.serviciodecorreo.es\msgFilterRules.dat,Mail/pop.serviciodecorreo.es,Remitente es: facturacion@filtroscartes.net,yes,337,Move to folder,FILTROS CARTES,"AND (from,is,facturacion@filtroscartes.net)",1,from,is
C:\Users\gines\AppData\Roaming\Thunderbird\Profiles\i2blparj.default\Mail\pop.serviciodecorreo.es\msgFilterRules.dat,Mail/pop.serviciodecorreo.es,Remitente termina con: @valeo.com,yes,337,Move to folder,VALEO,"AND (from,ends with,@valeo.com)",1,from,ends with
C:\Users\gines\AppData\Roaming\Thunderbird\Profiles\i2blparj.default\Mail\pop.serviciodecorreo.es\msgFilterRules.dat,Mail/pop.serviciodecorreo.es,hernandez,yes,17,Move to folder,REPRESENTACIONES HERNANDEZ,"AND (from,ends with,@rhernandez.com)",1,from,ends with
C:\Users\gines\AppData\Roaming\Thunderbird\Profiles\i2blparj.default\Mail\pop.serviciodecorreo.es\msgFilterRules.dat,Mail/pop.serviciodecorreo.es,SWAG,yes,17,Move to folder,BLISTEIN - SWAG,"AND (from,ends with,@bilsteingroup.com)",1,from,ends with
C:\Users\gines\AppData\Roaming\Thunderbird\Profiles\i2blparj.default\Mail\pop.serviciodecorreo.es\msgFilterRules.dat,Mail/pop.serviciodecorreo.es,Remitente termina con: @michelin.com,yes,337,Move to folder,MICHELIN,"AND (from,ends with,@michelin.com)",1,from,ends with
C:\Users\gines\AppData\Roaming\Thunderbird\Profiles\i2blparj.default\Mail\pop.serviciodecorreo.es\msgFilterRules.dat,Mail/pop.serviciodecorreo.es,SASH,yes,337,Move to folder,SASH51a13cd2,"AND (from,ends with,@lubricantes-sash.com)",1,from,ends with
C:\Users\gines\AppData\Roaming\Thunderbird\Profiles\i2blparj.default\Mail\pop.serviciodecorreo.es\msgFilterRules.dat,Mail/pop.serviciodecorreo.es,BRIDGE,yes,337,Move to folder,BRIDGESTONE,"OR (from,is,BridgestoneAttCliente@bridgestone.eu) OR (from,is,info.facturas@bridgestone.eu)",2,from,is
C:\Users\gines\AppData\Roaming\Thunderbird\Profiles\i2blparj.default\Mail\pop.serviciodecorreo.es\msgFilterRules.dat,Mail/pop.serviciodecorreo.es,CECAUTO,yes,337,Move to folder,CECAUTO,"AND (from,ends with,@cecauto.com)",1,from,ends with
C:\Users\gines\AppData\Roaming\Thunderbird\Profiles\i2blparj.default\Mail\pop.serviciodecorreo.es\msgFilterRules.dat,Mail/pop.serviciodecorreo.es,MKD,yes,337,Move to folder,MKD RECAMBIOS,"OR (from,ends with,@mkdrecambios.com) OR (from,ends with,@mkdautomotive.com) OR (from,ends with,@grupomobius.com)",3,from,ends with
C:\Users\gines\AppData\Roaming\Thunderbird\Profiles\i2blparj.default\Mail\pop.serviciodecorreo.es\msgFilterRules.dat,Mail/pop.serviciodecorreo.es,NERTOR,yes,337,Move to folder,NER-TOR,"AND (from,ends with,@nertor.com)",1,from,ends with
C:\Users\gines\AppData\Roaming\Thunderbird\Profiles\i2blparj.default\Mail\pop.serviciodecorreo.es\msgFilterRules.dat,Mail/pop.serviciodecorreo.es,CRUZBER,yes,337,Move to folder,CRUZBER,"AND (from,ends with,@cruzber.com)",1,from,ends with
C:\Users\gines\AppData\Roaming\Thunderbird\Profiles\i2blparj.default\Mail\pop.serviciodecorreo.es\msgFilterRules.dat,Mail/pop.serviciodecorreo.es,CONTICORR,yes,337,Move to folder,CONTINENTAL CORREAS,"OR (from,ends with,@france.contitech.de) OR (from,ends with,@contitech.es)",2,from,ends with
C:\Users\gines\AppData\Roaming\Thunderbird\Profiles\i2blparj.default\Mail\pop.serviciodecorreo.es\msgFilterRules.dat,Mail/pop.serviciodecorreo.es,PEMEBLA,yes,337,Move to folder,PEMEBLA,"AND (from,ends with,postventa@pemebla.com)",1,from,ends with
C:\Users\gines\AppData\Roaming\Thunderbird\Profiles\i2blparj.default\Mail\pop.serviciodecorreo.es\msgFilterRules.dat,Mail/pop.serviciodecorreo.es,IPARLUX,yes,17,Move to folder,IPARLUX,"AND (from,ends with,@iparlux.es)",1,from,ends with
C:\Users\gines\AppData\Roaming\Thunderbird\Profiles\i2blparj.default\Mail\pop.serviciodecorreo.es\msgFilterRules.dat,Mail/pop.serviciodecorreo.es,Remitente contiene: @quimicar.es,yes,273,Move to folder,QUIMICAR,"OR (from,contains,@quimicar.es)",1,from,contains
C:\Users\gines\AppData\Roaming\Thunderbird\Profiles\i2blparj.default\Mail\pop.serviciodecorreo.es\msgFilterRules.dat,Mail/pop.serviciodecorreo.es,TOP,yes,273,Move to folder,TOP RECAMBIOS,"OR (from,is,garantias@toprecambios.com) OR (from,ends with,@toprecambios.com)",2,from,ends with;is
C:\Users\gines\AppData\Roaming\Thunderbird\Profiles\i2blparj.default\Mail\pop.serviciodecorreo.es\msgFilterRules.dat,Mail/pop.serviciodecorreo.es,ALKAR,yes,337,Move to folder,ALKAR,"AND (from,contains,@alkar.es)",1,from,contains
C:\Users\gines\AppData\Roaming\Thunderbird\Profiles\i2blparj.default\Mail\pop.serviciodecorreo.es\msgFilterRules.dat,Mail/pop.serviciodecorreo.es,SERNE,yes,337,Move to folder,SERNESA,"OR (from,ends with,@sernesa.com)",1,from,ends with
C:\Users\gines\AppData\Roaming\Thunderbird\Profiles\i2blparj.default\Mail\pop.serviciodecorreo.es\msgFilterRules.dat,Mail/pop.serviciodecorreo.es,TECCOM,yes,17,Move to folder,TECCOM,"AND (from,is,info@info.tecalliance.net)",1,from,is
C:\Users\gines\AppData\Roaming\Thunderbird\Profiles\i2blparj.default\Mail\pop.serviciodecorreo.es\msgFilterRules.dat,Mail/pop.serviciodecorreo.es,OPTIMAL,yes,337,Move to folder,OPTIMAL,"AND (from,ends with,@optimal-spain.com)",1,from,ends with
C:\Users\gines\AppData\Roaming\Thunderbird\Profiles\i2blparj.default\Mail\pop.serviciodecorreo.es\msgFilterRules.dat,Mail/pop.serviciodecorreo.es,NRF,yes,337,Move to folder,NRF,"AND (from,ends with,@nrf.eu)",1,from,ends with
C:\Users\gines\AppData\Roaming\Thunderbird\Profiles\i2blparj.default\Mail\pop.serviciodecorreo.es\msgFilterRules.dat,Mail/pop.serviciodecorreo.es,ANDRES,yes,337,Move to folder,NEUMATICOS ANDRES,"OR (from,is,blascima@grupoandres.com) OR (from,contains,@grupoandres.com)",2,from,contains;is
C:\Users\gines\AppData\Roaming\Thunderbird\Profiles\i2blparj.default\Mail\pop.serviciodecorreo.es\msgFilterRules.dat,Mail/pop.serviciodecorreo.es,EACLIMA,yes,337,Move to folder,EACLIMA,"OR (from,is,m.gonzalez@teasa.net) OR (from,contains,Electro Auto) OR (from,ends with,@eaclima.es)",3,from,contains;ends with;is
C:\Users\gines\AppData\Roaming\Thunderbird\Profiles\i2blparj.default\Mail\pop.serviciodecorreo.es\msgFilterRules.dat,Mail/pop.serviciodecorreo.es,Remitente termina con: @fare-auto.com,yes,17,Move to folder,FARE,"AND (from,ends with,@fare-auto.com)",1,from,ends with
C:\Users\gines\AppData\Roaming\Thunderbird\Profiles\i2blparj.default\Mail\pop.serviciodecorreo.es\msgFilterRules.dat,Mail/pop.serviciodecorreo.es,Remitente termina con: @frigair-iberia.com,yes,17,Move to folder,FRIG AIR,"AND (from,ends with,@frigair-iberia.com)",1,from,ends with
C:\Users\gines\AppData\Roaming\Thunderbird\Profiles\i2blparj.default\Mail\pop.serviciodecorreo.es\msgFilterRules.dat,Mail/pop.serviciodecorreo.es,Remitente es: javireal@toprecambios.com,yes,17,Move to folder,TOP RECAMBIOS/INFORMATICA,"AND (from,is,javireal@toprecambios.com)",1,from,is
C:\Users\gines\AppData\Roaming\Thunderbird\Profiles\i2blparj.default\Mail\pop.serviciodecorreo.es\msgFilterRules.dat,Mail/pop.serviciodecorreo.es,Remitente termina con: @gira.net,yes,17,Move to folder,GIRA,"AND (from,ends with,@gira.net)",1,from,ends with
C:\Users\gines\AppData\Roaming\Thunderbird\Profiles\i2blparj.default\Mail\pop.serviciodecorreo.es\msgFilterRules.dat,Mail/pop.serviciodecorreo.es,Remitente termina con: @absoal.com,yes,17,Move to folder,ABSOAL,"AND (from,ends with,@absoal.com)",1,from,ends with
C:\Users\gines\AppData\Roaming\Thunderbird\Profiles\i2blparj.default\Mail\pop.serviciodecorreo.es\msgFilterRules.dat,Mail/pop.serviciodecorreo.es,Remitente es: joselopez.iveco@hotmail.com,yes,17,Move to folder,AUTOMECANICA ALBOX TURISMO,"AND (from,is,joselopez.iveco@hotmail.com)",1,from,is
C:\Users\gines\AppData\Roaming\Thunderbird\Profiles\i2blparj.default\Mail\pop.serviciodecorreo.es\msgFilterRules.dat,Mail/pop.serviciodecorreo.es,Remitente termina con: @rztools.com,yes,17,Move to folder,RZTOOLS,"AND (from,ends with,@rztools.com)",1,from,ends with
C:\Users\gines\AppData\Roaming\Thunderbird\Profiles\i2blparj.default\Mail\pop.serviciodecorreo.es\msgFilterRules.dat,Mail/pop.serviciodecorreo.es,Remitente es: cr@rodamientos.net,yes,17,Move to folder,ROYSE,"AND (from,is,cr@rodamientos.net)",1,from,is
C:\Users\gines\AppData\Roaming\Thunderbird\Profiles\i2blparj.default\Mail\pop.serviciodecorreo.es\msgFilterRules.dat,Mail/pop.serviciodecorreo.es,Remitente termina con: @sesametime.com,yes,17,Move to folder,SESAME,"AND (from,ends with,@sesametime.com)",1,from,ends with
C:\Users\gines\AppData\Roaming\Thunderbird\Profiles\i2blparj.default\Mail\pop.serviciodecorreo.es\msgFilterRules.dat,Mail/pop.serviciodecorreo.es,Remitente es: mariano@exclusivasbcn.com,yes,17,Move to folder,EXCLUSIVAS BCN,"AND (from,ends with,@exclusivasbcn.com)",1,from,ends with
C:\Users\gines\AppData\Roaming\Thunderbird\Profiles\i2blparj.default\Mail\pop.serviciodecorreo.es\msgFilterRules.dat,Mail/pop.serviciodecorreo.es,Remitente es: facturacion@grupoandres.com,yes,17,Move to folder,NEUMATICOS ANDRES,"AND (from,is,facturacion@grupoandres.com)",1,from,is
C:\Users\gines\AppData\Roaming\Thunderbird\Profiles\i2blparj.default\Mail\pop.serviciodecorreo.es\msgFilterRules.dat,Mail/pop.serviciodecorreo.es,Remitente es: ventas2@evergreen.com.es,yes,273,Move to folder,EVERGREEN,"OR (from,is,ventas2@evergreen.com.es) OR (from,is,documentos@evergreen.com.es)",2,from,is
C:\Users\gines\AppData\Roaming\Thunderbird\Profiles\i2blparj.default\Mail\pop.serviciodecorreo.es\msgFilterRules.dat,Mail/pop.serviciodecorreo.es,Remitente es: administracion@bilsteingroup.com,yes,337,Move to folder,BLISTEIN - SWAG,"OR (from,is,administracion@bilsteingroup.com) OR (from,ends with,@Bilsteingroup.com)",2,from,ends with;is
C:\Users\gines\AppData\Roaming\Thunderbird\Profiles\i2blparj.default\Mail\pop.serviciodecorreo.es\msgFilterRules.dat,Mail/pop.serviciodecorreo.es,Remitente es: info@frigair-iberia.com,yes,17,Move to folder,FRIG AIR,"OR (from,is,info@frigair-iberia.com) OR (from,is,invoices@frigair-iberia.com)",2,from,is
C:\Users\gines\AppData\Roaming\Thunderbird\Profiles\i2blparj.default\Mail\pop.serviciodecorreo.es\msgFilterRules.dat,Mail/pop.serviciodecorreo.es,Remitente es: saphelpdesk@driv.com,yes,17,Move to folder,FEDERAL MOGUL,"OR (from,is,saphelpdesk@driv.com) OR (from,ends with,@driv.com)",2,from,ends with;is
C:\Users\gines\AppData\Roaming\Thunderbird\Profiles\i2blparj.default\Mail\pop.serviciodecorreo.es\msgFilterRules.dat,Mail/pop.serviciodecorreo.es,Remitente es: info@suminesa.com,yes,17,Move to folder,SUMINESA,"AND (from,is,info@suminesa.com)",1,from,is
C:\Users\gines\AppData\Roaming\Thunderbird\Profiles\i2blparj.default\Mail\pop.serviciodecorreo.es\msgFilterRules.dat,Mail/pop.serviciodecorreo.es,Remitente es: manad@amolux.net,yes,17,Move to folder,AMOLUX - MANAD,"AND (from,is,manad@amolux.net)",1,from,is
C:\Users\gines\AppData\Roaming\Thunderbird\Profiles\i2blparj.default\Mail\pop.serviciodecorreo.es\msgFilterRules.dat,Mail/pop.serviciodecorreo.es,Remitente es: gines@jgpsl.com,yes,17,Move to folder,FERREVERA,"AND (from,is,gines@jgpsl.com)",1,from,is
C:\Users\gines\AppData\Roaming\Thunderbird\Profiles\i2blparj.default\Mail\pop.serviciodecorreo.es\msgFilterRules.dat,Mail/pop.serviciodecorreo.es,Remitente es: BCNEXPEDICIONES@FEYC.ES,yes,17,Move to folder,RODAMIENTOS FEYC,"AND (from,is,BCNEXPEDICIONES@FEYC.ES)",1,from,is
C:\Users\gines\AppData\Roaming\Thunderbird\Profiles\i2blparj.default\Mail\pop.serviciodecorreo.es\msgFilterRules.dat,Mail/pop.serviciodecorreo.es,Remitente es: nita@delinmitel.com,yes,17,Move to folder,DELINMITEL,"AND (from,is,nita@delinmitel.com)",1,from,is
C:\Users\gines\AppData\Roaming\Thunderbird\Profiles\i2blparj.default\Mail\pop.serviciodecorreo.es\msgFilterRules.dat,Mail/pop.serviciodecorreo.es,Remitente es: administracion@euromaquinas.com,yes,17,Move to folder,EUROMAQUINARIAS HISPANIDAD,"AND (from,is,administracion@euromaquinas.com)",1,from,is
C:\Users\gines\AppData\Roaming\Thunderbird\Profiles\i2blparj.default\Mail\pop.serviciodecorreo.es\msgFilterRules.dat,Mail/pop.serviciodecorreo.es,Remitente es: hogar1@poessa.com,yes,17,Move to folder,POESSA,"AND (from,is,hogar1@poessa.com)",1,from,is
C:\Users\gines\AppData\Roaming\Thunderbird\Profiles\i2blparj.default\Mail\pop.serviciodecorreo.es\msgFilterRules.dat,Mail/pop.serviciodecorreo.es,Remitente es: info@dogaparts.es,yes,17,Move to folder,DOGA,"OR (from,is,info@dogaparts.es) OR (from,ends with,@dogaparts.es)",2,from,ends with;is
C:\Users\gines\AppData\Roaming\Thunderbird\Profiles\i2blparj.default\Mail\pop.serviciodecorreo.es\msgFilterRules.dat,Mail/pop.serviciodecorreo.es,Remitente es: mecavera@mecavera.redpeugeot.com,yes,17,Move to folder,MECAVERA,"AND (from,is,mecavera@mecavera.redpeugeot.com)",1,from,is
C:\Users\gines\AppData\Roaming\Thunderbird\Profiles\i2blparj.default\Mail\pop.serviciodecorreo.es\msgFilterRules.dat,Mail/pop.serviciodecorreo.es,Remitente es: admon@carpriss.com,yes,17,Move to folder,CARPRISS,"OR (from,is,admon@carpriss.com) OR (from,ends with,@carpriss.com)",2,from,ends with;is
C:\Users\gines\AppData\Roaming\Thunderbird\Profiles\i2blparj.default\Mail\pop.serviciodecorreo.es\msgFilterRules.dat,Mail/pop.serviciodecorreo.es,Remitente es: facturacion@samoaindustrial.com,yes,17,Move to folder,SAMOA,"AND (from,is,facturacion@samoaindustrial.com)",1,from,is
C:\Users\gines\AppData\Roaming\Thunderbird\Profiles\i2blparj.default\Mail\pop.serviciodecorreo.es\msgFilterRules.dat,Mail/pop.serviciodecorreo.es,Remitente es: Administracion@multirecambioshm.com,yes,273,Move to folder,MULTIRECAMBIOS HM,"OR (from,is,Administracion@multirecambioshm.com) OR (from,ends with,@multirecambioshm.com)",2,from,ends with;is
C:\Users\gines\AppData\Roaming\Thunderbird\Profiles\i2blparj.default\Mail\pop.serviciodecorreo.es\msgFilterRules.dat,Mail/pop.serviciodecorreo.es,Remitente es: facturacion@recambiosasiaticos.com,yes,17,Move to folder,RECAMBIOS ASIATICOS,"OR (from,is,facturacion@recambiosasiaticos.com) OR (from,ends with,@recambiosasiaticos.com)",2,from,ends with;is
C:\Users\gines\AppData\Roaming\Thunderbird\Profiles\i2blparj.default\Mail\pop.serviciodecorreo.es\msgFilterRules.dat,Mail/pop.serviciodecorreo.es,Remitente es: administracion@febestiberica.com,yes,17,Move to folder,FEBEST - RUMBO NORTE,"AND (from,is,administracion@febestiberica.com)",1,from,is
C:\Users\gines\AppData\Roaming\Thunderbird\Profiles\i2blparj.default\Mail\pop.serviciodecorreo.es\msgFilterRules.dat,Mail/pop.serviciodecorreo.es,Remitente es: escribano@pinchazosvargas.com,yes,17,Move to folder,PINCHAZOS VARGAS,"AND (from,is,escribano@pinchazosvargas.com)",1,from,is
C:\Users\gines\AppData\Roaming\Thunderbird\Profiles\i2blparj.default\Mail\pop.serviciodecorreo.es\msgFilterRules.dat,Mail/pop.serviciodecorreo.es,Remitente es: autosys@henkel.com,yes,17,Move to folder,HENKEL,"OR (from,is,autosys@henkel.com) OR (from,ends with,@henkel.com)",2,from,ends with;is
C:\Users\gines\AppData\Roaming\Thunderbird\Profiles\i2blparj.default\Mail\pop.serviciodecorreo.es\msgFilterRules.dat,Mail/pop.serviciodecorreo.es,Remitente es: pedidos.tork@essity.com,yes,17,Move to folder,ESSITY - TORK,"AND (from,is,pedidos.tork@essity.com)",1,from,is
C:\Users\gines\AppData\Roaming\Thunderbird\Profiles\i2blparj.default\Mail\pop.serviciodecorreo.es\msgFilterRules.dat,Mail/pop.serviciodecorreo.es,COMPRAS VARIAS,yes,273,Move to folder,COMPRAS VARIAS,"OR (from,is,info@42kshop.com) OR (from,is,pedidos@pccomponentes.com) OR (from,is,noreply@pccomponentes.com) OR (from,ends with,@pccomponentes.com) OR (from,is,verametal2015@gmail.com) OR (subject,contains,PcComponentes)",6,from;subject,contains;ends with;is
C:\Users\gines\AppData\Roaming\Thunderbird\Profiles\i2blparj.default\Mail\pop.serviciodecorreo.es\msgFilterRules.dat,Mail/pop.serviciodecorreo.es,Remitente es: lydia.bartolome@euromaster.com,yes,17,Move to folder,EUROMASTER,"OR (from,is,lydia.bartolome@euromaster.com) OR (from,ends with,@euromaster.com)",2,from,ends with;is
C:\Users\gines\AppData\Roaming\Thunderbird\Profiles\i2blparj.default\Mail\pop.serviciodecorreo.es\msgFilterRules.dat,Mail/pop.serviciodecorreo.es,Remitente es: portal@rema-tiptop.es,yes,17,Move to folder,Trash/TIP-TOP,"AND (from,is,portal@rema-tiptop.es)",1,from,is
C:\Users\gines\AppData\Roaming\Thunderbird\Profiles\i2blparj.default\Mail\pop.serviciodecorreo.es\msgFilterRules.dat,Mail/pop.serviciodecorreo.es,Remitente es: ecommerce@rema-tiptop.es,yes,337,Move to folder,Trash/TIP-TOP,"OR (from,is,ecommerce@rema-tiptop.es) OR (from,is,portal@rema-tiptop.es) OR (from,is,facturacion@rema-tiptop.es) OR (from,ends with,@rema-tiptop.es)",4,from,ends with;is
C:\Users\gines\AppData\Roaming\Thunderbird\Profiles\i2blparj.default\Mail\pop.serviciodecorreo.es\msgFilterRules.dat,Mail/pop.serviciodecorreo.es,Remitente es: n.mihai@kyb-europe.com,yes,17,Move to folder,KYB,"OR (from,is,n.mihai@kyb-europe.com) OR (from,ends with,kyb-europe.com)",2,from,ends with;is
C:\Users\gines\AppData\Roaming\Thunderbird\Profiles\i2blparj.default\Mail\pop.serviciodecorreo.es\msgFilterRules.dat,Mail/pop.serviciodecorreo.es,Remitente es: duerto@duerto.com,yes,17,Move to folder,DUERTO,"AND (from,is,duerto@duerto.com)",1,from,is
C:\Users\gines\AppData\Roaming\Thunderbird\Profiles\i2blparj.default\Mail\pop.serviciodecorreo.es\msgFilterRules.dat,Mail/pop.serviciodecorreo.es,Remitente es: iliana.el.youjili@continental.com,yes,17,Move to folder,CONTINENTAL CORREAS,"OR (from,is,iliana.el.youjili@continental.com) OR (from,ends with,@continental.com)",2,from,ends with;is
C:\Users\gines\AppData\Roaming\Thunderbird\Profiles\i2blparj.default\Mail\pop.serviciodecorreo.es\msgFilterRules.dat,Mail/pop.serviciodecorreo.es,Remitente es: contact@mecafilter-info.com,yes,17,Move to folder,MECAFILTER,"AND (from,is,contact@mecafilter-info.com)",1,from,is
C:\Users\gines\AppData\Roaming\Thunderbird\Profiles\i2blparj.default\Mail\pop.serviciodecorreo.es\msgFilterRules.dat,Mail/pop.serviciodecorreo.es,Remitente es: comercial@transmisiones-cardiberica.com,yes,17,Move to folder,CARDIBERICA,"AND (from,is,comercial@transmisiones-cardiberica.com)",1,from,is
C:\Users\gines\AppData\Roaming\Thunderbird\Profiles\i2blparj.default\Mail\pop.serviciodecorreo.es\msgFilterRules.dat,Mail/pop.serviciodecorreo.es,Remitente es: facturacion@iparlux.es,yes,17,Move to folder,IPARLUX,"AND (from,is,facturacion@iparlux.es)",1,from,is
C:\Users\gines\AppData\Roaming\Thunderbird\Profiles\i2blparj.default\Mail\pop.serviciodecorreo.es\msgFilterRules.dat,Mail/pop.serviciodecorreo.es,Remitente es: BremboDispatcher@lutech.it,yes,337,Move to folder,BREMBO,"OR (from,is,BremboDispatcher@lutech.it) OR (from,is,JoseAntonio_Bailo@brembo.es) OR (from,ends with,@brembo.es)",3,from,ends with;is
C:\Users\gines\AppData\Roaming\Thunderbird\Profiles\i2blparj.default\Mail\pop.serviciodecorreo.es\msgFilterRules.dat,Mail/pop.serviciodecorreo.es,Remitente es: e-invoicing@ptg.contitech.de,yes,17,Move to folder,CONTINENTAL CORREAS,"AND (from,is,e-invoicing@ptg.contitech.de)",1,from,is
C:\Users\gines\AppData\Roaming\Thunderbird\Profiles\i2blparj.default\Mail\pop.serviciodecorreo.es\msgFilterRules.dat,Mail/pop.serviciodecorreo.es,Remitente es: administracion@meat-doria.es,yes,17,Move to folder,MEAT-DORIA,"OR (from,is,administracion@meat-doria.es) OR (from,is,facturacion@meat-doria.es) OR (from,ends with,@meat-doria.es)",3,from,ends with;is
C:\Users\gines\AppData\Roaming\Thunderbird\Profiles\i2blparj.default\Mail\pop.serviciodecorreo.es\msgFilterRules.dat,Mail/pop.serviciodecorreo.es,Remitente es: noreply@toprecambios.com,yes,17,Move to folder,TOP RECAMBIOS,"AND (from,is,noreply@toprecambios.com)",1,from,is
C:\Users\gines\AppData\Roaming\Thunderbird\Profiles\i2blparj.default\Mail\pop.serviciodecorreo.es\msgFilterRules.dat,Mail/pop.serviciodecorreo.es,Remitente es: barralautofordcoslada@gmail.com,yes,17,Move to folder,BARRAL AUTO,"AND (from,is,barralautofordcoslada@gmail.com)",1,from,is
C:\Users\gines\AppData\Roaming\Thunderbird\Profiles\i2blparj.default\Mail\pop.serviciodecorreo.es\msgFilterRules.dat,Mail/pop.serviciodecorreo.es,Remitente es: administracion@rolmovil.net,yes,17,Move to folder,POOL LINE,"OR (from,is,administracion@rolmovil.net) OR (from,is,pedidos@pool-line.com) OR (from,ends with,@pool-line.com)",3,from,ends with;is
C:\Users\gines\AppData\Roaming\Thunderbird\Profiles\i2blparj.default\Mail\pop.serviciodecorreo.es\msgFilterRules.dat,Mail/pop.serviciodecorreo.es,Remitente es: admin@toprecambios.com,yes,17,Move to folder,TOP RECAMBIOS,"AND (from,is,admin@toprecambios.com)",1,from,is
C:\Users\gines\AppData\Roaming\Thunderbird\Profiles\i2blparj.default\Mail\pop.serviciodecorreo.es\msgFilterRules.dat,Mail/pop.serviciodecorreo.es,Remitente es: talleres.automecanica-albox@rediveco.com,yes,17,Move to folder,AUTOMECANICA ALBOX TURISMO,"AND (from,is,talleres.automecanica-albox@rediveco.com)",1,from,is
C:\Users\gines\AppData\Roaming\Thunderbird\Profiles\i2blparj.default\Mail\pop.serviciodecorreo.es\msgFilterRules.dat,Mail/pop.serviciodecorreo.es,Remitente es: pedidos2@toprecambios.com,yes,17,Move to folder,TOP RECAMBIOS,"AND (from,is,pedidos2@toprecambios.com)",1,from,is
C:\Users\gines\AppData\Roaming\Thunderbird\Profiles\i2blparj.default\Mail\pop.serviciodecorreo.es\msgFilterRules.dat,Mail/pop.serviciodecorreo.es,Remitente es: infoenvios@mail.seur.info,yes,17,Move to folder,SEUR,"AND (from,is,infoenvios@mail.seur.info)",1,from,is
C:\Users\gines\AppData\Roaming\Thunderbird\Profiles\i2blparj.default\Mail\pop.serviciodecorreo.es\msgFilterRules.dat,Mail/pop.serviciodecorreo.es,Remitente es: almacenlucena@gmail.com,yes,337,Move to folder,NEUMATICOS LUCENA,"OR (from,is,almacenlucena@gmail.com) OR (from,is,administracion@neumaticoslucena.com) OR (from,is,neumaticoslucenasl@gmail.com) OR (from,ends with,@neumaticoslucena.com)",4,from,ends with;is
C:\Users\gines\AppData\Roaming\Thunderbird\Profiles\i2blparj.default\Mail\pop.serviciodecorreo.es\msgFilterRules.dat,Mail/pop.serviciodecorreo.es,Remitente es: marta.buceta@contitech.es,yes,337,Move to folder,CONTINENTAL CORREAS,"OR (from,is,marta.buceta@contitech.es) OR (from,ends with,@contitech.es)",2,from,ends with;is
C:\Users\gines\AppData\Roaming\Thunderbird\Profiles\i2blparj.default\Mail\pop.serviciodecorreo.es\msgFilterRules.dat,Mail/pop.serviciodecorreo.es,Remitente es: gachino@algogroup.net,yes,273,Move to folder,ALGO GROUP,"OR (from,is,gachino@algogroup.net) OR (from,ends with,@algogroup.net)",2,from,ends with;is
C:\Users\gines\AppData\Roaming\Thunderbird\Profiles\i2blparj.default\Mail\pop.serviciodecorreo.es\msgFilterRules.dat,Mail/pop.serviciodecorreo.es,Remitente contiene: @asysum.com,yes,17,Move to folder,ASYSUM,"AND (from,contains,@asysum.com)",1,from,contains
C:\Users\gines\AppData\Roaming\Thunderbird\Profiles\i2blparj.default\Mail\pop.serviciodecorreo.es\msgFilterRules.dat,Mail/pop.serviciodecorreo.es,Remitente contiene: facturacion@serca.es,yes,273,Move to folder,SERCA FACTURACION,"OR (from,contains,facturacion@serca.es) OR (from,contains,eduard.calpe@serca.es) OR (from,contains,proveedores@serca.es) OR (from,contains,sergio.gonzalez@serca.es) OR (subject,contains,VETURILO)",5,from;subject,contains
C:\Users\gines\AppData\Roaming\Thunderbird\Profiles\i2blparj.default\Mail\pop.serviciodecorreo.es\msgFilterRules.dat,Mail/pop.serviciodecorreo.es,Remitente es: facturas@toprecambios.com,yes,17,Move to folder,TOP RECAMBIOS,"AND (from,is,facturas@toprecambios.com)",1,from,is
C:\Users\gines\AppData\Roaming\Thunderbird\Profiles\i2blparj.default\Mail\pop.serviciodecorreo.es\msgFilterRules.dat,Mail/pop.serviciodecorreo.es,Remitente es: facturacion@toprecambios.com,yes,273,Move to folder,TOP RECAMBIOS,"AND (from,is,facturacion@toprecambios.com)",1,from,is
C:\Users\gines\AppData\Roaming\Thunderbird\Profiles\i2blparj.default\Mail\pop.serviciodecorreo.es\msgFilterRules.dat,Mail/pop.serviciodecorreo.es,Remitente es: atencionalcliente@pulpiautomocion.com,yes,17,Move to folder,PULPI AUTOMOCION,"AND (from,is,atencionalcliente@pulpiautomocion.com)",1,from,is
C:\Users\gines\AppData\Roaming\Thunderbird\Profiles\i2blparj.default\Mail\pop.serviciodecorreo.es\msgFilterRules.dat,Mail/pop.serviciodecorreo.es,Remitente es: harrywalker@harrywalker.net,yes,17,Move to folder,HARRY WALKER RODAMIENTOS,"AND (from,is,harrywalker@harrywalker.net)",1,from,is
C:\Users\gines\AppData\Roaming\Thunderbird\Profiles\i2blparj.default\Mail\pop.serviciodecorreo.es\msgFilterRules.dat,Mail/pop.serviciodecorreo.es,Remitente es: adm.spj@spj.es,yes,17,Move to folder,SPJ0f44851e,"AND (from,is,adm.spj@spj.es)",1,from,is
C:\Users\gines\AppData\Roaming\Thunderbird\Profiles\i2blparj.default\Mail\pop.serviciodecorreo.es\msgFilterRules.dat,Mail/pop.serviciodecorreo.es,Remitente termina con: @htlubricantoils.com,yes,17,Move to folder,HTLO LUBRICANTES,"AND (from,ends with,@htlubricantoils.com)",1,from,ends with
C:\Users\gines\AppData\Roaming\Thunderbird\Profiles\i2blparj.default\Mail\pop.serviciodecorreo.es\msgFilterRules.dat,Mail/pop.serviciodecorreo.es,Remitente es: facturacionferrevera@gmail.com,yes,17,Move to folder,FERREVERA,"AND (from,is,facturacionferrevera@gmail.com)",1,from,is
C:\Users\gines\AppData\Roaming\Thunderbird\Profiles\i2blparj.default\Mail\pop.serviciodecorreo.es\msgFilterRules.dat,Mail/pop.serviciodecorreo.es,Remitente es: administracion@rztools.com,yes,17,Move to folder,RZTOOLS,"AND (from,is,administracion@rztools.com)",1,from,is
C:\Users\gines\AppData\Roaming\Thunderbird\Profiles\i2blparj.default\Mail\pop.serviciodecorreo.es\msgFilterRules.dat,Mail/pop.serviciodecorreo.es,Remitente es: facturacion.almeria@seur.net,yes,17,Move to folder,SEUR,"AND (from,is,facturacion.almeria@seur.net)",1,from,is
C:\Users\gines\AppData\Roaming\Thunderbird\Profiles\i2blparj.default\Mail\pop.serviciodecorreo.es\msgFilterRules.dat,Mail/pop.serviciodecorreo.es,Remitente es: erp@cecauto.com,yes,17,Move to folder,CECAUTO,"AND (from,is,erp@cecauto.com)",1,from,is
C:\Users\gines\AppData\Roaming\Thunderbird\Profiles\i2blparj.default\Mail\pop.serviciodecorreo.es\msgFilterRules.dat,Mail/pop.serviciodecorreo.es,Remitente es: elisa.franceschini@airtopitalia.eu,yes,17,Move to folder,AIRTOP ITALIA,"AND (from,is,elisa.franceschini@airtopitalia.eu)",1,from,is
C:\Users\gines\AppData\Roaming\Thunderbird\Profiles\i2blparj.default\Mail\pop.serviciodecorreo.es\msgFilterRules.dat,Mail/pop.serviciodecorreo.es,Remitente es: es.prometeon.i.sdd@prometeon.com,yes,17,Move to folder,PROMETEON,"AND (from,ends with,@prometeon.com)",1,from,ends with
C:\Users\gines\AppData\Roaming\Thunderbird\Profiles\i2blparj.default\Mail\pop.serviciodecorreo.es\msgFilterRules.dat,Mail/pop.serviciodecorreo.es,Remitente termina con: @ams-osram.com,yes,273,Move to folder,OSRAM,"OR (from,ends with,@ams-osram.com) OR (from,ends with,@osram.com)",2,from,ends with
C:\Users\gines\AppData\Roaming\Thunderbird\Profiles\i2blparj.default\Mail\pop.serviciodecorreo.es\msgFilterRules.dat,Mail/pop.serviciodecorreo.es,Remitente es: sonia@amolux.net,yes,17,Move to folder,AMOLUX,"AND (from,is,sonia@amolux.net)",1,from,is
C:\Users\gines\AppData\Roaming\Thunderbird\Profiles\i2blparj.default\Mail\pop.serviciodecorreo.es\msgFilterRules.dat,Mail/pop.serviciodecorreo.es,Remitente es: nissens@nissens.com,yes,17,Move to folder,NISSENS,"AND (from,is,nissens@nissens.com)",1,from,is
C:\Users\gines\AppData\Roaming\Thunderbird\Profiles\i2blparj.default\Mail\pop.serviciodecorreo.es\msgFilterRules.dat,Mail/pop.serviciodecorreo.es,Remitente contiene: @danazaragoza.com,yes,273,Move to folder,DANA AUTOMOCION,"OR (from,is,facturacion@danazaragoza.com) OR (from,ends with,@dana.com)",2,from,ends with;is
C:\Users\gines\AppData\Roaming\Thunderbird\Profiles\i2blparj.default\Mail\pop.serviciodecorreo.es\msgFilterRules.dat,Mail/pop.serviciodecorreo.es,Remitente es: Facturacion@barralauto.com,yes,273,Move to folder,BARRAL AUTO,"OR (from,is,Facturacion@barralauto.com) OR (subject,contains,barral auto) OR (from,contains,barral auto)",3,from;subject,contains;is
C:\Users\gines\AppData\Roaming\Thunderbird\Profiles\i2blparj.default\Mail\pop.serviciodecorreo.es\msgFilterRules.dat,Mail/pop.serviciodecorreo.es,Remitente termina con: @as-sl.com,yes,17,Move to folder,AS,"AND (from,ends with,@as-sl.com)",1,from,ends with
C:\Users\gines\AppData\Roaming\Thunderbird\Profiles\i2blparj.default\Mail\pop.serviciodecorreo.es\msgFilterRules.dat,Mail/pop.serviciodecorreo.es,Remitente es: sash@lubricantes-sash.com,yes,17,Move to folder,ACEITES Y LUBRICANTES SASH,"AND (from,ends with,@lubricantes-sash.com)",1,from,ends with
C:\Users\gines\AppData\Roaming\Thunderbird\Profiles\i2blparj.default\Mail\pop.serviciodecorreo.es\msgFilterRules.dat,Mail/pop.serviciodecorreo.es,Remitente es: facturacion@alcaner.com,yes,17,Move to folder,ALCANER 2000,"AND (from,is,facturacion@alcaner.com)",1,from,is
C:\Users\gines\AppData\Roaming\Thunderbird\Profiles\i2blparj.default\Mail\pop.serviciodecorreo.es\msgFilterRules.dat,Mail/pop.serviciodecorreo.es,Remitente es: javi@liv-indurain.com,yes,17,Move to folder,PRODUCTOS LIV610ec48b,"AND (from,ends with,@liv-indurain.com)",1,from,ends with
C:\Users\gines\AppData\Roaming\Thunderbird\Profiles\i2blparj.default\Mail\pop.serviciodecorreo.es\msgFilterRules.dat,Mail/pop.serviciodecorreo.es,Remitente es: noreply@nex.es,yes,17,Move to folder,NEX TYRES,"AND (from,is,noreply@nex.es)",1,from,is
C:\Users\gines\AppData\Roaming\Thunderbird\Profiles\i2blparj.default\Mail\pop.serviciodecorreo.es\msgFilterRules.dat,Mail/pop.serviciodecorreo.es,Remitente es: grupo@holyauto.com,yes,17,Move to folder,HOLY AUTO,"AND (from,is,grupo@holyauto.com)",1,from,is
C:\Users\gines\AppData\Roaming\Thunderbird\Profiles\i2blparj.default\Mail\pop.serviciodecorreo.es\msgFilterRules.dat,Mail/pop.serviciodecorreo.es,Remitente es: m.gonzalez@eaclima.es,yes,17,Move to folder,EACLIMA,"AND (from,is,m.gonzalez@eaclima.es)",1,from,is
C:\Users\gines\AppData\Roaming\Thunderbird\Profiles\i2blparj.default\Mail\pop.serviciodecorreo.es\msgFilterRules.dat,Mail/pop.serviciodecorreo.es,Remitente es: ecommerce2.aarm@dk.bosch.com,yes,17,Move to folder,HC-CARGO,"AND (from,is,ecommerce2.aarm@dk.bosch.com)",1,from,is
C:\Users\gines\AppData\Roaming\Thunderbird\Profiles\i2blparj.default\Mail\pop.serviciodecorreo.es\msgFilterRules.dat,Mail/pop.serviciodecorreo.es,Remitente es: mailer_sap@ajusa.es,yes,17,Move to folder,AJUSA,"AND (from,is,mailer_sap@ajusa.es)",1,from,is
C:\Users\gines\AppData\Roaming\Thunderbird\Profiles\i2blparj.default\Mail\pop.serviciodecorreo.es\msgFilterRules.dat,Mail/pop.serviciodecorreo.es,Remitente contiene: totalenergies,yes,273,Move to folder,TOTAL,"AND (from,contains,totalenergies)",1,from,contains
C:\Users\gines\AppData\Roaming\Thunderbird\Profiles\i2blparj.default\Mail\pop.serviciodecorreo.es\msgFilterRules.dat,Mail/pop.serviciodecorreo.es,Remitente es: goyra@ofiexperts.es,yes,17,Move to folder,GOYRA,"OR (from,is,goyra@ofiexperts.es) OR (from,is,goyraofii@gmail.com)",2,from,is
C:\Users\gines\AppData\Roaming\Thunderbird\Profiles\i2blparj.default\Mail\pop.serviciodecorreo.es\msgFilterRules.dat,Mail/pop.serviciodecorreo.es,Remitente es: lucia@ceapi.es,yes,17,Move to folder,CEAPI,"AND (from,is,lucia@ceapi.es)",1,from,is
C:\Users\gines\AppData\Roaming\Thunderbird\Profiles\i2blparj.default\Mail\pop.serviciodecorreo.es\msgFilterRules.dat,Mail/pop.serviciodecorreo.es,Remitente es: atencionalcliente@ita-rotomatic.com,yes,17,Move to folder,ITA-ROTOMATIC,"OR (from,is,atencionalcliente@ita-rotomatic.com) OR (from,ends with,ita-rotomatic.com) OR (from,ends with,oficinaitarotomatic@gmail.com)",3,from,ends with;is
C:\Users\gines\AppData\Roaming\Thunderbird\Profiles\i2blparj.default\Mail\pop.serviciodecorreo.es\msgFilterRules.dat,Mail/pop.serviciodecorreo.es,Remitente es: administracion@amosan.es,yes,17,Move to folder,AMOSAN,"AND (from,is,administracion@amosan.es)",1,from,is
C:\Users\gines\AppData\Roaming\Thunderbird\Profiles\i2blparj.default\Mail\pop.serviciodecorreo.es\msgFilterRules.dat,Mail/pop.serviciodecorreo.es,Remitente es: admin@msmc.es,yes,17,Move to folder,MSMC4f5fc55b,"AND (from,is,admin@msmc.es)",1,from,is
C:\Users\gines\AppData\Roaming\Thunderbird\Profiles\i2blparj.default\Mail\pop.serviciodecorreo.es\msgFilterRules.dat,Mail/pop.serviciodecorreo.es,Remitente es: facturacioncartes@grupocartes.es,yes,17,Move to folder,FILTROS CARTES,"AND (from,is,facturacioncartes@grupocartes.es)",1,from,is
C:\Users\gines\AppData\Roaming\Thunderbird\Profiles\i2blparj.default\Mail\pop.serviciodecorreo.es\msgFilterRules.dat,Mail/pop.serviciodecorreo.es,Remitente es: contabilidad@pemebla.com,yes,17,Move to folder,PEMEBLA,"AND (from,is,contabilidad@pemebla.com)",1,from,is
C:\Users\gines\AppData\Roaming\Thunderbird\Profiles\i2blparj.default\Mail\pop.serviciodecorreo.es\msgFilterRules.dat,Mail/pop.serviciodecorreo.es,Remitente es: efactura@exclusivasbcn.com,yes,17,Move to folder,EXCLUSIVAS BCN,"AND (from,is,efactura@exclusivasbcn.com)",1,from,is
C:\Users\gines\AppData\Roaming\Thunderbird\Profiles\i2blparj.default\Mail\pop.serviciodecorreo.es\msgFilterRules.dat,Mail/pop.serviciodecorreo.es,Remitente es: BremboDispatcher@DISC.it,yes,17,Move to folder,BREMBO,"AND (from,is,BremboDispatcher@DISC.it)",1,from,is
C:\Users\gines\AppData\Roaming\Thunderbird\Profiles\i2blparj.default\Mail\pop.serviciodecorreo.es\msgFilterRules.dat,Mail/pop.serviciodecorreo.es,Remitente es: marta@exclusivasbcn.com,yes,337,Move to folder,EXCLUSIVAS BCN,"AND (from,is,marta@exclusivasbcn.com)",1,from,is
C:\Users\gines\AppData\Roaming\Thunderbird\Profiles\i2blparj.default\Mail\pop.serviciodecorreo.es\msgFilterRules.dat,Mail/pop.serviciodecorreo.es,Remitente es: administracio@jbmcamp.com,yes,17,Move to folder,JBM,"AND (from,is,administracio@jbmcamp.com)",1,from,is
C:\Users\gines\AppData\Roaming\Thunderbird\Profiles\i2blparj.default\Mail\pop.serviciodecorreo.es\msgFilterRules.dat,Mail/pop.serviciodecorreo.es,Remitente es: contabilidad@fare-auto.com,yes,337,Move to folder,FARE,"AND (from,is,contabilidad@fare-auto.com)",1,from,is
C:\Users\gines\AppData\Roaming\Thunderbird\Profiles\i2blparj.default\Mail\pop.serviciodecorreo.es\msgFilterRules.dat,Mail/pop.serviciodecorreo.es,Remitente es: pedidos@acps-automotive.com,yes,17,Move to folder,ACPS AUTOMOTIVE,"OR (from,is,pedidos@acps-automotive.com) OR (from,is,javier.lorenzo@acps-automotive.com) OR (from,ends with,@acps-automotive.com)",3,from,ends with;is
C:\Users\gines\AppData\Roaming\Thunderbird\Profiles\i2blparj.default\Mail\pop.serviciodecorreo.es\msgFilterRules.dat,Mail/pop.serviciodecorreo.es,Remitente es: optimal@optimal-spain.com,yes,337,Move to folder,OPTIMAL,"OR (from,is,optimal@optimal-spain.com) OR (from,is,xavi@optimal-spain.com) OR (from,ends with,@optimal-spain.com)",3,from,ends with;is
C:\Users\gines\AppData\Roaming\Thunderbird\Profiles\i2blparj.default\Mail\pop.serviciodecorreo.es\msgFilterRules.dat,Mail/pop.serviciodecorreo.es,Remitente es: r.delgado@kyb-europe.com,yes,17,Move to folder,KYB,"AND (from,is,r.delgado@kyb-europe.com)",1,from,is
C:\Users\gines\AppData\Roaming\Thunderbird\Profiles\i2blparj.default\Mail\pop.serviciodecorreo.es\msgFilterRules.dat,Mail/pop.serviciodecorreo.es,Remitente es: m.gonzalez@teasa.net,yes,337,Move to folder,EACLIMA,"AND (from,is,m.gonzalez@teasa.net)",1,from,is
C:\Users\gines\AppData\Roaming\Thunderbird\Profiles\i2blparj.default\Mail\pop.serviciodecorreo.es\msgFilterRules.dat,Mail/pop.serviciodecorreo.es,Remitente es: tallerbayra@gmail.com,yes,337,Move to folder,TALLERES BAYRA,"AND (from,is,tallerbayra@gmail.com)",1,from,is
C:\Users\gines\AppData\Roaming\Thunderbird\Profiles\i2blparj.default\Mail\pop.serviciodecorreo.es\msgFilterRules.dat,Mail/pop.serviciodecorreo.es,Remitente es: administracion@recambiosjesus.com,yes,337,Move to folder,RECAMBIOS JESUS,"OR (from,is,administracion@recambiosjesus.com) OR (from,ends with,@recambiosjesus.com) OR (from,is,facturacion@recambiosjesus.com)",3,from,ends with;is
C:\Users\gines\AppData\Roaming\Thunderbird\Profiles\i2blparj.default\Mail\pop.serviciodecorreo.es\msgFilterRules.dat,Mail/pop.serviciodecorreo.es,Remitente es: albox@chemaneumaticos.es,yes,337,Move to folder,CHEMA NEUMATICOS,"AND (from,is,albox@chemaneumaticos.es)",1,from,is
C:\Users\gines\AppData\Roaming\Thunderbird\Profiles\i2blparj.default\Mail\pop.serviciodecorreo.es\msgFilterRules.dat,Mail/pop.serviciodecorreo.es,Remitente es: ita-rotomatic@cecot.es,yes,273,Move to folder,ITA-ROTOMATIC,"AND (from,is,ita-rotomatic@cecot.es)",1,from,is
C:\Users\gines\AppData\Roaming\Thunderbird\Profiles\i2blparj.default\Mail\pop.serviciodecorreo.es\msgFilterRules.dat,Mail/pop.serviciodecorreo.es,Remitente termina con: @mahle.com,yes,337,Move to folder,MAHLE,"OR (from,ends with,@mahle.com) OR (subject,contains,MAHLE Aftermarket S.L.U)",2,from;subject,contains;ends with
C:\Users\gines\AppData\Roaming\Thunderbird\Profiles\i2blparj.default\Mail\pop.serviciodecorreo.es\msgFilterRules.dat,Mail/pop.serviciodecorreo.es,Remitente contiene: ICR-reporting@ppg.com,yes,273,Move to folder,ICR IBERICA,"OR (from,contains,ICR-reporting@ppg.com) OR (subject,contains,ICR IBERICA)",2,from;subject,contains
C:\Users\gines\AppData\Roaming\Thunderbird\Profiles\i2blparj.default\Mail\pop.serviciodecorreo.es\msgFilterRules.dat,Mail/pop.serviciodecorreo.es,Asunto contiene: anydesk,yes,273,Move to folder,ANYDESK,"OR (subject,contains,anydesk) OR (from,contains,support@anydesk.com)",2,from;subject,contains
C:\Users\gines\AppData\Roaming\Thunderbird\Profiles\i2blparj.default\Mail\pop.serviciodecorreo.es\msgFilterRules.dat,Mail/pop.serviciodecorreo.es,Remitente es: factura@cevamiberica.com,yes,273,Move to folder,CEVAM,"OR (from,is,factura@cevamiberica.com) OR (all addresses,contains,ramon.hernandez.cevamiberica.com) OR (from,is,almacen@cevamiberica.com) OR (from,contains,@cevamiberica.com) OR (from,ends with,@cevam.com)",5,all addresses;from,contains;ends with;is
C:\Users\gines\AppData\Roaming\Thunderbird\Profiles\i2blparj.default\Mail\pop.serviciodecorreo.es\msgFilterRules.dat,Mail/pop.serviciodecorreo.es,Remitente termina con: @solaufil.com,yes,17,Move to folder,MECAFILTER,"AND (from,ends with,@solaufil.com)",1,from,ends with
C:\Users\gines\AppData\Roaming\Thunderbird\Profiles\i2blparj.default\Mail\pop.serviciodecorreo.es\msgFilterRules.dat,Mail/pop.serviciodecorreo.es,Remitente es: pmancebo@gira.net,yes,17,Move to folder,GIRA,"AND (from,is,pmancebo@gira.net)",1,from,is
C:\Users\gines\AppData\Roaming\Thunderbird\Profiles\i2blparj.default\Mail\pop.serviciodecorreo.es\msgFilterRules.dat,Mail/pop.serviciodecorreo.es,Remitente es: vs-madrid-pedidos@valeo.com,yes,17,Move to folder,VALEO,"AND (from,is,vs-madrid-pedidos@valeo.com)",1,from,is
C:\Users\gines\AppData\Roaming\Thunderbird\Profiles\i2blparj.default\Mail\pop.serviciodecorreo.es\msgFilterRules.dat,Mail/pop.serviciodecorreo.es,borg & beck,yes,337,Move to folder,BB - BORG & BECK(2),"AND (from,ends with,@borgandbeck.com)",1,from,ends with
C:\Users\gines\AppData\Roaming\Thunderbird\Profiles\i2blparj.default\Mail\pop.serviciodecorreo.es\msgFilterRules.dat,Mail/pop.serviciodecorreo.es,estanfi,yes,337,Move to folder,ESTANFI,"AND (from,is,admin02@estanfi.com)",1,from,is
C:\Users\gines\AppData\Roaming\Thunderbird\Profiles\i2blparj.default\Mail\pop.serviciodecorreo.es\msgFilterRules.dat,Mail/pop.serviciodecorreo.es,Remitente termina con: @filtroscartes.net,yes,337,Move to folder,FILTROS CARTES,"AND (from,ends with,@filtroscartes.net)",1,from,ends with
C:\Users\gines\AppData\Roaming\Thunderbird\Profiles\i2blparj.default\Mail\pop.serviciodecorreo.es\msgFilterRules.dat,Mail/pop.serviciodecorreo.es,Remitente termina con: @esneagri.com,yes,337,Move to folder,ESNEAGRI,"AND (from,ends with,@esneagri.com)",1,from,ends with
C:\Users\gines\AppData\Roaming\Thunderbird\Profiles\i2blparj.default\Mail\pop.serviciodecorreo.es\msgFilterRules.dat,Mail/pop.serviciodecorreo.es,nertor,yes,337,Move to folder,NER-TOR,"AND (from,ends with,@nertor.com)",1,from,ends with
C:\Users\gines\AppData\Roaming\Thunderbird\Profiles\i2blparj.default\Mail\pop.serviciodecorreo.es\msgFilterRules.dat,Mail/pop.serviciodecorreo.es,Remitente es: pedidos@fmg-eu.com,yes,337,Move to folder,RH,"AND (from,is,pedidos@fmg-eu.com)",1,from,is
C:\Users\gines\AppData\Roaming\Thunderbird\Profiles\i2blparj.default\Mail\pop.serviciodecorreo.es\msgFilterRules.dat,Mail/pop.serviciodecorreo.es,Remitente es: mbernal@azurglobal.es,yes,337,Move to folder,AZUR GLOBAL,"AND (from,is,mbernal@azurglobal.es)",1,from,is
C:\Users\gines\AppData\Roaming\Thunderbird\Profiles\i2blparj.default\Mail\pop.serviciodecorreo.es\msgFilterRules.dat,Mail/pop.serviciodecorreo.es,Remitente es: spain@nrf.eu,yes,337,Move to folder,NRF,"AND (from,is,spain@nrf.eu)",1,from,is
C:\Users\gines\AppData\Roaming\Thunderbird\Profiles\i2blparj.default\Mail\pop.serviciodecorreo.es\msgFilterRules.dat,Mail/pop.serviciodecorreo.es,DAISA,yes,337,Move to folder,DAISA - VARTA,"AND (from,ends with,@daisa.es)",1,from,ends with
C:\Users\gines\AppData\Roaming\Thunderbird\Profiles\i2blparj.default\Mail\pop.serviciodecorreo.es\msgFilterRules.dat,Mail/pop.serviciodecorreo.es,FEBEST,yes,337,Move to folder,FEBEST - RUMBO NORTE,"AND (from,ends with,@rumbonorterecambios.com)",1,from,ends with
C:\Users\gines\AppData\Roaming\Thunderbird\Profiles\i2blparj.default\Mail\pop.serviciodecorreo.es\msgFilterRules.dat,Mail/pop.serviciodecorreo.es,CHEMA,yes,321,Move to folder,CHEMA NEUMATICOS,"AND (from,contains,@gruposalasaguila.es)",1,from,contains
C:\Users\gines\AppData\Roaming\Thunderbird\Profiles\i2blparj.default\Mail\pop.serviciodecorreo.es\msgFilterRules.dat,Mail/pop.serviciodecorreo.es,ARVERA,yes,337,Move to folder,ARVERA12ef9588,"OR (from,is,antonioarvera@serca.es) OR (from,is,joseagr80@gmail.com) OR (from,is,castellano@serca.es) OR (from,is,jantonioarvera@serca.es) OR (from,is,cayuela@serca.es)",5,from,is
C:\Users\gines\AppData\Roaming\Thunderbird\Profiles\i2blparj.default\Mail\pop.serviciodecorreo.es\msgFilterRules.dat,Mail/pop.serviciodecorreo.es,EXIDE,yes,321,Move to folder,EXIDE,"AND (from,contains,@exidegroup.com)",1,from,contains
C:\Users\gines\AppData\Roaming\Thunderbird\Profiles\i2blparj.default\Mail\pop.serviciodecorreo.es\msgFilterRules.dat,Mail/pop.serviciodecorreo.es,Remitente es: no-reply@gls-spain.dev,yes,17,Delete,,"AND (from,is,no-reply@gls-spain.dev)",1,from,is
C:\Users\gines\AppData\Roaming\Thunderbird\Profiles\i2blparj.default\Mail\pop.serviciodecorreo.es\msgFilterRules.dat,Mail/pop.serviciodecorreo.es,Remitente es: reminders@facebookmail.com,yes,17,Delete,,"AND (from,is,reminders@facebookmail.com)",1,from,is
C:\Users\gines\AppData\Roaming\Thunderbird\Profiles\i2blparj.default\Mail\pop.serviciodecorreo.es\msgFilterRules.dat,Mail/pop.serviciodecorreo.es,Remitente termina con: @skrit.es,yes,273,Move to folder,SKRIT INFORMATICA,"OR (from,ends with,@skrit.es)",1,from,ends with
C:\Users\gines\AppData\Roaming\Thunderbird\Profiles\i2blparj.default\Mail\pop.serviciodecorreo.es\msgFilterRules.dat,Mail/pop.serviciodecorreo.es,Remitente contiene: joaquin.carretero@rema-tiptop.es,yes,273,Move to folder,TIP-TOP,"OR (from,contains,joaquin.carretero@rema-tiptop.es) OR (from,ends with,@rema-tiptop.es)",2,from,contains;ends with
C:\Users\gines\AppData\Roaming\Thunderbird\Profiles\i2blparj.default\Mail\pop.serviciodecorreo.es\msgFilterRules.dat,Mail/pop.serviciodecorreo.es,Remitente es: almacen@cevamiberica.com,yes,273,Move to folder,CEVAM,"AND (from,is,almacen@cevamiberica.com)",1,from,is
C:\Users\gines\AppData\Roaming\Thunderbird\Profiles\i2blparj.default\Mail\pop.serviciodecorreo.es\msgFilterRules.dat,Mail/pop.serviciodecorreo.es,Remitente es: madridpla@cbl-logistica.com,yes,17,Move to folder,EXIDE,"AND (from,is,madridpla@cbl-logistica.com)",1,from,is
C:\Users\gines\AppData\Roaming\Thunderbird\Profiles\i2blparj.default\Mail\pop.serviciodecorreo.es\msgFilterRules.dat,Mail/pop.serviciodecorreo.es,Remitente es: postventa01@estanfi.com,yes,273,Move to folder,ESTANFI,"AND (from,ends with,@estanfi.com)",1,from,ends with
C:\Users\gines\AppData\Roaming\Thunderbird\Profiles\i2blparj.default\Mail\pop.serviciodecorreo.es\msgFilterRules.dat,Mail/pop.serviciodecorreo.es,Remitente termina con: @rhernandez.com,yes,17,Move to folder,REPRESENTACIONES HERNANDEZ,"AND (from,ends with,@rhernandez.com)",1,from,ends with
C:\Users\gines\AppData\Roaming\Thunderbird\Profiles\i2blparj.default\Mail\pop.serviciodecorreo.es\msgFilterRules.dat,Mail/pop.serviciodecorreo.es,Remitente contiene: @danazaragoza.com,yes,273,Move to folder,DANA AUTOMOCION,"OR (from,is,facturacion@danazaragoza.com) OR (from,ends with,@dana.com)",2,from,ends with;is
C:\Users\gines\AppData\Roaming\Thunderbird\Profiles\i2blparj.default\Mail\pop.serviciodecorreo.es\msgFilterRules.dat,Mail/pop.serviciodecorreo.es,Remitente termina con: @medinabi.es,yes,337,Move to folder,ITAL RECAMBIOS,"OR (from,is,medinabi@medinabi.es)",1,from,is
C:\Users\gines\AppData\Roaming\Thunderbird\Profiles\i2blparj.default\Mail\pop.serviciodecorreo.es\msgFilterRules.dat,Mail/pop.serviciodecorreo.es,Remitente termina con: @gruposaveres.com,yes,337,Move to folder,SAVERES,"OR (from,ends with,@gruposaveres.com)",1,from,ends with
C:\Users\gines\AppData\Roaming\Thunderbird\Profiles\i2blparj.default\Mail\pop.serviciodecorreo.es\msgFilterRules.dat,Mail/pop.serviciodecorreo.es,Remitente termina con: @comlineiberica.com,yes,17,Move to folder,COMLINE,"AND (from,ends with,@comlineiberica.com)",1,from,ends with
C:\Users\gines\AppData\Roaming\Thunderbird\Profiles\i2blparj.default\Mail\pop.serviciodecorreo.es\msgFilterRules.dat,Mail/pop.serviciodecorreo.es,Remitente es: ginesrico89@gmail.com,yes,17,Move to folder,ARVERA12ef9588,"AND (from,is,ginesrico89@gmail.com)",1,from,is
C:\Users\gines\AppData\Roaming\Thunderbird\Profiles\i2blparj.default\Mail\pop.serviciodecorreo.es\msgFilterRules.dat,Mail/pop.serviciodecorreo.es,Remitente termina con: @fare-auto.com,yes,17,Move to folder,FARE,"AND (from,ends with,@fare-auto.com)",1,from,ends with
C:\Users\gines\AppData\Roaming\Thunderbird\Profiles\i2blparj.default\Mail\pop.serviciodecorreo.es\msgFilterRules.dat,Mail/pop.serviciodecorreo.es,Remitente termina con: @frigair-iberia.com,yes,17,Move to folder,FRIG AIR,"AND (from,ends with,@frigair-iberia.com)",1,from,ends with
C:\Users\gines\AppData\Roaming\Thunderbird\Profiles\i2blparj.default\Mail\pop.serviciodecorreo.es\msgFilterRules.dat,Mail/pop.serviciodecorreo.es,Remitente es: javireal@toprecambios.com,yes,17,Move to folder,TOP RECAMBIOS/INFORMATICA,"AND (from,is,javireal@toprecambios.com)",1,from,is
C:\Users\gines\AppData\Roaming\Thunderbird\Profiles\i2blparj.default\Mail\pop.serviciodecorreo.es\msgFilterRules.dat,Mail/pop.serviciodecorreo.es,Remitente termina con: @gira.net,yes,17,Move to folder,GIRA,"AND (from,ends with,@gira.net)",1,from,ends with
C:\Users\gines\AppData\Roaming\Thunderbird\Profiles\i2blparj.default\Mail\pop.serviciodecorreo.es\msgFilterRules.dat,Mail/pop.serviciodecorreo.es,Remitente termina con: @absoal.com,yes,17,Move to folder,ABSOAL,"AND (from,ends with,@absoal.com)",1,from,ends with
C:\Users\gines\AppData\Roaming\Thunderbird\Profiles\i2blparj.default\Mail\pop.serviciodecorreo.es\msgFilterRules.dat,Mail/pop.serviciodecorreo.es,Remitente es: joselopez.iveco@hotmail.com,yes,17,Move to folder,AUTOMECANICA ALBOX TURISMO,"AND (from,is,joselopez.iveco@hotmail.com)",1,from,is
C:\Users\gines\AppData\Roaming\Thunderbird\Profiles\i2blparj.default\Mail\pop.serviciodecorreo.es\msgFilterRules.dat,Mail/pop.serviciodecorreo.es,Remitente termina con: @rztools.com,yes,17,Move to folder,RZTOOLS,"AND (from,ends with,@rztools.com)",1,from,ends with
C:\Users\gines\AppData\Roaming\Thunderbird\Profiles\i2blparj.default\Mail\pop.serviciodecorreo.es\msgFilterRules.dat,Mail/pop.serviciodecorreo.es,Remitente es: cr@rodamientos.net,yes,17,Move to folder,ROYSE,"AND (from,is,cr@rodamientos.net)",1,from,is
C:\Users\gines\AppData\Roaming\Thunderbird\Profiles\i2blparj.default\Mail\pop.serviciodecorreo.es\msgFilterRules.dat,Mail/pop.serviciodecorreo.es,Remitente termina con: @sesametime.com,yes,17,Move to folder,SESAME,"AND (from,ends with,@sesametime.com)",1,from,ends with
C:\Users\gines\AppData\Roaming\Thunderbird\Profiles\i2blparj.default\Mail\pop.serviciodecorreo.es\msgFilterRules.dat,Mail/pop.serviciodecorreo.es,Remitente es: mariano@exclusivasbcn.com,yes,17,Move to folder,EXCLUSIVAS BCN,"AND (from,ends with,@exclusivasbcn.com)",1,from,ends with
C:\Users\gines\AppData\Roaming\Thunderbird\Profiles\i2blparj.default\Mail\pop.serviciodecorreo.es\msgFilterRules.dat,Mail/pop.serviciodecorreo.es,Remitente es: facturacion@grupoandres.com,yes,17,Move to folder,NEUMATICOS ANDRES,"AND (from,is,facturacion@grupoandres.com)",1,from,is
C:\Users\gines\AppData\Roaming\Thunderbird\Profiles\i2blparj.default\Mail\pop.serviciodecorreo.es\msgFilterRules.dat,Mail/pop.serviciodecorreo.es,Remitente es: ventas2@evergreen.com.es,yes,17,Move to folder,EVERGREEN,"AND (from,is,ventas2@evergreen.com.es)",1,from,is
C:\Users\gines\AppData\Roaming\Thunderbird\Profiles\i2blparj.default\Mail\pop.serviciodecorreo.es\msgFilterRules.dat,Mail/pop.serviciodecorreo.es,Remitente es: administracion@bilsteingroup.com,yes,337,Move to folder,BLISTEIN - SWAG,"OR (from,is,administracion@bilsteingroup.com) OR (from,ends with,@Bilsteingroup.com)",2,from,ends with;is
C:\Users\gines\AppData\Roaming\Thunderbird\Profiles\i2blparj.default\Mail\pop.serviciodecorreo.es\msgFilterRules.dat,Mail/pop.serviciodecorreo.es,Remitente es: info@frigair-iberia.com,yes,17,Move to folder,FRIG AIR,"OR (from,is,info@frigair-iberia.com) OR (from,is,invoices@frigair-iberia.com)",2,from,is
C:\Users\gines\AppData\Roaming\Thunderbird\Profiles\i2blparj.default\Mail\pop.serviciodecorreo.es\msgFilterRules.dat,Mail/pop.serviciodecorreo.es,Remitente es: saphelpdesk@driv.com,yes,17,Move to folder,FEDERAL MOGUL,"OR (from,is,saphelpdesk@driv.com) OR (from,ends with,@driv.com)",2,from,ends with;is
C:\Users\gines\AppData\Roaming\Thunderbird\Profiles\i2blparj.default\Mail\pop.serviciodecorreo.es\msgFilterRules.dat,Mail/pop.serviciodecorreo.es,Remitente es: info@suminesa.com,yes,17,Move to folder,SUMINESA,"AND (from,is,info@suminesa.com)",1,from,is
C:\Users\gines\AppData\Roaming\Thunderbird\Profiles\i2blparj.default\Mail\pop.serviciodecorreo.es\msgFilterRules.dat,Mail/pop.serviciodecorreo.es,Remitente es: manad@amolux.net,yes,17,Move to folder,AMOLUX - MANAD,"AND (from,is,manad@amolux.net)",1,from,is
C:\Users\gines\AppData\Roaming\Thunderbird\Profiles\i2blparj.default\Mail\pop.serviciodecorreo.es\msgFilterRules.dat,Mail/pop.serviciodecorreo.es,Remitente es: gines@jgpsl.com,yes,17,Move to folder,FERREVERA,"AND (from,is,gines@jgpsl.com)",1,from,is
C:\Users\gines\AppData\Roaming\Thunderbird\Profiles\i2blparj.default\Mail\pop.serviciodecorreo.es\msgFilterRules.dat,Mail/pop.serviciodecorreo.es,Remitente es: BCNEXPEDICIONES@FEYC.ES,yes,17,Move to folder,RODAMIENTOS FEYC,"AND (from,is,BCNEXPEDICIONES@FEYC.ES)",1,from,is
C:\Users\gines\AppData\Roaming\Thunderbird\Profiles\i2blparj.default\Mail\pop.serviciodecorreo.es\msgFilterRules.dat,Mail/pop.serviciodecorreo.es,Remitente es: nita@delinmitel.com,yes,17,Move to folder,DELINMITEL,"AND (from,is,nita@delinmitel.com)",1,from,is
C:\Users\gines\AppData\Roaming\Thunderbird\Profiles\i2blparj.default\Mail\pop.serviciodecorreo.es\msgFilterRules.dat,Mail/pop.serviciodecorreo.es,Remitente es: administracion@euromaquinas.com,yes,17,Move to folder,EUROMAQUINARIAS HISPANIDAD,"AND (from,is,administracion@euromaquinas.com)",1,from,is
C:\Users\gines\AppData\Roaming\Thunderbird\Profiles\i2blparj.default\Mail\pop.serviciodecorreo.es\msgFilterRules.dat,Mail/pop.serviciodecorreo.es,Remitente es: hogar1@poessa.com,yes,17,Move to folder,POESSA,"AND (from,is,hogar1@poessa.com)",1,from,is
C:\Users\gines\AppData\Roaming\Thunderbird\Profiles\i2blparj.default\Mail\pop.serviciodecorreo.es\msgFilterRules.dat,Mail/pop.serviciodecorreo.es,Remitente es: info@dogaparts.es,yes,17,Move to folder,DOGA,"OR (from,is,info@dogaparts.es) OR (from,ends with,@dogaparts.es)",2,from,ends with;is
C:\Users\gines\AppData\Roaming\Thunderbird\Profiles\i2blparj.default\Mail\pop.serviciodecorreo.es\msgFilterRules.dat,Mail/pop.serviciodecorreo.es,Remitente es: mecavera@mecavera.redpeugeot.com,yes,17,Move to folder,MECAVERA,"AND (from,is,mecavera@mecavera.redpeugeot.com)",1,from,is
C:\Users\gines\AppData\Roaming\Thunderbird\Profiles\i2blparj.default\Mail\pop.serviciodecorreo.es\msgFilterRules.dat,Mail/pop.serviciodecorreo.es,Remitente es: admon@carpriss.com,yes,17,Move to folder,CARPRISS,"OR (from,is,admon@carpriss.com) OR (from,ends with,@carpriss.com)",2,from,ends with;is
C:\Users\gines\AppData\Roaming\Thunderbird\Profiles\i2blparj.default\Mail\pop.serviciodecorreo.es\msgFilterRules.dat,Mail/pop.serviciodecorreo.es,Remitente es: facturacion@samoaindustrial.com,yes,17,Move to folder,SAMOA,"AND (from,is,facturacion@samoaindustrial.com)",1,from,is
C:\Users\gines\AppData\Roaming\Thunderbird\Profiles\i2blparj.default\Mail\pop.serviciodecorreo.es\msgFilterRules.dat,Mail/pop.serviciodecorreo.es,Remitente es: Administracion@multirecambioshm.com,yes,273,Move to folder,MULTIRECAMBIOS HM,"OR (from,is,Administracion@multirecambioshm.com) OR (from,ends with,@multirecambioshm.com)",2,from,ends with;is
C:\Users\gines\AppData\Roaming\Thunderbird\Profiles\i2blparj.default\Mail\pop.serviciodecorreo.es\msgFilterRules.dat,Mail/pop.serviciodecorreo.es,Remitente es: facturacion@recambiosasiaticos.com,yes,17,Move to folder,RECAMBIOS ASIATICOS,"OR (from,is,facturacion@recambiosasiaticos.com) OR (from,ends with,@recambiosasiaticos.com)",2,from,ends with;is
C:\Users\gines\AppData\Roaming\Thunderbird\Profiles\i2blparj.default\Mail\pop.serviciodecorreo.es\msgFilterRules.dat,Mail/pop.serviciodecorreo.es,Remitente es: administracion@febestiberica.com,yes,17,Move to folder,FEBEST - RUMBO NORTE,"AND (from,is,administracion@febestiberica.com)",1,from,is
C:\Users\gines\AppData\Roaming\Thunderbird\Profiles\i2blparj.default\Mail\pop.serviciodecorreo.es\msgFilterRules.dat,Mail/pop.serviciodecorreo.es,Remitente es: escribano@pinchazosvargas.com,yes,17,Move to folder,PINCHAZOS VARGAS,"AND (from,is,escribano@pinchazosvargas.com)",1,from,is
C:\Users\gines\AppData\Roaming\Thunderbird\Profiles\i2blparj.default\Mail\pop.serviciodecorreo.es\msgFilterRules.dat,Mail/pop.serviciodecorreo.es,Remitente es: autosys@henkel.com,yes,17,Move to folder,HENKEL,"OR (from,is,autosys@henkel.com) OR (from,ends with,@henkel.com)",2,from,ends with;is
C:\Users\gines\AppData\Roaming\Thunderbird\Profiles\i2blparj.default\Mail\pop.serviciodecorreo.es\msgFilterRules.dat,Mail/pop.serviciodecorreo.es,Remitente es: ramon.hernandez@cevamiberica.com,yes,273,Move to folder,CEVAM,"OR (from,is,ramon.hernandez@cevamiberica.com) OR (from,is,servicio.tecnico@cevamiberica.com)",2,from,is
C:\Users\gines\AppData\Roaming\Thunderbird\Profiles\i2blparj.default\Mail\pop.serviciodecorreo.es\msgFilterRules.dat,Mail/pop.serviciodecorreo.es,Remitente es: pedidos.tork@essity.com,yes,17,Move to folder,ESSITY - TORK,"AND (from,is,pedidos.tork@essity.com)",1,from,is
C:\Users\gines\AppData\Roaming\Thunderbird\Profiles\i2blparj.default\Mail\pop.serviciodecorreo.es\msgFilterRules.dat,Mail/pop.serviciodecorreo.es,COMPRAS VARIAS,yes,17,Move to folder,COMPRAS VARIAS,"OR (from,is,info@42kshop.com) OR (from,is,pedidos@pccomponentes.com) OR (from,is,noreply@pccomponentes.com) OR (from,ends with,@pccomponentes.com) OR (from,is,verametal2015@gmail.com)",5,from,ends with;is
C:\Users\gines\AppData\Roaming\Thunderbird\Profiles\i2blparj.default\Mail\pop.serviciodecorreo.es\msgFilterRules.dat,Mail/pop.serviciodecorreo.es,Remitente es: lydia.bartolome@euromaster.com,yes,17,Move to folder,EUROMASTER,"OR (from,is,lydia.bartolome@euromaster.com) OR (from,ends with,@euromaster.com)",2,from,ends with;is
C:\Users\gines\AppData\Roaming\Thunderbird\Profiles\i2blparj.default\Mail\pop.serviciodecorreo.es\msgFilterRules.dat,Mail/pop.serviciodecorreo.es,Remitente es: portal@rema-tiptop.es,yes,17,Move to folder,Trash/TIP-TOP,"AND (from,is,portal@rema-tiptop.es)",1,from,is
C:\Users\gines\AppData\Roaming\Thunderbird\Profiles\i2blparj.default\Mail\pop.serviciodecorreo.es\msgFilterRules.dat,Mail/pop.serviciodecorreo.es,Remitente es: ecommerce@rema-tiptop.es,yes,337,Move to folder,Trash/TIP-TOP,"OR (from,is,ecommerce@rema-tiptop.es) OR (from,is,portal@rema-tiptop.es) OR (from,is,facturacion@rema-tiptop.es) OR (from,ends with,@rema-tiptop.es)",4,from,ends with;is
C:\Users\gines\AppData\Roaming\Thunderbird\Profiles\i2blparj.default\Mail\pop.serviciodecorreo.es\msgFilterRules.dat,Mail/pop.serviciodecorreo.es,Remitente es: n.mihai@kyb-europe.com,yes,17,Move to folder,KYB,"OR (from,is,n.mihai@kyb-europe.com) OR (from,ends with,kyb-europe.com)",2,from,ends with;is
C:\Users\gines\AppData\Roaming\Thunderbird\Profiles\i2blparj.default\Mail\pop.serviciodecorreo.es\msgFilterRules.dat,Mail/pop.serviciodecorreo.es,Remitente es: duerto@duerto.com,yes,17,Move to folder,DUERTO,"AND (from,is,duerto@duerto.com)",1,from,is
C:\Users\gines\AppData\Roaming\Thunderbird\Profiles\i2blparj.default\Mail\pop.serviciodecorreo.es\msgFilterRules.dat,Mail/pop.serviciodecorreo.es,Remitente es: iliana.el.youjili@continental.com,yes,17,Move to folder,CONTINENTAL CORREAS,"OR (from,is,iliana.el.youjili@continental.com) OR (from,ends with,@continental.com)",2,from,ends with;is
C:\Users\gines\AppData\Roaming\Thunderbird\Profiles\i2blparj.default\Mail\pop.serviciodecorreo.es\msgFilterRules.dat,Mail/pop.serviciodecorreo.es,Remitente es: contact@mecafilter-info.com,yes,17,Move to folder,MECAFILTER,"AND (from,is,contact@mecafilter-info.com)",1,from,is
C:\Users\gines\AppData\Roaming\Thunderbird\Profiles\i2blparj.default\Mail\pop.serviciodecorreo.es\msgFilterRules.dat,Mail/pop.serviciodecorreo.es,Remitente es: comercial@transmisiones-cardiberica.com,yes,17,Move to folder,CARDIBERICA,"AND (from,is,comercial@transmisiones-cardiberica.com)",1,from,is
C:\Users\gines\AppData\Roaming\Thunderbird\Profiles\i2blparj.default\Mail\pop.serviciodecorreo.es\msgFilterRules.dat,Mail/pop.serviciodecorreo.es,Remitente es: facturacion@iparlux.es,yes,17,Move to folder,IPARLUX,"AND (from,is,facturacion@iparlux.es)",1,from,is
C:\Users\gines\AppData\Roaming\Thunderbird\Profiles\i2blparj.default\Mail\pop.serviciodecorreo.es\msgFilterRules.dat,Mail/pop.serviciodecorreo.es,Remitente es: BremboDispatcher@lutech.it,yes,337,Move to folder,BREMBO,"OR (from,is,BremboDispatcher@lutech.it) OR (from,is,JoseAntonio_Bailo@brembo.es) OR (from,ends with,@brembo.es)",3,from,ends with;is
C:\Users\gines\AppData\Roaming\Thunderbird\Profiles\i2blparj.default\Mail\pop.serviciodecorreo.es\msgFilterRules.dat,Mail/pop.serviciodecorreo.es,Remitente es: e-invoicing@ptg.contitech.de,yes,17,Move to folder,CONTINENTAL CORREAS,"AND (from,is,e-invoicing@ptg.contitech.de)",1,from,is
C:\Users\gines\AppData\Roaming\Thunderbird\Profiles\i2blparj.default\Mail\pop.serviciodecorreo.es\msgFilterRules.dat,Mail/pop.serviciodecorreo.es,Remitente es: administracion@meat-doria.es,yes,17,Move to folder,MEAT-DORIA,"OR (from,is,administracion@meat-doria.es) OR (from,is,facturacion@meat-doria.es) OR (from,ends with,@meat-doria.es)",3,from,ends with;is
C:\Users\gines\AppData\Roaming\Thunderbird\Profiles\i2blparj.default\Mail\pop.serviciodecorreo.es\msgFilterRules.dat,Mail/pop.serviciodecorreo.es,Remitente es: noreply@toprecambios.com,yes,17,Move to folder,TOP RECAMBIOS,"AND (from,is,noreply@toprecambios.com)",1,from,is
C:\Users\gines\AppData\Roaming\Thunderbird\Profiles\i2blparj.default\Mail\pop.serviciodecorreo.es\msgFilterRules.dat,Mail/pop.serviciodecorreo.es,Remitente es: barralautofordcoslada@gmail.com,yes,17,Move to folder,BARRAL AUTO,"AND (from,is,barralautofordcoslada@gmail.com)",1,from,is
C:\Users\gines\AppData\Roaming\Thunderbird\Profiles\i2blparj.default\Mail\pop.serviciodecorreo.es\msgFilterRules.dat,Mail/pop.serviciodecorreo.es,Remitente es: administracion@rolmovil.net,yes,17,Move to folder,POOL LINE,"OR (from,is,administracion@rolmovil.net) OR (from,is,pedidos@pool-line.com) OR (from,ends with,@pool-line.com)",3,from,ends with;is
C:\Users\gines\AppData\Roaming\Thunderbird\Profiles\i2blparj.default\Mail\pop.serviciodecorreo.es\msgFilterRules.dat,Mail/pop.serviciodecorreo.es,Remitente es: admin@toprecambios.com,yes,17,Move to folder,TOP RECAMBIOS,"AND (from,is,admin@toprecambios.com)",1,from,is
C:\Users\gines\AppData\Roaming\Thunderbird\Profiles\i2blparj.default\Mail\pop.serviciodecorreo.es\msgFilterRules.dat,Mail/pop.serviciodecorreo.es,Remitente es: talleres.automecanica-albox@rediveco.com,yes,17,Move to folder,AUTOMECANICA ALBOX TURISMO,"AND (from,is,talleres.automecanica-albox@rediveco.com)",1,from,is
C:\Users\gines\AppData\Roaming\Thunderbird\Profiles\i2blparj.default\Mail\pop.serviciodecorreo.es\msgFilterRules.dat,Mail/pop.serviciodecorreo.es,Remitente es: pedidos2@toprecambios.com,yes,17,Move to folder,TOP RECAMBIOS,"AND (from,is,pedidos2@toprecambios.com)",1,from,is
C:\Users\gines\AppData\Roaming\Thunderbird\Profiles\i2blparj.default\Mail\pop.serviciodecorreo.es\msgFilterRules.dat,Mail/pop.serviciodecorreo.es,Remitente es: infoenvios@mail.seur.info,yes,17,Move to folder,SEUR,"AND (from,is,infoenvios@mail.seur.info)",1,from,is
C:\Users\gines\AppData\Roaming\Thunderbird\Profiles\i2blparj.default\Mail\pop.serviciodecorreo.es\msgFilterRules.dat,Mail/pop.serviciodecorreo.es,Remitente es: almacenlucena@gmail.com,yes,337,Move to folder,NEUMATICOS LUCENA,"OR (from,is,almacenlucena@gmail.com) OR (from,is,administracion@neumaticoslucena.com) OR (from,is,neumaticoslucenasl@gmail.com) OR (from,ends with,@neumaticoslucena.com)",4,from,ends with;is
C:\Users\gines\AppData\Roaming\Thunderbird\Profiles\i2blparj.default\Mail\pop.serviciodecorreo.es\msgFilterRules.dat,Mail/pop.serviciodecorreo.es,Remitente es: marta.buceta@contitech.es,yes,337,Move to folder,CONTINENTAL CORREAS,"OR (from,is,marta.buceta@contitech.es) OR (from,ends with,@contitech.es)",2,from,ends with;is
C:\Users\gines\AppData\Roaming\Thunderbird\Profiles\i2blparj.default\Mail\pop.serviciodecorreo.es\msgFilterRules.dat,Mail/pop.serviciodecorreo.es,Remitente contiene: facturacion@serca.es,yes,273,Move to folder,SERCA FACTURACION,"AND (from,contains,facturacion@serca.es)",1,from,contains
C:\Users\gines\AppData\Roaming\Thunderbird\Profiles\i2blparj.default\Mail\pop.serviciodecorreo.es\msgFilterRules.dat,Mail/pop.serviciodecorreo.es,Remitente es: facturas@toprecambios.com,yes,17,Move to folder,TOP RECAMBIOS,"AND (from,is,facturas@toprecambios.com)",1,from,is
C:\Users\gines\AppData\Roaming\Thunderbird\Profiles\i2blparj.default\Mail\pop.serviciodecorreo.es\msgFilterRules.dat,Mail/pop.serviciodecorreo.es,Remitente es: facturacion@toprecambios.com,yes,273,Move to folder,TOP RECAMBIOS,"AND (from,is,facturacion@toprecambios.com)",1,from,is
C:\Users\gines\AppData\Roaming\Thunderbird\Profiles\i2blparj.default\Mail\pop.serviciodecorreo.es\msgFilterRules.dat,Mail/pop.serviciodecorreo.es,Remitente es: atencionalcliente@pulpiautomocion.com,yes,17,Move to folder,PULPI AUTOMOCION,"AND (from,is,atencionalcliente@pulpiautomocion.com)",1,from,is
C:\Users\gines\AppData\Roaming\Thunderbird\Profiles\i2blparj.default\Mail\pop.serviciodecorreo.es\msgFilterRules.dat,Mail/pop.serviciodecorreo.es,Remitente es: harrywalker@harrywalker.net,yes,17,Move to folder,HARRY WALKER RODAMIENTOS,"AND (from,is,harrywalker@harrywalker.net)",1,from,is
C:\Users\gines\AppData\Roaming\Thunderbird\Profiles\i2blparj.default\Mail\pop.serviciodecorreo.es\msgFilterRules.dat,Mail/pop.serviciodecorreo.es,Remitente es: adm.spj@spj.es,yes,17,Move to folder,SPJ0f44851e,"AND (from,is,adm.spj@spj.es)",1,from,is
C:\Users\gines\AppData\Roaming\Thunderbird\Profiles\i2blparj.default\Mail\pop.serviciodecorreo.es\msgFilterRules.dat,Mail/pop.serviciodecorreo.es,Remitente termina con: @htlubricantoils.com,yes,17,Move to folder,HTLO LUBRICANTES,"AND (from,ends with,@htlubricantoils.com)",1,from,ends with
C:\Users\gines\AppData\Roaming\Thunderbird\Profiles\i2blparj.default\Mail\pop.serviciodecorreo.es\msgFilterRules.dat,Mail/pop.serviciodecorreo.es,Remitente es: facturacionferrevera@gmail.com,yes,17,Move to folder,FERREVERA,"AND (from,is,facturacionferrevera@gmail.com)",1,from,is
C:\Users\gines\AppData\Roaming\Thunderbird\Profiles\i2blparj.default\Mail\pop.serviciodecorreo.es\msgFilterRules.dat,Mail/pop.serviciodecorreo.es,Remitente es: administracion@rztools.com,yes,17,Move to folder,RZTOOLS,"AND (from,is,administracion@rztools.com)",1,from,is
C:\Users\gines\AppData\Roaming\Thunderbird\Profiles\i2blparj.default\Mail\pop.serviciodecorreo.es\msgFilterRules.dat,Mail/pop.serviciodecorreo.es,Remitente es: facturacion.almeria@seur.net,yes,17,Move to folder,SEUR,"AND (from,is,facturacion.almeria@seur.net)",1,from,is
C:\Users\gines\AppData\Roaming\Thunderbird\Profiles\i2blparj.default\Mail\pop.serviciodecorreo.es\msgFilterRules.dat,Mail/pop.serviciodecorreo.es,Remitente es: erp@cecauto.com,yes,17,Move to folder,CECAUTO,"AND (from,is,erp@cecauto.com)",1,from,is
C:\Users\gines\AppData\Roaming\Thunderbird\Profiles\i2blparj.default\Mail\pop.serviciodecorreo.es\msgFilterRules.dat,Mail/pop.serviciodecorreo.es,Remitente es: elisa.franceschini@airtopitalia.eu,yes,17,Move to folder,AIRTOP ITALIA,"AND (from,is,elisa.franceschini@airtopitalia.eu)",1,from,is
C:\Users\gines\AppData\Roaming\Thunderbird\Profiles\i2blparj.default\Mail\pop.serviciodecorreo.es\msgFilterRules.dat,Mail/pop.serviciodecorreo.es,Remitente es: es.prometeon.i.sdd@prometeon.com,yes,17,Move to folder,PROMETEON,"AND (from,ends with,@prometeon.com)",1,from,ends with
C:\Users\gines\AppData\Roaming\Thunderbird\Profiles\i2blparj.default\Mail\pop.serviciodecorreo.es\msgFilterRules.dat,Mail/pop.serviciodecorreo.es,Remitente termina con: @ams-osram.com,yes,273,Move to folder,OSRAM,"OR (from,ends with,@ams-osram.com) OR (from,ends with,@osram.com)",2,from,ends with
C:\Users\gines\AppData\Roaming\Thunderbird\Profiles\i2blparj.default\Mail\pop.serviciodecorreo.es\msgFilterRules.dat,Mail/pop.serviciodecorreo.es,Remitente es: sonia@amolux.net,yes,17,Move to folder,AMOLUX,"AND (from,is,sonia@amolux.net)",1,from,is
C:\Users\gines\AppData\Roaming\Thunderbird\Profiles\i2blparj.default\Mail\pop.serviciodecorreo.es\msgFilterRules.dat,Mail/pop.serviciodecorreo.es,Remitente es: nissens@nissens.com,yes,17,Move to folder,Trash/NISSENS,"AND (from,is,nissens@nissens.com)",1,from,is
C:\Users\gines\AppData\Roaming\Thunderbird\Profiles\i2blparj.default\Mail\pop.serviciodecorreo.es\msgFilterRules.dat,Mail/pop.serviciodecorreo.es,Remitente es: Facturacion@barralauto.com,yes,17,Move to folder,BARRAL AUTO,"AND (from,is,Facturacion@barralauto.com)",1,from,is
C:\Users\gines\AppData\Roaming\Thunderbird\Profiles\i2blparj.default\Mail\pop.serviciodecorreo.es\msgFilterRules.dat,Mail/pop.serviciodecorreo.es,Remitente termina con: @as-sl.com,yes,17,Move to folder,AS,"AND (from,ends with,@as-sl.com)",1,from,ends with
C:\Users\gines\AppData\Roaming\Thunderbird\Profiles\i2blparj.default\Mail\pop.serviciodecorreo.es\msgFilterRules.dat,Mail/pop.serviciodecorreo.es,Remitente es: sash@lubricantes-sash.com,yes,17,Move to folder,ACEITES Y LUBRICANTES SASH,"AND (from,ends with,@lubricantes-sash.com)",1,from,ends with
C:\Users\gines\AppData\Roaming\Thunderbird\Profiles\i2blparj.default\Mail\pop.serviciodecorreo.es\msgFilterRules.dat,Mail/pop.serviciodecorreo.es,Remitente es: facturacion@alcaner.com,yes,17,Move to folder,ALCANER 2000,"AND (from,is,facturacion@alcaner.com)",1,from,is
C:\Users\gines\AppData\Roaming\Thunderbird\Profiles\i2blparj.default\Mail\pop.serviciodecorreo.es\msgFilterRules.dat,Mail/pop.serviciodecorreo.es,Remitente es: javi@liv-indurain.com,yes,17,Move to folder,PRODUCTOS LIV610ec48b,"AND (from,ends with,@liv-indurain.com)",1,from,ends with
C:\Users\gines\AppData\Roaming\Thunderbird\Profiles\i2blparj.default\Mail\pop.serviciodecorreo.es\msgFilterRules.dat,Mail/pop.serviciodecorreo.es,Remitente es: noreply@nex.es,yes,17,Move to folder,NEX TYRES,"AND (from,is,noreply@nex.es)",1,from,is
C:\Users\gines\AppData\Roaming\Thunderbird\Profiles\i2blparj.default\Mail\pop.serviciodecorreo.es\msgFilterRules.dat,Mail/pop.serviciodecorreo.es,Remitente es: grupo@holyauto.com,yes,17,Move to folder,HOLY AUTO,"AND (from,is,grupo@holyauto.com)",1,from,is
C:\Users\gines\AppData\Roaming\Thunderbird\Profiles\i2blparj.default\Mail\pop.serviciodecorreo.es\msgFilterRules.dat,Mail/pop.serviciodecorreo.es,Remitente es: m.gonzalez@eaclima.es,yes,17,Move to folder,EACLIMA,"AND (from,is,m.gonzalez@eaclima.es)",1,from,is
C:\Users\gines\AppData\Roaming\Thunderbird\Profiles\i2blparj.default\Mail\pop.serviciodecorreo.es\msgFilterRules.dat,Mail/pop.serviciodecorreo.es,Remitente es: ecommerce2.aarm@dk.bosch.com,yes,17,Move to folder,HC-CARGO,"AND (from,is,ecommerce2.aarm@dk.bosch.com)",1,from,is
C:\Users\gines\AppData\Roaming\Thunderbird\Profiles\i2blparj.default\Mail\pop.serviciodecorreo.es\msgFilterRules.dat,Mail/pop.serviciodecorreo.es,Remitente es: mailer_sap@ajusa.es,yes,17,Move to folder,AJUSA,"AND (from,is,mailer_sap@ajusa.es)",1,from,is
C:\Users\gines\AppData\Roaming\Thunderbird\Profiles\i2blparj.default\Mail\pop.serviciodecorreo.es\msgFilterRules.dat,Mail/pop.serviciodecorreo.es,Remitente es: goyra@ofiexperts.es,yes,17,Move to folder,GOYRA,"AND (from,is,goyra@ofiexperts.es)",1,from,is
C:\Users\gines\AppData\Roaming\Thunderbird\Profiles\i2blparj.default\Mail\pop.serviciodecorreo.es\msgFilterRules.dat,Mail/pop.serviciodecorreo.es,Remitente es: lucia@ceapi.es,yes,17,Move to folder,CEAPI,"AND (from,is,lucia@ceapi.es)",1,from,is
C:\Users\gines\AppData\Roaming\Thunderbird\Profiles\i2blparj.default\Mail\pop.serviciodecorreo.es\msgFilterRules.dat,Mail/pop.serviciodecorreo.es,Remitente es: atencionalcliente@ita-rotomatic.com,yes,17,Move to folder,ITA-ROTOMATIC,"AND (from,is,atencionalcliente@ita-rotomatic.com)",1,from,is
C:\Users\gines\AppData\Roaming\Thunderbird\Profiles\i2blparj.default\Mail\pop.serviciodecorreo.es\msgFilterRules.dat,Mail/pop.serviciodecorreo.es,Remitente es: administracion@amosan.es,yes,17,Move to folder,AMOSAN,"AND (from,is,administracion@amosan.es)",1,from,is
C:\Users\gines\AppData\Roaming\Thunderbird\Profiles\i2blparj.default\Mail\pop.serviciodecorreo.es\msgFilterRules.dat,Mail/pop.serviciodecorreo.es,Remitente es: admin@msmc.es,yes,17,Move to folder,MSMC4f5fc55b,"AND (from,is,admin@msmc.es)",1,from,is
C:\Users\gines\AppData\Roaming\Thunderbird\Profiles\i2blparj.default\Mail\pop.serviciodecorreo.es\msgFilterRules.dat,Mail/pop.serviciodecorreo.es,Remitente es: facturacioncartes@grupocartes.es,yes,17,Move to folder,FILTROS CARTES,"AND (from,is,facturacioncartes@grupocartes.es)",1,from,is
C:\Users\gines\AppData\Roaming\Thunderbird\Profiles\i2blparj.default\Mail\pop.serviciodecorreo.es\msgFilterRules.dat,Mail/pop.serviciodecorreo.es,Remitente es: contabilidad@pemebla.com,yes,17,Move to folder,PEMEBLA,"AND (from,is,contabilidad@pemebla.com)",1,from,is
C:\Users\gines\AppData\Roaming\Thunderbird\Profiles\i2blparj.default\Mail\pop.serviciodecorreo.es\msgFilterRules.dat,Mail/pop.serviciodecorreo.es,Remitente es: efactura@exclusivasbcn.com,yes,17,Move to folder,EXCLUSIVAS BCN,"AND (from,is,efactura@exclusivasbcn.com)",1,from,is
C:\Users\gines\AppData\Roaming\Thunderbird\Profiles\i2blparj.default\Mail\pop.serviciodecorreo.es\msgFilterRules.dat,Mail/pop.serviciodecorreo.es,Remitente es: BremboDispatcher@DISC.it,yes,17,Move to folder,BREMBO,"AND (from,is,BremboDispatcher@DISC.it)",1,from,is
C:\Users\gines\AppData\Roaming\Thunderbird\Profiles\i2blparj.default\Mail\pop.serviciodecorreo.es\msgFilterRules.dat,Mail/pop.serviciodecorreo.es,Remitente es: marta@exclusivasbcn.com,yes,337,Move to folder,EXCLUSIVAS BCN,"AND (from,is,marta@exclusivasbcn.com)",1,from,is
C:\Users\gines\AppData\Roaming\Thunderbird\Profiles\i2blparj.default\Mail\pop.serviciodecorreo.es\msgFilterRules.dat,Mail/pop.serviciodecorreo.es,Remitente es: administracio@jbmcamp.com,yes,17,Move to folder,JBM,"AND (from,is,administracio@jbmcamp.com)",1,from,is
C:\Users\gines\AppData\Roaming\Thunderbird\Profiles\i2blparj.default\Mail\pop.serviciodecorreo.es\msgFilterRules.dat,Mail/pop.serviciodecorreo.es,Remitente es: contabilidad@fare-auto.com,yes,337,Move to folder,FARE,"AND (from,is,contabilidad@fare-auto.com)",1,from,is
C:\Users\gines\AppData\Roaming\Thunderbird\Profiles\i2blparj.default\Mail\pop.serviciodecorreo.es\msgFilterRules.dat,Mail/pop.serviciodecorreo.es,Remitente es: pedidos@acps-automotive.com,yes,17,Move to folder,ACPS AUTOMOTIVE,"OR (from,is,pedidos@acps-automotive.com) OR (from,is,javier.lorenzo@acps-automotive.com) OR (from,ends with,@acps-automotive.com)",3,from,ends with;is
C:\Users\gines\AppData\Roaming\Thunderbird\Profiles\i2blparj.default\Mail\pop.serviciodecorreo.es\msgFilterRules.dat,Mail/pop.serviciodecorreo.es,Remitente es: optimal@optimal-spain.com,yes,337,Move to folder,OPTIMAL,"OR (from,is,optimal@optimal-spain.com) OR (from,is,xavi@optimal-spain.com) OR (from,ends with,@optimal-spain.com)",3,from,ends with;is
C:\Users\gines\AppData\Roaming\Thunderbird\Profiles\i2blparj.default\Mail\pop.serviciodecorreo.es\msgFilterRules.dat,Mail/pop.serviciodecorreo.es,Remitente es: r.delgado@kyb-europe.com,yes,17,Move to folder,KYB,"AND (from,is,r.delgado@kyb-europe.com)",1,from,is
C:\Users\gines\AppData\Roaming\Thunderbird\Profiles\i2blparj.default\Mail\pop.serviciodecorreo.es\msgFilterRules.dat,Mail/pop.serviciodecorreo.es,Remitente es: m.gonzalez@teasa.net,yes,337,Move to folder,EACLIMA,"AND (from,is,m.gonzalez@teasa.net)",1,from,is
C:\Users\gines\AppData\Roaming\Thunderbird\Profiles\i2blparj.default\Mail\pop.serviciodecorreo.es\msgFilterRules.dat,Mail/pop.serviciodecorreo.es,Remitente es: tallerbayra@gmail.com,yes,337,Move to folder,TALLERES BAYRA,"AND (from,is,tallerbayra@gmail.com)",1,from,is
C:\Users\gines\AppData\Roaming\Thunderbird\Profiles\i2blparj.default\Mail\pop.serviciodecorreo.es\msgFilterRules.dat,Mail/pop.serviciodecorreo.es,Remitente es: administracion@recambiosjesus.com,yes,337,Move to folder,RECAMBIOS JESUS,"OR (from,is,administracion@recambiosjesus.com) OR (from,ends with,@recambiosjesus.com) OR (from,is,facturacion@recambiosjesus.com)",3,from,ends with;is
C:\Users\gines\AppData\Roaming\Thunderbird\Profiles\i2blparj.default\Mail\pop.serviciodecorreo.es\msgFilterRules.dat,Mail/pop.serviciodecorreo.es,Remitente es: albox@chemaneumaticos.es,yes,337,Move to folder,CHEMA NEUMATICOS,"AND (from,is,albox@chemaneumaticos.es)",1,from,is
C:\Users\gines\AppData\Roaming\Thunderbird\Profiles\i2blparj.default\Mail\pop.serviciodecorreo.es\msgFilterRules.dat,Mail/pop.serviciodecorreo.es,Remitente es: ita-rotomatic@cecot.es,yes,273,Move to folder,ITA-ROTOMATIC,"AND (from,is,ita-rotomatic@cecot.es)",1,from,is
C:\Users\gines\AppData\Roaming\Thunderbird\Profiles\i2blparj.default\Mail\pop.serviciodecorreo.es\msgFilterRules.dat,Mail/pop.serviciodecorreo.es,Remitente termina con: @mahle.com,yes,337,Move to folder,MAHLE,"AND (from,ends with,@mahle.com)",1,from,ends with
C:\Users\gines\AppData\Roaming\Thunderbird\Profiles\i2blparj.default\Mail\pop.serviciodecorreo.es\msgFilterRules.dat,Mail/pop.serviciodecorreo.es,Remitente es: factura@cevamiberica.com,yes,17,Move to folder,CEVAM,"AND (from,is,factura@cevamiberica.com)",1,from,is
C:\Users\gines\AppData\Roaming\Thunderbird\Profiles\i2blparj.default\Mail\pop.serviciodecorreo.es\msgFilterRules.dat,Mail/pop.serviciodecorreo.es,Remitente termina con: @solaufil.com,yes,17,Move to folder,MECAFILTER,"AND (from,ends with,@solaufil.com)",1,from,ends with
C:\Users\gines\AppData\Roaming\Thunderbird\Profiles\i2blparj.default\Mail\pop.serviciodecorreo.es\msgFilterRules.dat,Mail/pop.serviciodecorreo.es,Remitente es: pmancebo@gira.net,yes,17,Move to folder,GIRA,"AND (from,is,pmancebo@gira.net)",1,from,is
C:\Users\gines\AppData\Roaming\Thunderbird\Profiles\i2blparj.default\Mail\pop.serviciodecorreo.es\msgFilterRules.dat,Mail/pop.serviciodecorreo.es,Remitente es: vs-madrid-pedidos@valeo.com,yes,17,Move to folder,VALEO,"AND (from,is,vs-madrid-pedidos@valeo.com)",1,from,is
C:\Users\gines\AppData\Roaming\Thunderbird\Profiles\i2blparj.default\Mail\pop.serviciodecorreo.es\msgFilterRules.dat,Mail/pop.serviciodecorreo.es,borg & beck,yes,337,Move to folder,BB - BORG & BECK(2),"AND (from,ends with,@borgandbeck.com)",1,from,ends with
C:\Users\gines\AppData\Roaming\Thunderbird\Profiles\i2blparj.default\Mail\pop.serviciodecorreo.es\msgFilterRules.dat,Mail/pop.serviciodecorreo.es,estanfi,yes,337,Move to folder,ESTANFI,"AND (from,is,admin02@estanfi.com)",1,from,is
C:\Users\gines\AppData\Roaming\Thunderbird\Profiles\i2blparj.default\Mail\pop.serviciodecorreo.es\msgFilterRules.dat,Mail/pop.serviciodecorreo.es,Remitente termina con: @filtroscartes.net,yes,337,Move to folder,FILTROS CARTES,"AND (from,ends with,@filtroscartes.net)",1,from,ends with
C:\Users\gines\AppData\Roaming\Thunderbird\Profiles\i2blparj.default\Mail\pop.serviciodecorreo.es\msgFilterRules.dat,Mail/pop.serviciodecorreo.es,Remitente termina con: @esneagri.com,yes,337,Move to folder,ESNEAGRI,"AND (from,ends with,@esneagri.com)",1,from,ends with
C:\Users\gines\AppData\Roaming\Thunderbird\Profiles\i2blparj.default\Mail\pop.serviciodecorreo.es\msgFilterRules.dat,Mail/pop.serviciodecorreo.es,nertor,yes,337,Move to folder,NER-TOR,"AND (from,ends with,@nertor.com)",1,from,ends with
C:\Users\gines\AppData\Roaming\Thunderbird\Profiles\i2blparj.default\Mail\pop.serviciodecorreo.es\msgFilterRules.dat,Mail/pop.serviciodecorreo.es,Remitente es: pedidos@fmg-eu.com,yes,337,Move to folder,RH,"AND (from,is,pedidos@fmg-eu.com)",1,from,is
C:\Users\gines\AppData\Roaming\Thunderbird\Profiles\i2blparj.default\Mail\pop.serviciodecorreo.es\msgFilterRules.dat,Mail/pop.serviciodecorreo.es,Remitente es: mbernal@azurglobal.es,yes,337,Move to folder,AZUR GLOBAL,"AND (from,is,mbernal@azurglobal.es)",1,from,is
C:\Users\gines\AppData\Roaming\Thunderbird\Profiles\i2blparj.default\Mail\pop.serviciodecorreo.es\msgFilterRules.dat,Mail/pop.serviciodecorreo.es,Remitente es: spain@nrf.eu,yes,337,Move to folder,NRF,"AND (from,is,spain@nrf.eu)",1,from,is
C:\Users\gines\AppData\Roaming\Thunderbird\Profiles\i2blparj.default\Mail\pop.serviciodecorreo.es\msgFilterRules.dat,Mail/pop.serviciodecorreo.es,DAISA,yes,337,Move to folder,DAISA - VARTA,"AND (from,ends with,@daisa.es)",1,from,ends with
C:\Users\gines\AppData\Roaming\Thunderbird\Profiles\i2blparj.default\Mail\pop.serviciodecorreo.es\msgFilterRules.dat,Mail/pop.serviciodecorreo.es,FEBEST,yes,337,Move to folder,FEBEST - RUMBO NORTE,"AND (from,ends with,@rumbonorterecambios.com)",1,from,ends with
C:\Users\gines\AppData\Roaming\Thunderbird\Profiles\i2blparj.default\Mail\pop.serviciodecorreo.es\msgFilterRules.dat,Mail/pop.serviciodecorreo.es,CHEMA,yes,321,Move to folder,CHEMA NEUMATICOS,"AND (from,contains,@gruposalasaguila.es)",1,from,contains
C:\Users\gines\AppData\Roaming\Thunderbird\Profiles\i2blparj.default\Mail\pop.serviciodecorreo.es\msgFilterRules.dat,Mail/pop.serviciodecorreo.es,EXIDE,yes,321,Move to folder,EXIDE,"AND (from,contains,@exidegroup.com)",1,from,contains
C:\Users\gines\AppData\Roaming\Thunderbird\Profiles\i2blparj.default\Mail\pop.serviciodecorreo.es\msgFilterRules.dat,Mail/pop.serviciodecorreo.es,Remitente es: dani.vicente@meat-doria.es,yes,17,Move to folder,MEAT-DORIA,"OR (from,is,dani.vicente@meat-doria.es) OR (from,ends with,@meat-doria.es)",2,from,ends with;is
C:\Users\gines\AppData\Roaming\Thunderbird\Profiles\i2blparj.default\Mail\pop.serviciodecorreo.es\msgFilterRules.dat,Mail/pop.serviciodecorreo.es,Remitente es: soporte@sesametime.com,yes,17,Move to folder,SESAME,"OR (from,is,soporte@sesametime.com) OR (from,ends with,@sesametime.com) OR (from,ends with,@sesamehr.com) OR (from,ends with,support@sesametime.com.hs-inbox.com) OR (from,contains,sesame)",5,from,contains;ends with;is
C:\Users\gines\AppData\Roaming\Thunderbird\Profiles\i2blparj.default\Mail\pop.serviciodecorreo.es\msgFilterRules.dat,Mail/pop.serviciodecorreo.es,Remitente es: kike@multirecambioshm.com,yes,17,Move to folder,MULTIRECAMBIOS HM,"OR (from,is,kike@multirecambioshm.com) OR (from,ends with,@multirecambioshm.com)",2,from,ends with;is
C:\Users\gines\AppData\Roaming\Thunderbird\Profiles\i2blparj.default\Mail\pop.serviciodecorreo.es\msgFilterRules.dat,Mail/pop.serviciodecorreo.es,Remitente es: SGonzalez@solaufil.com,yes,17,Move to folder,MECAFILTER,"OR (from,is,SGonzalez@solaufil.com) OR (from,is,contact@mecafilter-info.com) OR (from,ends with,@mecafilter-info.com)",3,from,ends with;is
C:\Users\gines\AppData\Roaming\Thunderbird\Profiles\i2blparj.default\Mail\pop.serviciodecorreo.es\msgFilterRules.dat,Mail/pop.serviciodecorreo.es,Remitente es: invoices@frigair-iberia.com,yes,17,Move to folder,FRIG AIR,"OR (from,is,invoices@frigair-iberia.com) OR (from,ends with,@frigair-iberia.com)",2,from,ends with;is
C:\Users\gines\AppData\Roaming\Thunderbird\Profiles\i2blparj.default\Mail\pop.serviciodecorreo.es\msgFilterRules.dat,Mail/pop.serviciodecorreo.es,Remitente es: gachino@algogroup.net,yes,337,Move to folder,ALGO GROUP,"OR (from,is,gachino@algogroup.net) OR (from,ends with,@algogroup.net)",2,from,ends with;is
C:\Users\gines\AppData\Roaming\Thunderbird\Profiles\i2blparj.default\Mail\pop.serviciodecorreo.es\msgFilterRules.dat,Mail/pop.serviciodecorreo.es,Remitente termina con: sjurado@absoal.com,yes,17,Move to folder,ABSOAL,"AND (from,ends with,sjurado@absoal.com)",1,from,ends with
C:\Users\gines\AppData\Roaming\Thunderbird\Profiles\i2blparj.default\Mail\pop.serviciodecorreo.es\msgFilterRules.dat,Mail/pop.serviciodecorreo.es,Remitente es: ignacio.gutierrez@exidegroup.com,yes,17,Move to folder,EXIDE,"AND (from,is,ignacio.gutierrez@exidegroup.com)",1,from,is
C:\Users\gines\AppData\Roaming\Thunderbird\Profiles\i2blparj.default\Mail\pop.serviciodecorreo.es\msgFilterRules.dat,Mail/pop.serviciodecorreo.es,FARE,yes,337,Move to folder,FARE,"AND (from,ends with,@fare-auto.com)",1,from,ends with
C:\Users\gines\AppData\Roaming\Thunderbird\Profiles\i2blparj.default\Mail\pop.serviciodecorreo.es\msgFilterRules.dat,Mail/pop.serviciodecorreo.es,Remitente termina con: @ceapi.es,yes,337,Move to folder,CEAPI,"AND (from,ends with,@ceapi.es)",1,from,ends with
C:\Users\gines\AppData\Roaming\Thunderbird\Profiles\i2blparj.default\Mail\pop.serviciodecorreo.es\msgFilterRules.dat,Mail/pop.serviciodecorreo.es,ngl,yes,337,Move to folder,NGK,"AND (from,ends with,@ngk.es)",1,from,ends with
C:\Users\gines\AppData\Roaming\Thunderbird\Profiles\i2blparj.default\Mail\pop.serviciodecorreo.es\msgFilterRules.dat,Mail/pop.serviciodecorreo.es,Remitente termina con: @exclusivasbcn.com,yes,337,Move to folder,EXCLUSIVAS BCN,"AND (from,ends with,@exclusivasbcn.com)",1,from,ends with
C:\Users\gines\AppData\Roaming\Thunderbird\Profiles\i2blparj.default\Mail\pop.serviciodecorreo.es\msgFilterRules.dat,Mail/pop.serviciodecorreo.es,Remitente es: facturacion@filtroscartes.net,yes,337,Move to folder,FILTROS CARTES,"AND (from,is,facturacion@filtroscartes.net)",1,from,is
C:\Users\gines\AppData\Roaming\Thunderbird\Profiles\i2blparj.default\Mail\pop.serviciodecorreo.es\msgFilterRules.dat,Mail/pop.serviciodecorreo.es,Remitente termina con: @valeo.com,yes,337,Move to folder,VALEO,"AND (from,ends with,@valeo.com)",1,from,ends with
C:\Users\gines\AppData\Roaming\Thunderbird\Profiles\i2blparj.default\Mail\pop.serviciodecorreo.es\msgFilterRules.dat,Mail/pop.serviciodecorreo.es,hernandez,yes,17,Move to folder,REPRESENTACIONES HERNANDEZ,"AND (from,ends with,@rhernandez.com)",1,from,ends with
C:\Users\gines\AppData\Roaming\Thunderbird\Profiles\i2blparj.default\Mail\pop.serviciodecorreo.es\msgFilterRules.dat,Mail/pop.serviciodecorreo.es,SWAG,yes,17,Move to folder,BLISTEIN - SWAG,"AND (from,ends with,@bilsteingroup.com)",1,from,ends with
C:\Users\gines\AppData\Roaming\Thunderbird\Profiles\i2blparj.default\Mail\pop.serviciodecorreo.es\msgFilterRules.dat,Mail/pop.serviciodecorreo.es,Remitente termina con: @michelin.com,yes,337,Move to folder,MICHELIN,"AND (from,ends with,@michelin.com)",1,from,ends with
C:\Users\gines\AppData\Roaming\Thunderbird\Profiles\i2blparj.default\Mail\pop.serviciodecorreo.es\msgFilterRules.dat,Mail/pop.serviciodecorreo.es,SASH,yes,337,Move to folder,SASH51a13cd2,"AND (from,ends with,@lubricantes-sash.com)",1,from,ends with
C:\Users\gines\AppData\Roaming\Thunderbird\Profiles\i2blparj.default\Mail\pop.serviciodecorreo.es\msgFilterRules.dat,Mail/pop.serviciodecorreo.es,BRIDGE,yes,337,Move to folder,BRIDGESTONE,"AND (from,is,BridgestoneAttCliente@bridgestone.eu)",1,from,is
C:\Users\gines\AppData\Roaming\Thunderbird\Profiles\i2blparj.default\Mail\pop.serviciodecorreo.es\msgFilterRules.dat,Mail/pop.serviciodecorreo.es,CECAUTO,yes,337,Move to folder,CECAUTO,"AND (from,ends with,@cecauto.com)",1,from,ends with
C:\Users\gines\AppData\Roaming\Thunderbird\Profiles\i2blparj.default\Mail\pop.serviciodecorreo.es\msgFilterRules.dat,Mail/pop.serviciodecorreo.es,MKD,yes,337,Move to folder,MKD RECAMBIOS,"OR (from,ends with,@mkdrecambios.com) OR (from,ends with,@mkdautomotive.com) OR (from,ends with,@grupomobius.com)",3,from,ends with
C:\Users\gines\AppData\Roaming\Thunderbird\Profiles\i2blparj.default\Mail\pop.serviciodecorreo.es\msgFilterRules.dat,Mail/pop.serviciodecorreo.es,NERTOR,yes,337,Move to folder,NER-TOR,"AND (from,ends with,@nertor.com)",1,from,ends with
C:\Users\gines\AppData\Roaming\Thunderbird\Profiles\i2blparj.default\Mail\pop.serviciodecorreo.es\msgFilterRules.dat,Mail/pop.serviciodecorreo.es,CRUZBER,yes,337,Move to folder,CRUZBER,"AND (from,ends with,@cruzber.com)",1,from,ends with
C:\Users\gines\AppData\Roaming\Thunderbird\Profiles\i2blparj.default\Mail\pop.serviciodecorreo.es\msgFilterRules.dat,Mail/pop.serviciodecorreo.es,CONTICORR,yes,337,Move to folder,CONTINENTAL CORREAS,"OR (from,ends with,@france.contitech.de) OR (from,ends with,@contitech.es)",2,from,ends with
C:\Users\gines\AppData\Roaming\Thunderbird\Profiles\i2blparj.default\Mail\pop.serviciodecorreo.es\msgFilterRules.dat,Mail/pop.serviciodecorreo.es,PEMEBLA,yes,337,Move to folder,PEMEBLA,"AND (from,ends with,postventa@pemebla.com)",1,from,ends with
C:\Users\gines\AppData\Roaming\Thunderbird\Profiles\i2blparj.default\Mail\pop.serviciodecorreo.es\msgFilterRules.dat,Mail/pop.serviciodecorreo.es,IPARLUX,yes,17,Move to folder,IPARLUX,"AND (from,ends with,@iparlux.es)",1,from,ends with
C:\Users\gines\AppData\Roaming\Thunderbird\Profiles\i2blparj.default\Mail\pop.serviciodecorreo.es\msgFilterRules.dat,Mail/pop.serviciodecorreo.es,TOP,yes,17,Move to folder,TOP RECAMBIOS,"AND (from,is,garantias@toprecambios.com)",1,from,is
C:\Users\gines\AppData\Roaming\Thunderbird\Profiles\i2blparj.default\Mail\pop.serviciodecorreo.es\msgFilterRules.dat,Mail/pop.serviciodecorreo.es,ALKAR,yes,337,Move to folder,ALKAR,"AND (from,contains,@alkar.es)",1,from,contains
C:\Users\gines\AppData\Roaming\Thunderbird\Profiles\i2blparj.default\Mail\pop.serviciodecorreo.es\msgFilterRules.dat,Mail/pop.serviciodecorreo.es,SERNE,yes,337,Move to folder,SERNESA,"OR (from,ends with,@sernesa.com)",1,from,ends with
C:\Users\gines\AppData\Roaming\Thunderbird\Profiles\i2blparj.default\Mail\pop.serviciodecorreo.es\msgFilterRules.dat,Mail/pop.serviciodecorreo.es,TECCOM,yes,17,Move to folder,TECCOM,"AND (from,is,info@info.tecalliance.net)",1,from,is
C:\Users\gines\AppData\Roaming\Thunderbird\Profiles\i2blparj.default\Mail\pop.serviciodecorreo.es\msgFilterRules.dat,Mail/pop.serviciodecorreo.es,OPTIMAL,yes,337,Move to folder,OPTIMAL,"AND (from,ends with,@optimal-spain.com)",1,from,ends with
C:\Users\gines\AppData\Roaming\Thunderbird\Profiles\i2blparj.default\Mail\pop.serviciodecorreo.es\msgFilterRules.dat,Mail/pop.serviciodecorreo.es,NRF,yes,337,Move to folder,NRF,"AND (from,ends with,@nrf.eu)",1,from,ends with
C:\Users\gines\AppData\Roaming\Thunderbird\Profiles\i2blparj.default\Mail\pop.serviciodecorreo.es\msgFilterRules.dat,Mail/pop.serviciodecorreo.es,ARVERA,yes,321,Move to folder,ARVERA12ef9588,"OR (from,is,castellanoarvera@serca.es) OR (from,is,info@arvera.es) OR (from,is,jantonioarvera@serca.es) OR (from,is,antonioarvera@serca.es) OR (from,is,cayuela@serca.es) OR (from,is,amiguelarvera@serca.es)",6,from,is
C:\Users\gines\AppData\Roaming\Thunderbird\Profiles\i2blparj.default\Mail\pop.serviciodecorreo.es\msgFilterRules.dat,Mail/pop.serviciodecorreo.es,ANDRES,yes,337,Move to folder,NEUMATICOS ANDRES,"OR (from,is,blascima@grupoandres.com) OR (from,contains,@grupoandres.com)",2,from,contains;is
C:\Users\gines\AppData\Roaming\Thunderbird\Profiles\i2blparj.default\Mail\pop.serviciodecorreo.es\msgFilterRules.dat,Mail/pop.serviciodecorreo.es,EACLIMA,yes,337,Move to folder,EACLIMA,"OR (from,is,m.gonzalez@teasa.net) OR (from,contains,Electro Auto) OR (from,ends with,@eaclima.es)",3,from,contains;ends with;is
